{
  "fitnessActivity": "walking",
  "startTime": "2022-03-02T11:55:07Z",
  "endTime": "2022-03-02T12:26:30Z",
  "duration": "1883s",
  "segment": [{
    "fitnessActivity": "walking",
    "startTime": "2022-03-02T11:55:07Z",
    "endTime": "2022-03-02T12:26:30Z"
  }],
  "aggregate": [{
    "metricName": "com.google.heart_minutes.summary",
    "floatValue": 17.0
  }, {
    "metricName": "com.google.calories.expended",
    "floatValue": 284.0
  }, {
    "metricName": "com.google.step_count.delta",
    "intValue": 2484
  }, {
    "metricName": "com.google.distance.delta",
    "floatValue": 1830.0066807428996
  }, {
    "metricName": "com.google.speed.summary",
    "floatValue": 0.9952499464154244
  }, {
    "metricName": "com.google.active_minutes",
    "intValue": 26
  }]
}