{
  "fitnessActivity": "walking",
  "startTime": "2022-03-04T11:47:12Z",
  "endTime": "2022-03-04T12:04:18Z",
  "duration": "1026s",
  "segment": [{
    "fitnessActivity": "walking",
    "startTime": "2022-03-04T11:47:12Z",
    "endTime": "2022-03-04T12:04:18Z"
  }],
  "aggregate": [{
    "metricName": "com.google.calories.expended",
    "floatValue": 157.0
  }, {
    "metricName": "com.google.step_count.delta",
    "intValue": 221
  }, {
    "metricName": "com.google.distance.delta",
    "floatValue": 167.1150007724762
  }, {
    "metricName": "com.google.speed.summary",
    "floatValue": 0.26427775770425793
  }, {
    "metricName": "com.google.active_minutes",
    "intValue": 1
  }]
}