{
  "fitnessActivity": "running",
  "startTime": "2022-03-01T11:45:58Z",
  "endTime": "2022-03-01T12:02:03Z",
  "duration": "965s",
  "segment": [{
    "fitnessActivity": "running",
    "startTime": "2022-03-01T11:45:58Z",
    "endTime": "2022-03-01T12:02:03Z"
  }],
  "aggregate": [{
    "metricName": "com.google.heart_minutes.summary",
    "floatValue": 24.0
  }, {
    "metricName": "com.google.calories.expended",
    "floatValue": 201.0
  }, {
    "metricName": "com.google.step_count.delta",
    "intValue": 2030
  }, {
    "metricName": "com.google.distance.delta",
    "floatValue": 1626.1833320617675
  }, {
    "metricName": "com.google.speed.summary",
    "floatValue": 1.6875554243723552
  }, {
    "metricName": "com.google.active_minutes",
    "intValue": 17
  }]
}