{
  "fitnessActivity": "walking",
  "startTime": "2022-02-27T13:51:08Z",
  "endTime": "2022-02-27T14:14:11Z",
  "duration": "1383s",
  "segment": [{
    "fitnessActivity": "walking",
    "startTime": "2022-02-27T13:51:08Z",
    "endTime": "2022-02-27T14:14:11Z"
  }],
  "aggregate": [{
    "metricName": "com.google.calories.expended",
    "floatValue": 192.0
  }, {
    "metricName": "com.google.step_count.delta",
    "intValue": 1601
  }, {
    "metricName": "com.google.distance.delta",
    "floatValue": 1212.8566703160602
  }, {
    "metricName": "com.google.speed.summary",
    "floatValue": 0.8857196379791608
  }, {
    "metricName": "com.google.active_minutes",
    "intValue": 23
  }]
}