{
  "fitnessActivity": "walking",
  "startTime": "2022-02-28T11:38:45Z",
  "endTime": "2022-02-28T12:12:48Z",
  "duration": "2043s",
  "segment": [{
    "fitnessActivity": "walking",
    "startTime": "2022-02-28T11:38:45Z",
    "endTime": "2022-02-28T12:12:48Z"
  }],
  "aggregate": [{
    "metricName": "com.google.heart_minutes.summary",
    "floatValue": 15.0
  }, {
    "metricName": "com.google.calories.expended",
    "floatValue": 322.0
  }, {
    "metricName": "com.google.step_count.delta",
    "intValue": 2729
  }, {
    "metricName": "com.google.distance.delta",
    "floatValue": 2130.7299949645994
  }, {
    "metricName": "com.google.speed.summary",
    "floatValue": 1.10621204746492
  }, {
    "metricName": "com.google.active_minutes",
    "intValue": 30
  }]
}