{
  "fitnessActivity": "walking",
  "startTime": "2023-02-27T11:45:58Z",
  "endTime": "2023-02-27T11:57:55Z",
  "duration": "717s",
  "segment": [{
    "fitnessActivity": "walking",
    "startTime": "2023-02-27T11:45:58Z",
    "endTime": "2023-02-27T11:57:55Z"
  }],
  "aggregate": [{
    "metricName": "com.google.heart_minutes.summary",
    "floatValue": 12.0
  }, {
    "metricName": "com.google.calories.expended",
    "floatValue": 77.20671794509887
  }, {
    "metricName": "com.google.step_count.delta",
    "intValue": 1307
  }, {
    "metricName": "com.google.distance.delta",
    "floatValue": 1074.7272834243665
  }, {
    "metricName": "com.google.speed.summary",
    "floatValue": 1.5286080315602288
  }, {
    "metricName": "com.google.active_minutes",
    "intValue": 12
  }]
}