{
  "fitnessActivity": "walking",
  "startTime": "2023-03-03T11:25:02Z",
  "endTime": "2023-03-03T11:53:12Z",
  "duration": "1690s",
  "segment": [{
    "fitnessActivity": "walking",
    "startTime": "2023-03-03T11:25:02Z",
    "endTime": "2023-03-03T11:53:12Z"
  }],
  "aggregate": [{
    "metricName": "com.google.heart_minutes.summary",
    "floatValue": 23.0
  }, {
    "metricName": "com.google.calories.expended",
    "floatValue": 171.5405449973212
  }, {
    "metricName": "com.google.step_count.delta",
    "intValue": 2886
  }, {
    "metricName": "com.google.distance.delta",
    "floatValue": 2290.635420110518
  }, {
    "metricName": "com.google.speed.summary",
    "floatValue": 1.4250226919981233
  }, {
    "metricName": "com.google.active_minutes",
    "intValue": 27
  }]
}