{
  "fitnessActivity": "walking",
  "startTime": "2023-02-21T22:19:30Z",
  "endTime": "2023-02-21T22:38:17Z",
  "duration": "1127s",
  "segment": [{
    "fitnessActivity": "walking",
    "startTime": "2023-02-21T22:19:30Z",
    "endTime": "2023-02-21T22:38:17Z"
  }],
  "aggregate": [{
    "metricName": "com.google.heart_minutes.summary",
    "floatValue": 9.0
  }, {
    "metricName": "com.google.calories.expended",
    "floatValue": 121.35560826237996
  }, {
    "metricName": "com.google.step_count.delta",
    "intValue": 1803
  }, {
    "metricName": "com.google.distance.delta",
    "floatValue": 1372.767782518399
  }, {
    "metricName": "com.google.speed.summary",
    "floatValue": 1.235059989222766
  }, {
    "metricName": "com.google.active_minutes",
    "intValue": 19
  }]
}