{
  "fitnessActivity": "walking",
  "startTime": "2023-02-19T20:59:28Z",
  "endTime": "2023-02-19T21:32:45Z",
  "duration": "1997s",
  "segment": [{
    "fitnessActivity": "walking",
    "startTime": "2023-02-19T20:59:28Z",
    "endTime": "2023-02-19T21:32:45Z"
  }],
  "aggregate": [{
    "metricName": "com.google.heart_minutes.summary",
    "floatValue": 24.0
  }, {
    "metricName": "com.google.calories.expended",
    "floatValue": 215.0373999112447
  }, {
    "metricName": "com.google.step_count.delta",
    "intValue": 3343
  }, {
    "metricName": "com.google.distance.delta",
    "floatValue": 2567.3190219541743
  }, {
    "metricName": "com.google.speed.summary",
    "floatValue": 1.3226142454562244
  }, {
    "metricName": "com.google.active_minutes",
    "intValue": 33
  }]
}