{
  "fitnessActivity": "sleep",
  "startTime": "2023-03-08T01:53:00Z",
  "endTime": "2023-03-08T11:09:00Z",
  "duration": "33360s",
  "aggregate": [{
    "metricName": "com.google.calories.expended",
    "floatValue": 732.9883067869478
  }, {
    "metricName": "com.google.step_count.delta",
    "intValue": 246
  }, {
    "metricName": "com.google.distance.delta",
    "floatValue": 136.61243259516635
  }, {
    "metricName": "com.google.speed.summary",
    "floatValue": 0.4969636708133563
  }, {
    "metricName": "com.google.active_minutes",
    "intValue": 5
  }]
}