{
  "fitnessActivity": "sleep",
  "startTime": "2023-03-04T03:54:30Z",
  "endTime": "2023-03-04T12:11:30Z",
  "duration": "29820s",
  "aggregate": [{
    "metricName": "com.google.calories.expended",
    "floatValue": 653.1701820755171
  }, {
    "metricName": "com.google.step_count.delta",
    "intValue": 313
  }, {
    "metricName": "com.google.distance.delta",
    "floatValue": 146.47106175151856
  }, {
    "metricName": "com.google.speed.summary",
    "floatValue": 0.4272143836816571
  }, {
    "metricName": "com.google.active_minutes",
    "intValue": 5
  }]
}