{
  "fitnessActivity": "walking",
  "startTime": "2023-03-08T11:25:13Z",
  "endTime": "2023-03-08T11:36:19Z",
  "duration": "666s",
  "segment": [{
    "fitnessActivity": "walking",
    "startTime": "2023-03-08T11:25:13Z",
    "endTime": "2023-03-08T11:36:19Z"
  }],
  "aggregate": [{
    "metricName": "com.google.heart_minutes.summary",
    "floatValue": 9.0
  }, {
    "metricName": "com.google.calories.expended",
    "floatValue": 68.0160920639038
  }, {
    "metricName": "com.google.step_count.delta",
    "intValue": 1246
  }, {
    "metricName": "com.google.distance.delta",
    "floatValue": 1001.5907779260856
  }, {
    "metricName": "com.google.speed.summary",
    "floatValue": 1.4958010755285343
  }, {
    "metricName": "com.google.active_minutes",
    "intValue": 11
  }]
}