{
  "fitnessActivity": "walking",
  "startTime": "2023-03-07T19:26:44Z",
  "endTime": "2023-03-07T19:42:06Z",
  "duration": "922s",
  "segment": [{
    "fitnessActivity": "walking",
    "startTime": "2023-03-07T19:26:44Z",
    "endTime": "2023-03-07T19:42:06Z"
  }],
  "aggregate": [{
    "metricName": "com.google.heart_minutes.summary",
    "floatValue": 4.0
  }, {
    "metricName": "com.google.calories.expended",
    "floatValue": 94.16041574011908
  }, {
    "metricName": "com.google.step_count.delta",
    "intValue": 1193
  }, {
    "metricName": "com.google.distance.delta",
    "floatValue": 880.2595345486769
  }, {
    "metricName": "com.google.speed.summary",
    "floatValue": 1.0348187900733097
  }, {
    "metricName": "com.google.active_minutes",
    "intValue": 15
  }]
}