{
  "fitnessActivity": "running",
  "startTime": "2023-02-23T12:05:36Z",
  "endTime": "2023-02-23T12:17:35Z",
  "duration": "719s",
  "segment": [{
    "fitnessActivity": "running",
    "startTime": "2023-02-23T12:05:36Z",
    "endTime": "2023-02-23T12:17:35Z"
  }],
  "aggregate": [{
    "metricName": "com.google.heart_minutes.summary",
    "floatValue": 15.0
  }, {
    "metricName": "com.google.calories.expended",
    "floatValue": 152.80673365592958
  }, {
    "metricName": "com.google.step_count.delta",
    "intValue": 1386
  }, {
    "metricName": "com.google.distance.delta",
    "floatValue": 1276.1786579918155
  }, {
    "metricName": "com.google.speed.summary",
    "floatValue": 1.801895162989561
  }, {
    "metricName": "com.google.active_minutes",
    "intValue": 12
  }]
}