{
  "fitnessActivity": "walking",
  "startTime": "2023-03-13T22:07:10Z",
  "endTime": "2023-03-13T22:21:40Z",
  "duration": "870s",
  "segment": [{
    "fitnessActivity": "walking",
    "startTime": "2023-03-13T22:07:10Z",
    "endTime": "2023-03-13T22:21:40Z"
  }],
  "aggregate": [{
    "metricName": "com.google.heart_minutes.summary",
    "floatValue": 5.0
  }, {
    "metricName": "com.google.calories.expended",
    "floatValue": 88.59987824757894
  }, {
    "metricName": "com.google.step_count.delta",
    "intValue": 1267
  }, {
    "metricName": "com.google.distance.delta",
    "floatValue": 945.7004715885215
  }, {
    "metricName": "com.google.speed.summary",
    "floatValue": 1.0962440078023896
  }, {
    "metricName": "com.google.active_minutes",
    "intValue": 13
  }]
}