{
  "fitnessActivity": "walking",
  "startTime": "2023-03-04T21:44:38Z",
  "endTime": "2023-03-04T21:59:09Z",
  "duration": "871s",
  "segment": [{
    "fitnessActivity": "walking",
    "startTime": "2023-03-04T21:44:38Z",
    "endTime": "2023-03-04T21:59:09Z"
  }],
  "aggregate": [{
    "metricName": "com.google.heart_minutes.summary",
    "floatValue": 6.0
  }, {
    "metricName": "com.google.calories.expended",
    "floatValue": 88.70171718809338
  }, {
    "metricName": "com.google.step_count.delta",
    "intValue": 1310
  }, {
    "metricName": "com.google.distance.delta",
    "floatValue": 987.3940607278423
  }, {
    "metricName": "com.google.speed.summary",
    "floatValue": 1.1796029532070729
  }, {
    "metricName": "com.google.active_minutes",
    "intValue": 15
  }]
}