{
  "fitnessActivity": "walking",
  "startTime": "2023-02-22T22:04:39Z",
  "endTime": "2023-02-22T22:17:25Z",
  "duration": "766s",
  "segment": [{
    "fitnessActivity": "walking",
    "startTime": "2023-02-22T22:04:39Z",
    "endTime": "2023-02-22T22:17:25Z"
  }],
  "aggregate": [{
    "metricName": "com.google.heart_minutes.summary",
    "floatValue": 7.0
  }, {
    "metricName": "com.google.calories.expended",
    "floatValue": 82.48304873911539
  }, {
    "metricName": "com.google.step_count.delta",
    "intValue": 1160
  }, {
    "metricName": "com.google.distance.delta",
    "floatValue": 880.9938602059655
  }, {
    "metricName": "com.google.speed.summary",
    "floatValue": 1.1971894078730358
  }, {
    "metricName": "com.google.active_minutes",
    "intValue": 13
  }]
}