{
  "fitnessActivity": "walking",
  "startTime": "2023-02-22T11:48:05Z",
  "endTime": "2023-02-22T12:16:17Z",
  "duration": "1692s",
  "segment": [{
    "fitnessActivity": "walking",
    "startTime": "2023-02-22T11:48:05Z",
    "endTime": "2023-02-22T12:16:17Z"
  }],
  "aggregate": [{
    "metricName": "com.google.heart_minutes.summary",
    "floatValue": 27.0
  }, {
    "metricName": "com.google.calories.expended",
    "floatValue": 182.19493272399902
  }, {
    "metricName": "com.google.step_count.delta",
    "intValue": 3045
  }, {
    "metricName": "com.google.distance.delta",
    "floatValue": 2446.655316501293
  }, {
    "metricName": "com.google.speed.summary",
    "floatValue": 1.4895860028832226
  }, {
    "metricName": "com.google.active_minutes",
    "intValue": 28
  }]
}