{
  "fitnessActivity": "walking",
  "startTime": "2023-02-28T11:59:30Z",
  "endTime": "2023-02-28T12:43:01Z",
  "duration": "2611s",
  "segment": [{
    "fitnessActivity": "walking",
    "startTime": "2023-02-28T11:59:30Z",
    "endTime": "2023-02-28T12:43:01Z"
  }],
  "aggregate": [{
    "metricName": "com.google.calories.expended",
    "floatValue": 271.5265840814378
  }, {
    "metricName": "com.google.step_count.delta",
    "intValue": 3228
  }, {
    "metricName": "com.google.distance.delta",
    "floatValue": 2311.701280656765
  }, {
    "metricName": "com.google.speed.summary",
    "floatValue": 0.8846106260546088
  }, {
    "metricName": "com.google.active_minutes",
    "intValue": 43
  }]
}