{
  "fitnessActivity": "walking",
  "startTime": "2023-02-26T19:14:36Z",
  "endTime": "2023-02-26T19:24:51Z",
  "duration": "615s",
  "segment": [{
    "fitnessActivity": "walking",
    "startTime": "2023-02-26T19:14:36Z",
    "endTime": "2023-02-26T19:24:51Z"
  }],
  "aggregate": [{
    "metricName": "com.google.calories.expended",
    "floatValue": 66.22333547592162
  }, {
    "metricName": "com.google.step_count.delta",
    "intValue": 612
  }, {
    "metricName": "com.google.distance.delta",
    "floatValue": 430.78672923201714
  }, {
    "metricName": "com.google.speed.summary",
    "floatValue": 0.6931149112539704
  }, {
    "metricName": "com.google.active_minutes",
    "intValue": 10
  }]
}