{
  "fitnessActivity": "walking",
  "startTime": "2023-03-10T11:50:43Z",
  "endTime": "2023-03-10T12:12:03Z",
  "duration": "1280s",
  "segment": [{
    "fitnessActivity": "walking",
    "startTime": "2023-03-10T11:50:43Z",
    "endTime": "2023-03-10T12:12:03Z"
  }],
  "aggregate": [{
    "metricName": "com.google.heart_minutes.summary",
    "floatValue": 15.0
  }, {
    "metricName": "com.google.calories.expended",
    "floatValue": 130.35384385850693
  }, {
    "metricName": "com.google.step_count.delta",
    "intValue": 2009
  }, {
    "metricName": "com.google.distance.delta",
    "floatValue": 1551.8002578198953
  }, {
    "metricName": "com.google.speed.summary",
    "floatValue": 1.279996212410806
  }, {
    "metricName": "com.google.active_minutes",
    "intValue": 21
  }]
}