{
  "fitnessActivity": "walking",
  "startTime": "2023-03-05T20:46:55Z",
  "endTime": "2023-03-05T21:10:48Z",
  "duration": "1433s",
  "segment": [{
    "fitnessActivity": "walking",
    "startTime": "2023-03-05T20:46:55Z",
    "endTime": "2023-03-05T21:10:48Z"
  }],
  "aggregate": [{
    "metricName": "com.google.heart_minutes.summary",
    "floatValue": 13.0
  }, {
    "metricName": "com.google.calories.expended",
    "floatValue": 146.82613653352524
  }, {
    "metricName": "com.google.step_count.delta",
    "intValue": 2295
  }, {
    "metricName": "com.google.distance.delta",
    "floatValue": 1744.8661998340624
  }, {
    "metricName": "com.google.speed.summary",
    "floatValue": 1.228880979368763
  }, {
    "metricName": "com.google.active_minutes",
    "intValue": 24
  }]
}