{
  "fitnessActivity": "sleep",
  "startTime": "2023-03-18T03:15:00Z",
  "endTime": "2023-03-18T11:23:00Z",
  "duration": "29280s",
  "aggregate": [{
    "metricName": "com.google.calories.expended",
    "floatValue": 642.4197941097947
  }, {
    "metricName": "com.google.step_count.delta",
    "intValue": 371
  }, {
    "metricName": "com.google.distance.delta",
    "floatValue": 205.62283668963184
  }, {
    "metricName": "com.google.speed.summary",
    "floatValue": 0.43865762610170156
  }, {
    "metricName": "com.google.active_minutes",
    "intValue": 6
  }]
}