{
  "fitnessActivity": "walking",
  "startTime": "2023-03-13T10:42:20Z",
  "endTime": "2023-03-13T11:07:57Z",
  "duration": "1537s",
  "segment": [{
    "fitnessActivity": "walking",
    "startTime": "2023-03-13T10:42:20Z",
    "endTime": "2023-03-13T11:07:57Z"
  }],
  "aggregate": [{
    "metricName": "com.google.heart_minutes.summary",
    "floatValue": 27.0
  }, {
    "metricName": "com.google.calories.expended",
    "floatValue": 156.52645157072277
  }, {
    "metricName": "com.google.step_count.delta",
    "intValue": 2838
  }, {
    "metricName": "com.google.distance.delta",
    "floatValue": 2305.3619268130983
  }, {
    "metricName": "com.google.speed.summary",
    "floatValue": 1.5823679557371064
  }, {
    "metricName": "com.google.active_minutes",
    "intValue": 25
  }]
}