{
  "fitnessActivity": "walking",
  "startTime": "2023-02-26T19:41:57Z",
  "endTime": "2023-02-26T20:04:10Z",
  "duration": "1333s",
  "segment": [{
    "fitnessActivity": "walking",
    "startTime": "2023-02-26T19:41:57Z",
    "endTime": "2023-02-26T20:04:10Z"
  }],
  "aggregate": [{
    "metricName": "com.google.heart_minutes.summary",
    "floatValue": 15.0
  }, {
    "metricName": "com.google.calories.expended",
    "floatValue": 143.53773364130654
  }, {
    "metricName": "com.google.step_count.delta",
    "intValue": 2201
  }, {
    "metricName": "com.google.distance.delta",
    "floatValue": 1684.075174216319
  }, {
    "metricName": "com.google.speed.summary",
    "floatValue": 1.2965446660325173
  }, {
    "metricName": "com.google.active_minutes",
    "intValue": 23
  }]
}