{
  "fitnessActivity": "walking",
  "startTime": "2023-02-24T11:47:42Z",
  "endTime": "2023-02-24T12:09:56Z",
  "duration": "1334s",
  "segment": [{
    "fitnessActivity": "walking",
    "startTime": "2023-02-24T11:47:42Z",
    "endTime": "2023-02-24T12:09:56Z"
  }],
  "aggregate": [{
    "metricName": "com.google.heart_minutes.summary",
    "floatValue": 27.0
  }, {
    "metricName": "com.google.calories.expended",
    "floatValue": 143.6454138615926
  }, {
    "metricName": "com.google.step_count.delta",
    "intValue": 2519
  }, {
    "metricName": "com.google.distance.delta",
    "floatValue": 2066.6565088568123
  }, {
    "metricName": "com.google.speed.summary",
    "floatValue": 1.6487523325878595
  }, {
    "metricName": "com.google.active_minutes",
    "intValue": 22
  }]
}