{
  "fitnessActivity": "walking",
  "startTime": "2023-03-07T11:38:11Z",
  "endTime": "2023-03-07T11:50:08Z",
  "duration": "717s",
  "segment": [{
    "fitnessActivity": "walking",
    "startTime": "2023-03-07T11:38:11Z",
    "endTime": "2023-03-07T11:50:08Z"
  }],
  "aggregate": [{
    "metricName": "com.google.heart_minutes.summary",
    "floatValue": 6.0
  }, {
    "metricName": "com.google.calories.expended",
    "floatValue": 73.22453154627482
  }, {
    "metricName": "com.google.step_count.delta",
    "intValue": 1127
  }, {
    "metricName": "com.google.distance.delta",
    "floatValue": 852.9758321463032
  }, {
    "metricName": "com.google.speed.summary",
    "floatValue": 1.1809568973836073
  }, {
    "metricName": "com.google.active_minutes",
    "intValue": 12
  }]
}