{
  "fitnessActivity": "walking",
  "startTime": "2023-02-21T12:07:39Z",
  "endTime": "2023-02-21T12:34:05Z",
  "duration": "1586s",
  "segment": [{
    "fitnessActivity": "walking",
    "startTime": "2023-02-21T12:07:39Z",
    "endTime": "2023-02-21T12:34:05Z"
  }],
  "aggregate": [{
    "metricName": "com.google.heart_minutes.summary",
    "floatValue": 20.0
  }, {
    "metricName": "com.google.calories.expended",
    "floatValue": 170.78082937367753
  }, {
    "metricName": "com.google.step_count.delta",
    "intValue": 2536
  }, {
    "metricName": "com.google.distance.delta",
    "floatValue": 1989.5049735886478
  }, {
    "metricName": "com.google.speed.summary",
    "floatValue": 1.3210345444001346
  }, {
    "metricName": "com.google.active_minutes",
    "intValue": 26
  }]
}