{
  "fitnessActivity": "walking",
  "startTime": "2023-03-01T03:33:20Z",
  "endTime": "2023-03-01T03:48:42Z",
  "duration": "922s",
  "segment": [{
    "fitnessActivity": "walking",
    "startTime": "2023-03-01T03:33:20Z",
    "endTime": "2023-03-01T03:48:42Z"
  }],
  "aggregate": [{
    "metricName": "com.google.heart_minutes.summary",
    "floatValue": 4.0
  }, {
    "metricName": "com.google.calories.expended",
    "floatValue": 95.04293298594156
  }, {
    "metricName": "com.google.step_count.delta",
    "intValue": 1288
  }, {
    "metricName": "com.google.distance.delta",
    "floatValue": 950.780863900441
  }, {
    "metricName": "com.google.speed.summary",
    "floatValue": 1.0407397406166723
  }, {
    "metricName": "com.google.active_minutes",
    "intValue": 15
  }]
}