{
  "fitnessActivity": "walking",
  "startTime": "2023-03-18T20:04:01Z",
  "endTime": "2023-03-18T20:23:40Z",
  "duration": "1179s",
  "segment": [{
    "fitnessActivity": "walking",
    "startTime": "2023-03-18T20:04:01Z",
    "endTime": "2023-03-18T20:23:40Z"
  }],
  "aggregate": [{
    "metricName": "com.google.calories.expended",
    "floatValue": 120.68911705017089
  }, {
    "metricName": "com.google.step_count.delta",
    "intValue": 987
  }, {
    "metricName": "com.google.distance.delta",
    "floatValue": 678.425112760919
  }, {
    "metricName": "com.google.speed.summary",
    "floatValue": 0.6538027552490434
  }, {
    "metricName": "com.google.active_minutes",
    "intValue": 14
  }]
}