{
  "fitnessActivity": "sleep",
  "startTime": "2023-02-25T04:16:00Z",
  "endTime": "2023-02-25T13:06:00Z",
  "duration": "31800s",
  "aggregate": [{
    "metricName": "com.google.calories.expended",
    "floatValue": 718.0776425475876
  }, {
    "metricName": "com.google.step_count.delta",
    "intValue": 315
  }, {
    "metricName": "com.google.distance.delta",
    "floatValue": 160.55481768916457
  }, {
    "metricName": "com.google.speed.summary",
    "floatValue": 0.35258879422444456
  }, {
    "metricName": "com.google.active_minutes",
    "intValue": 3
  }]
}