{
  "fitnessActivity": "walking",
  "startTime": "2023-03-12T14:10:01Z",
  "endTime": "2023-03-12T14:40:44Z",
  "duration": "1843s",
  "segment": [{
    "fitnessActivity": "walking",
    "startTime": "2023-03-12T14:10:01Z",
    "endTime": "2023-03-12T14:40:44Z"
  }],
  "aggregate": [{
    "metricName": "com.google.heart_minutes.summary",
    "floatValue": 22.0
  }, {
    "metricName": "com.google.calories.expended",
    "floatValue": 187.6891673681471
  }, {
    "metricName": "com.google.step_count.delta",
    "intValue": 3047
  }, {
    "metricName": "com.google.distance.delta",
    "floatValue": 2431.7322294212295
  }, {
    "metricName": "com.google.speed.summary",
    "floatValue": 1.325120037385857
  }, {
    "metricName": "com.google.active_minutes",
    "intValue": 30
  }]
}