{
  "fitnessActivity": "walking",
  "startTime": "2023-02-24T22:39:04Z",
  "endTime": "2023-02-24T22:52:43Z",
  "duration": "819s",
  "segment": [{
    "fitnessActivity": "walking",
    "startTime": "2023-02-24T22:39:04Z",
    "endTime": "2023-02-24T22:52:43Z"
  }],
  "aggregate": [{
    "metricName": "com.google.heart_minutes.summary",
    "floatValue": 7.0
  }, {
    "metricName": "com.google.calories.expended",
    "floatValue": 88.19010041427612
  }, {
    "metricName": "com.google.step_count.delta",
    "intValue": 1265
  }, {
    "metricName": "com.google.distance.delta",
    "floatValue": 951.8219241664951
  }, {
    "metricName": "com.google.speed.summary",
    "floatValue": 1.2185222272483014
  }, {
    "metricName": "com.google.active_minutes",
    "intValue": 13
  }]
}