{
  "fitnessActivity": "walking",
  "startTime": "2023-03-02T11:40:37Z",
  "endTime": "2023-03-02T12:09:38Z",
  "duration": "1741s",
  "segment": [{
    "fitnessActivity": "walking",
    "startTime": "2023-03-02T11:40:37Z",
    "endTime": "2023-03-02T12:09:38Z"
  }],
  "aggregate": [{
    "metricName": "com.google.heart_minutes.summary",
    "floatValue": 20.0
  }, {
    "metricName": "com.google.calories.expended",
    "floatValue": 178.05139485126074
  }, {
    "metricName": "com.google.step_count.delta",
    "intValue": 2863
  }, {
    "metricName": "com.google.distance.delta",
    "floatValue": 2242.8430914901955
  }, {
    "metricName": "com.google.speed.summary",
    "floatValue": 1.3295516210100338
  }, {
    "metricName": "com.google.active_minutes",
    "intValue": 29
  }]
}