{
  "fitnessActivity": "walking",
  "startTime": "2023-02-28T20:27:19Z",
  "endTime": "2023-02-28T20:40:07Z",
  "duration": "768s",
  "segment": [{
    "fitnessActivity": "walking",
    "startTime": "2023-02-28T20:27:19Z",
    "endTime": "2023-02-28T20:40:07Z"
  }],
  "aggregate": [{
    "metricName": "com.google.calories.expended",
    "floatValue": 79.1680830078125
  }, {
    "metricName": "com.google.step_count.delta",
    "intValue": 943
  }, {
    "metricName": "com.google.distance.delta",
    "floatValue": 667.7978185284753
  }, {
    "metricName": "com.google.speed.summary",
    "floatValue": 0.8939328396929106
  }, {
    "metricName": "com.google.active_minutes",
    "intValue": 13
  }]
}