{
  "fitnessActivity": "sleep",
  "startTime": "2023-02-26T04:20:30Z",
  "endTime": "2023-02-26T12:31:30Z",
  "duration": "29460s",
  "aggregate": [{
    "metricName": "com.google.calories.expended",
    "floatValue": 665.2379669638972
  }, {
    "metricName": "com.google.step_count.delta",
    "intValue": 241
  }, {
    "metricName": "com.google.distance.delta",
    "floatValue": 76.05228206328847
  }, {
    "metricName": "com.google.speed.summary",
    "floatValue": 0.28885221607291534
  }, {
    "metricName": "com.google.active_minutes",
    "intValue": 1
  }]
}