{
  "fitnessActivity": "walking",
  "startTime": "2023-02-23T11:48:36Z",
  "endTime": "2023-02-23T12:05:36Z",
  "duration": "1020s",
  "segment": [{
    "fitnessActivity": "walking",
    "startTime": "2023-02-23T11:48:36Z",
    "endTime": "2023-02-23T12:05:36Z"
  }],
  "aggregate": [{
    "metricName": "com.google.heart_minutes.summary",
    "floatValue": 8.0
  }, {
    "metricName": "com.google.calories.expended",
    "floatValue": 109.83382469177245
  }, {
    "metricName": "com.google.step_count.delta",
    "intValue": 1384
  }, {
    "metricName": "com.google.distance.delta",
    "floatValue": 1059.6001909703134
  }, {
    "metricName": "com.google.speed.summary",
    "floatValue": 1.0990534986780727
  }, {
    "metricName": "com.google.active_minutes",
    "intValue": 15
  }]
}