{
  "fitnessActivity": "walking",
  "startTime": "2023-02-20T12:01:08Z",
  "endTime": "2023-02-20T12:27:41Z",
  "duration": "1593s",
  "segment": [{
    "fitnessActivity": "walking",
    "startTime": "2023-02-20T12:01:08Z",
    "endTime": "2023-02-20T12:27:41Z"
  }],
  "aggregate": [{
    "metricName": "com.google.heart_minutes.summary",
    "floatValue": 23.0
  }, {
    "metricName": "com.google.calories.expended",
    "floatValue": 171.53459091567993
  }, {
    "metricName": "com.google.step_count.delta",
    "intValue": 2768
  }, {
    "metricName": "com.google.distance.delta",
    "floatValue": 2183.765300349999
  }, {
    "metricName": "com.google.speed.summary",
    "floatValue": 1.4055649042383724
  }, {
    "metricName": "com.google.active_minutes",
    "intValue": 25
  }]
}