{
  "fitnessActivity": "sleep",
  "startTime": "2023-03-12T03:32:30Z",
  "endTime": "2023-03-12T12:25:30Z",
  "duration": "31980s",
  "aggregate": [{
    "metricName": "com.google.calories.expended",
    "floatValue": 701.6593243043457
  }, {
    "metricName": "com.google.step_count.delta",
    "intValue": 530
  }, {
    "metricName": "com.google.distance.delta",
    "floatValue": 289.4211845186256
  }, {
    "metricName": "com.google.speed.summary",
    "floatValue": 0.4306236036456264
  }, {
    "metricName": "com.google.active_minutes",
    "intValue": 7
  }]
}