{
  "fitnessActivity": "sleep",
  "startTime": "2023-03-01T03:56:30Z",
  "endTime": "2023-03-01T11:07:30Z",
  "duration": "25860s",
  "aggregate": [{
    "metricName": "com.google.calories.expended",
    "floatValue": 570.9118709209065
  }, {
    "metricName": "com.google.step_count.delta",
    "intValue": 78
  }, {
    "metricName": "com.google.distance.delta",
    "floatValue": 35.20938984411504
  }, {
    "metricName": "com.google.speed.summary",
    "floatValue": 0.5868329446176609
  }, {
    "metricName": "com.google.active_minutes",
    "intValue": 1
  }]
}