{
  "fitnessActivity": "walking",
  "startTime": "2023-03-14T10:42:08Z",
  "endTime": "2023-03-14T11:11:10Z",
  "duration": "1742s",
  "segment": [{
    "fitnessActivity": "walking",
    "startTime": "2023-03-14T10:42:08Z",
    "endTime": "2023-03-14T11:11:10Z"
  }],
  "aggregate": [{
    "metricName": "com.google.heart_minutes.summary",
    "floatValue": 16.0
  }, {
    "metricName": "com.google.calories.expended",
    "floatValue": 177.40343437618677
  }, {
    "metricName": "com.google.step_count.delta",
    "intValue": 2562
  }, {
    "metricName": "com.google.distance.delta",
    "floatValue": 1992.6947586147608
  }, {
    "metricName": "com.google.speed.summary",
    "floatValue": 1.238417450533271
  }, {
    "metricName": "com.google.active_minutes",
    "intValue": 26
  }]
}