{
  "fitnessActivity": "walking",
  "startTime": "2023-03-17T15:16:40Z",
  "endTime": "2023-03-17T16:21:32Z",
  "duration": "3892s",
  "segment": [{
    "fitnessActivity": "walking",
    "startTime": "2023-03-17T15:16:40Z",
    "endTime": "2023-03-17T16:21:32Z"
  }],
  "aggregate": [{
    "metricName": "com.google.calories.expended",
    "floatValue": 396.35715648227267
  }, {
    "metricName": "com.google.step_count.delta",
    "intValue": 2524
  }, {
    "metricName": "com.google.distance.delta",
    "floatValue": 1734.2255068991856
  }, {
    "metricName": "com.google.speed.summary",
    "floatValue": 0.534476543524688
  }, {
    "metricName": "com.google.active_minutes",
    "intValue": 44
  }]
}