{
  "fitnessActivity": "walking",
  "startTime": "2023-03-05T14:31:59Z",
  "endTime": "2023-03-05T15:02:44Z",
  "duration": "1845s",
  "segment": [{
    "fitnessActivity": "walking",
    "startTime": "2023-03-05T14:31:59Z",
    "endTime": "2023-03-05T15:02:44Z"
  }],
  "aggregate": [{
    "metricName": "com.google.heart_minutes.summary",
    "floatValue": 16.0
  }, {
    "metricName": "com.google.calories.expended",
    "floatValue": 187.89284524917602
  }, {
    "metricName": "com.google.step_count.delta",
    "intValue": 2880
  }, {
    "metricName": "com.google.distance.delta",
    "floatValue": 2221.5308382449766
  }, {
    "metricName": "com.google.speed.summary",
    "floatValue": 1.1942073569945637
  }, {
    "metricName": "com.google.active_minutes",
    "intValue": 30
  }]
}