{
  "fitnessActivity": "walking",
  "startTime": "2023-03-16T10:51:14Z",
  "endTime": "2023-03-16T11:04:02Z",
  "duration": "768s",
  "segment": [{
    "fitnessActivity": "walking",
    "startTime": "2023-03-16T10:51:14Z",
    "endTime": "2023-03-16T11:04:02Z"
  }],
  "aggregate": [{
    "metricName": "com.google.heart_minutes.summary",
    "floatValue": 6.0
  }, {
    "metricName": "com.google.calories.expended",
    "floatValue": 78.21230631510416
  }, {
    "metricName": "com.google.step_count.delta",
    "intValue": 1163
  }, {
    "metricName": "com.google.distance.delta",
    "floatValue": 896.2598881130878
  }, {
    "metricName": "com.google.speed.summary",
    "floatValue": 1.1113234610349718
  }, {
    "metricName": "com.google.active_minutes",
    "intValue": 13
  }]
}