{
  "fitnessActivity": "walking",
  "startTime": "2023-03-17T10:48:32Z",
  "endTime": "2023-03-17T11:12:29Z",
  "duration": "1437s",
  "segment": [{
    "fitnessActivity": "walking",
    "startTime": "2023-03-17T10:48:32Z",
    "endTime": "2023-03-17T11:12:29Z"
  }],
  "aggregate": [{
    "metricName": "com.google.heart_minutes.summary",
    "floatValue": 24.0
  }, {
    "metricName": "com.google.calories.expended",
    "floatValue": 146.34255751927694
  }, {
    "metricName": "com.google.step_count.delta",
    "intValue": 2635
  }, {
    "metricName": "com.google.distance.delta",
    "floatValue": 2137.731201612227
  }, {
    "metricName": "com.google.speed.summary",
    "floatValue": 1.5441394469580285
  }, {
    "metricName": "com.google.active_minutes",
    "intValue": 24
  }]
}