{
  "fitnessActivity": "walking",
  "startTime": "2023-03-01T11:30:32Z",
  "endTime": "2023-03-01T11:59:38Z",
  "duration": "1746s",
  "segment": [{
    "fitnessActivity": "walking",
    "startTime": "2023-03-01T11:30:32Z",
    "endTime": "2023-03-01T11:59:38Z"
  }],
  "aggregate": [{
    "metricName": "com.google.heart_minutes.summary",
    "floatValue": 21.0
  }, {
    "metricName": "com.google.calories.expended",
    "floatValue": 179.98368871307372
  }, {
    "metricName": "com.google.step_count.delta",
    "intValue": 2725
  }, {
    "metricName": "com.google.distance.delta",
    "floatValue": 2115.5746979508353
  }, {
    "metricName": "com.google.speed.summary",
    "floatValue": 1.2088758727710764
  }, {
    "metricName": "com.google.active_minutes",
    "intValue": 29
  }]
}