{
  "fitnessActivity": "walking",
  "startTime": "2023-02-25T21:18:40Z",
  "endTime": "2023-02-25T21:42:34Z",
  "duration": "1434s",
  "segment": [{
    "fitnessActivity": "walking",
    "startTime": "2023-02-25T21:18:40Z",
    "endTime": "2023-02-25T21:42:34Z"
  }],
  "aggregate": [{
    "metricName": "com.google.heart_minutes.summary",
    "floatValue": 11.0
  }, {
    "metricName": "com.google.calories.expended",
    "floatValue": 154.41343589019775
  }, {
    "metricName": "com.google.step_count.delta",
    "intValue": 2053
  }, {
    "metricName": "com.google.distance.delta",
    "floatValue": 1541.2832782052997
  }, {
    "metricName": "com.google.speed.summary",
    "floatValue": 1.1489645165466682
  }, {
    "metricName": "com.google.active_minutes",
    "intValue": 23
  }]
}