{
  "fitnessActivity": "walking",
  "startTime": "2023-02-24T14:14:37Z",
  "endTime": "2023-02-24T14:27:25Z",
  "duration": "768s",
  "segment": [{
    "fitnessActivity": "walking",
    "startTime": "2023-02-24T14:14:37Z",
    "endTime": "2023-02-24T14:27:25Z"
  }],
  "aggregate": [{
    "metricName": "com.google.heart_minutes.summary",
    "floatValue": 6.0
  }, {
    "metricName": "com.google.calories.expended",
    "floatValue": 82.69840917968749
  }, {
    "metricName": "com.google.step_count.delta",
    "intValue": 1125
  }, {
    "metricName": "com.google.distance.delta",
    "floatValue": 868.8501865583492
  }, {
    "metricName": "com.google.speed.summary",
    "floatValue": 1.1694903344738
  }, {
    "metricName": "com.google.active_minutes",
    "intValue": 12
  }]
}