{
  "fitnessActivity": "walking",
  "startTime": "2023-03-15T10:54:39Z",
  "endTime": "2023-03-15T11:16:05Z",
  "duration": "1286s",
  "segment": [{
    "fitnessActivity": "walking",
    "startTime": "2023-03-15T10:54:39Z",
    "endTime": "2023-03-15T11:16:05Z"
  }],
  "aggregate": [{
    "metricName": "com.google.heart_minutes.summary",
    "floatValue": 23.0
  }, {
    "metricName": "com.google.calories.expended",
    "floatValue": 130.9648775015937
  }, {
    "metricName": "com.google.step_count.delta",
    "intValue": 2402
  }, {
    "metricName": "com.google.distance.delta",
    "floatValue": 1962.5938430216463
  }, {
    "metricName": "com.google.speed.summary",
    "floatValue": 1.612139391299635
  }, {
    "metricName": "com.google.active_minutes",
    "intValue": 21
  }]
}