{
    "Data Source": "derived:com.google.distance.delta:com.google.android.fit:Google:Pixel 5a:0337e926fd1e924c:top_level",
    "Data Points": [
        {"fitValue":[{"value":{"fpVal":52.56019592285156}}],"originDataSourceId":"raw:com.google.step_count.cumulative:Google:Pixel 5a:0337e926fd1e924c:Step Counter","endTimeNanos":1646432659289616682,"dataTypeName":"com.google.distance.delta","startTimeNanos":1646432507289612586,"modifiedTimeMillis":1646436999156,"rawTimestampNanos":0},
        {"fitValue":[{"value":{"fpVal":20.747446060180664}}],"originDataSourceId":"raw:com.google.step_count.cumulative:Google:Pixel 5a:0337e926fd1e924c:Step Counter","endTimeNanos":1646432725024671741,"dataTypeName":"com.google.distance.delta","startTimeNanos":1646432665024669693,"modifiedTimeMillis":1646436999156,"rawTimestampNanos":0},
        {"fitValue":[{"value":{"fpVal":2.472710132598877}}],"originDataSourceId":"raw:com.google.step_count.cumulative:Google:Pixel 5a:0337e926fd1e924c:Step Counter","endTimeNanos":1646432726462658877,"dataTypeName":"com.google.distance.delta","startTimeNanos":1646432725024671741,"modifiedTimeMillis":1646436999156,"rawTimestampNanos":0},
        {"fitValue":[{"value":{"fpVal":20.747446060180664}}],"originDataSourceId":"raw:com.google.step_count.cumulative:Google:Pixel 5a:0337e926fd1e924c:Step Counter","endTimeNanos":1646432975098728814,"dataTypeName":"com.google.distance.delta","startTimeNanos":1646432915098726766,"modifiedTimeMillis":1646436999156,"rawTimestampNanos":0},
        {"fitValue":[{"value":{"fpVal":10.373723030090332}}],"originDataSourceId":"raw:com.google.step_count.cumulative:Google:Pixel 5a:0337e926fd1e924c:Step Counter","endTimeNanos":1646433117227739138,"dataTypeName":"com.google.distance.delta","startTimeNanos":1646433104443442159,"modifiedTimeMillis":1646436999156,"rawTimestampNanos":0},
        {"fitValue":[{"value":{"fpVal":18.672700881958008}}],"originDataSourceId":"raw:com.google.step_count.cumulative:Google:Pixel 5a:0337e926fd1e924c:Step Counter","endTimeNanos":1646433244111243546,"dataTypeName":"com.google.distance.delta","startTimeNanos":1646433184111243546,"modifiedTimeMillis":1646436999156,"rawTimestampNanos":0},
        {"fitValue":[{"value":{"fpVal":21.439027786254883}}],"originDataSourceId":"raw:com.google.step_count.cumulative:Google:Pixel 5a:0337e926fd1e924c:Step Counter","endTimeNanos":1646434783678291773,"dataTypeName":"com.google.distance.delta","startTimeNanos":1646434721678290749,"modifiedTimeMillis":1646436999156,"rawTimestampNanos":0},
        {"fitValue":[{"value":{"fpVal":42.18647384643555}}],"originDataSourceId":"raw:com.google.step_count.cumulative:Google:Pixel 5a:0337e926fd1e924c:Step Counter","endTimeNanos":1646434870557397888,"dataTypeName":"com.google.distance.delta","startTimeNanos":1646434783678291773,"modifiedTimeMillis":1646436999156,"rawTimestampNanos":0},
        {"fitValue":[{"value":{"fpVal":15.712672233581543}}],"originDataSourceId":"raw:com.google.step_count.cumulative:Google:Pixel 5a:0337e926fd1e924c:Step Counter","endTimeNanos":1646434923687755095,"dataTypeName":"com.google.distance.delta","startTimeNanos":1646434911283837888,"modifiedTimeMillis":1646436999156,"rawTimestampNanos":0},
        {"fitValue":[{"value":{"fpVal":34.579078674316406}}],"originDataSourceId":"raw:com.google.step_count.cumulative:Google:Pixel 5a:0337e926fd1e924c:Step Counter","endTimeNanos":1646435075812981449,"dataTypeName":"com.google.distance.delta","startTimeNanos":1646434975812983497,"modifiedTimeMillis":1646436999156,"rawTimestampNanos":0},
        {"fitValue":[{"value":{"fpVal":16.597957611083984}}],"originDataSourceId":"raw:com.google.step_count.cumulative:Google:Pixel 5a:0337e926fd1e924c:Step Counter","endTimeNanos":1646435096057412646,"dataTypeName":"com.google.distance.delta","startTimeNanos":1646435075812981449,"modifiedTimeMillis":1646436999156,"rawTimestampNanos":0},
        {"fitValue":[{"value":{"fpVal":29.738006591796875}}],"originDataSourceId":"raw:com.google.step_count.cumulative:Google:Pixel 5a:0337e926fd1e924c:Step Counter","endTimeNanos":1646436649136291908,"dataTypeName":"com.google.distance.delta","startTimeNanos":1646436563136290884,"modifiedTimeMillis":1646436999156,"rawTimestampNanos":0},
        {"fitValue":[{"value":{"fpVal":3.4579076766967773}}],"originDataSourceId":"raw:com.google.step_count.cumulative:Google:Pixel 5a:0337e926fd1e924c:Step Counter","endTimeNanos":1646436659380324827,"dataTypeName":"com.google.distance.delta","startTimeNanos":1646436649136291908,"modifiedTimeMillis":1646436999156,"rawTimestampNanos":0},
        {"fitValue":[{"value":{"fpVal":28.354843139648438}}],"originDataSourceId":"raw:com.google.step_count.cumulative:Google:Pixel 5a:0337e926fd1e924c:Step Counter","endTimeNanos":1646439530535925411,"dataTypeName":"com.google.distance.delta","startTimeNanos":1646439448535922339,"modifiedTimeMillis":1646440002929,"rawTimestampNanos":0},
        {"fitValue":[{"value":{"fpVal":28.354843139648438}}],"originDataSourceId":"raw:com.google.step_count.cumulative:Google:Pixel 5a:0337e926fd1e924c:Step Counter","endTimeNanos":1646439719229077710,"dataTypeName":"com.google.distance.delta","startTimeNanos":1646439637229074638,"modifiedTimeMillis":1646440002929,"rawTimestampNanos":0},
        {"fitValue":[{"value":{"fpVal":10.373723030090332}}],"originDataSourceId":"raw:com.google.step_count.cumulative:Google:Pixel 5a:0337e926fd1e924c:Step Counter","endTimeNanos":1646439730530192918,"dataTypeName":"com.google.distance.delta","startTimeNanos":1646439719229077710,"modifiedTimeMillis":1646440002929,"rawTimestampNanos":0},
        {"fitValue":[{"value":{"fpVal":40.11172866821289}}],"originDataSourceId":"raw:com.google.step_count.cumulative:Google:Pixel 5a:0337e926fd1e924c:Step Counter","endTimeNanos":1646444342295506020,"dataTypeName":"com.google.distance.delta","startTimeNanos":1646444226295508068,"modifiedTimeMillis":1646444362863,"rawTimestampNanos":0},
        {"fitValue":[{"value":{"fpVal":23.106304168701172}}],"originDataSourceId":"raw:com.google.step_count.cumulative:Google:Pixel 5a:0337e926fd1e924c:Step Counter","endTimeNanos":1646444358899814249,"dataTypeName":"com.google.distance.delta","startTimeNanos":1646444342295506020,"modifiedTimeMillis":1646447294453,"rawTimestampNanos":0},
        {"fitValue":[{"value":{"fpVal":0.6915815472602844}}],"originDataSourceId":"raw:com.google.step_count.cumulative:Google:Pixel 5a:0337e926fd1e924c:Step Counter","endTimeNanos":1646444554553889713,"dataTypeName":"com.google.distance.delta","startTimeNanos":1646444553550250546,"modifiedTimeMillis":1646447294453,"rawTimestampNanos":0},
        {"fitValue":[{"value":{"fpVal":41.49489212036133}}],"originDataSourceId":"raw:com.google.step_count.cumulative:Google:Pixel 5a:0337e926fd1e924c:Step Counter","endTimeNanos":1646459422164622022,"dataTypeName":"com.google.distance.delta","startTimeNanos":1646459346311827477,"modifiedTimeMillis":1646460936651,"rawTimestampNanos":0},
        {"fitValue":[{"value":{"fpVal":5.532652378082275}}],"originDataSourceId":"raw:com.google.step_count.cumulative:Google:Pixel 5a:0337e926fd1e924c:Step Counter","endTimeNanos":1646459443512938210,"dataTypeName":"com.google.distance.delta","startTimeNanos":1646459422164622022,"modifiedTimeMillis":1646460936651,"rawTimestampNanos":0},
        {"fitValue":[{"value":{"fpVal":22.1306095123291}}],"originDataSourceId":"raw:com.google.step_count.cumulative:Google:Pixel 5a:0337e926fd1e924c:Step Counter","endTimeNanos":1646483585278288557,"dataTypeName":"com.google.distance.delta","startTimeNanos":1646483521278284461,"modifiedTimeMillis":1646486416594,"rawTimestampNanos":0},
        {"fitValue":[{"value":{"fpVal":34.579078674316406}}],"originDataSourceId":"raw:com.google.step_count.cumulative:Google:Pixel 5a:0337e926fd1e924c:Step Counter","endTimeNanos":1646483909976253493,"dataTypeName":"com.google.distance.delta","startTimeNanos":1646483809976255541,"modifiedTimeMillis":1646486416594,"rawTimestampNanos":0},
        {"fitValue":[{"value":{"fpVal":4.841070652008057}}],"originDataSourceId":"raw:com.google.step_count.cumulative:Google:Pixel 5a:0337e926fd1e924c:Step Counter","endTimeNanos":1646483916830611827,"dataTypeName":"com.google.distance.delta","startTimeNanos":1646483909976253493,"modifiedTimeMillis":1646486416594,"rawTimestampNanos":0},
        {"fitValue":[{"value":{"fpVal":32.50433349609375}}],"originDataSourceId":"raw:com.google.step_count.cumulative:Google:Pixel 5a:0337e926fd1e924c:Step Counter","endTimeNanos":1646498192673542815,"dataTypeName":"com.google.distance.delta","startTimeNanos":1646498098673537695,"modifiedTimeMillis":1646501276847,"rawTimestampNanos":0},
        {"fitValue":[{"value":{"fpVal":17.981121063232422}}],"originDataSourceId":"raw:com.google.step_count.cumulative:Google:Pixel 5a:0337e926fd1e924c:Step Counter","endTimeNanos":1646498263608873288,"dataTypeName":"com.google.distance.delta","startTimeNanos":1646498203608873288,"modifiedTimeMillis":1646501276847,"rawTimestampNanos":0},
        {"fitValue":[{"value":{"fpVal":27.66326141357422}}],"originDataSourceId":"raw:com.google.step_count.cumulative:Google:Pixel 5a:0337e926fd1e924c:Step Counter","endTimeNanos":1646498379370179742,"dataTypeName":"com.google.distance.delta","startTimeNanos":1646498324452636245,"modifiedTimeMillis":1646501276847,"rawTimestampNanos":0},
        {"fitValue":[{"value":{"fpVal":9.682141304016113}}],"originDataSourceId":"raw:com.google.step_count.cumulative:Google:Pixel 5a:0337e926fd1e924c:Step Counter","endTimeNanos":1646498403515262450,"dataTypeName":"com.google.distance.delta","startTimeNanos":1646498379370179742,"modifiedTimeMillis":1646501276847,"rawTimestampNanos":0},
        {"fitValue":[{"value":{"fpVal":17.289539337158203}}],"originDataSourceId":"raw:com.google.step_count.cumulative:Google:Pixel 5a:0337e926fd1e924c:Step Counter","endTimeNanos":1646498718964241301,"dataTypeName":"com.google.distance.delta","startTimeNanos":1646498658964241301,"modifiedTimeMillis":1646501276847,"rawTimestampNanos":0},
        {"fitValue":[{"value":{"fpVal":7.607397079467773}}],"originDataSourceId":"raw:com.google.step_count.cumulative:Google:Pixel 5a:0337e926fd1e924c:Step Counter","endTimeNanos":1646499249376704847,"dataTypeName":"com.google.distance.delta","startTimeNanos":1646499225972189498,"modifiedTimeMillis":1646501276847,"rawTimestampNanos":0},
        {"fitValue":[{"value":{"fpVal":16.597957611083984}}],"originDataSourceId":"raw:com.google.step_count.cumulative:Google:Pixel 5a:0337e926fd1e924c:Step Counter","endTimeNanos":1646499371266847611,"dataTypeName":"com.google.distance.delta","startTimeNanos":1646499311266847611,"modifiedTimeMillis":1646501276847,"rawTimestampNanos":0},
        {"fitValue":[{"value":{"fpVal":40.11172866821289}}],"originDataSourceId":"raw:com.google.step_count.cumulative:Google:Pixel 5a:0337e926fd1e924c:Step Counter","endTimeNanos":1646499564194511977,"dataTypeName":"com.google.distance.delta","startTimeNanos":1646499448194514025,"modifiedTimeMillis":1646501276847,"rawTimestampNanos":0},
        {"fitValue":[{"value":{"fpVal":7.092752456665039}}],"originDataSourceId":"raw:com.google.step_count.cumulative:Google:Pixel 5a:0337e926fd1e924c:Step Counter","endTimeNanos":1646499570899023852,"dataTypeName":"com.google.distance.delta","startTimeNanos":1646499564194511977,"modifiedTimeMillis":1646501276847,"rawTimestampNanos":0},
        {"fitValue":[{"value":{"fpVal":15.906375885009766}}],"originDataSourceId":"raw:com.google.step_count.cumulative:Google:Pixel 5a:0337e926fd1e924c:Step Counter","endTimeNanos":1646500249551690702,"dataTypeName":"com.google.distance.delta","startTimeNanos":1646500189551690702,"modifiedTimeMillis":1646501276847,"rawTimestampNanos":0},
        {"fitValue":[{"value":{"fpVal":16.597957611083984}}],"originDataSourceId":"raw:com.google.step_count.cumulative:Google:Pixel 5a:0337e926fd1e924c:Step Counter","endTimeNanos":1646505027675288800,"dataTypeName":"com.google.distance.delta","startTimeNanos":1646504967675288800,"modifiedTimeMillis":1646509638935,"rawTimestampNanos":0},
        {"fitValue":[{"value":{"fpVal":27.66326141357422}}],"originDataSourceId":"raw:com.google.step_count.cumulative:Google:Pixel 5a:0337e926fd1e924c:Step Counter","endTimeNanos":1646507357248185532,"dataTypeName":"com.google.distance.delta","startTimeNanos":1646507277248177340,"modifiedTimeMillis":1646509638935,"rawTimestampNanos":0},
        {"fitValue":[{"value":{"fpVal":20.055864334106445}}],"originDataSourceId":"raw:com.google.step_count.cumulative:Google:Pixel 5a:0337e926fd1e924c:Step Counter","endTimeNanos":1646511122030538976,"dataTypeName":"com.google.distance.delta","startTimeNanos":1646511062030538976,"modifiedTimeMillis":1646512104427,"rawTimestampNanos":0},
        {"fitValue":[{"value":{"fpVal":17.289539337158203}}],"originDataSourceId":"raw:com.google.step_count.cumulative:Google:Pixel 5a:0337e926fd1e924c:Step Counter","endTimeNanos":1646511220298613500,"dataTypeName":"com.google.distance.delta","startTimeNanos":1646511160298613500,"modifiedTimeMillis":1646512104427,"rawTimestampNanos":0},
        {"fitValue":[{"value":{"fpVal":24.67439842224121}}],"originDataSourceId":"raw:com.google.step_count.cumulative:Google:Pixel 5a:0337e926fd1e924c:Step Counter","endTimeNanos":1646511325446120523,"dataTypeName":"com.google.distance.delta","startTimeNanos":1646511307778608700,"modifiedTimeMillis":1646512104427,"rawTimestampNanos":0},
        {"fitValue":[{"value":{"fpVal":49.79387283325195}}],"originDataSourceId":"raw:com.google.step_count.cumulative:Google:Pixel 5a:0337e926fd1e924c:Step Counter","endTimeNanos":1646513151507942833,"dataTypeName":"com.google.distance.delta","startTimeNanos":1646513007507934641,"modifiedTimeMillis":1646516097374,"rawTimestampNanos":0},
        {"fitValue":[{"value":{"fpVal":4.149489402770996}}],"originDataSourceId":"raw:com.google.step_count.cumulative:Google:Pixel 5a:0337e926fd1e924c:Step Counter","endTimeNanos":1646513156193280906,"dataTypeName":"com.google.distance.delta","startTimeNanos":1646513151507942833,"modifiedTimeMillis":1646516097374,"rawTimestampNanos":0},
        {"fitValue":[{"value":{"fpVal":31.121170043945312}}],"originDataSourceId":"raw:com.google.step_count.cumulative:Google:Pixel 5a:0337e926fd1e924c:Step Counter","endTimeNanos":1646515883775796095,"dataTypeName":"com.google.distance.delta","startTimeNanos":1646515793775797119,"modifiedTimeMillis":1646516097374,"rawTimestampNanos":0},
        {"fitValue":[{"value":{"fpVal":5.532652378082275}}],"originDataSourceId":"raw:com.google.step_count.cumulative:Google:Pixel 5a:0337e926fd1e924c:Step Counter","endTimeNanos":1646516087892517781,"dataTypeName":"com.google.distance.delta","startTimeNanos":1646516065421528666,"modifiedTimeMillis":1646520480272,"rawTimestampNanos":0},
        {"fitValue":[{"value":{"fpVal":51.17703628540039}}],"originDataSourceId":"raw:com.google.step_count.cumulative:Google:Pixel 5a:0337e926fd1e924c:Step Counter","endTimeNanos":1646517051070159064,"dataTypeName":"com.google.distance.delta","startTimeNanos":1646516903070144728,"modifiedTimeMillis":1646520480272,"rawTimestampNanos":0},
        {"fitValue":[{"value":{"fpVal":5.119278430938721}}],"originDataSourceId":"raw:com.google.step_count.cumulative:Google:Pixel 5a:0337e926fd1e924c:Step Counter","endTimeNanos":1646517055429892293,"dataTypeName":"com.google.distance.delta","startTimeNanos":1646517051070159064,"modifiedTimeMillis":1646520480272,"rawTimestampNanos":0},
        {"fitValue":[{"value":{"fpVal":49.102291107177734}}],"originDataSourceId":"raw:com.google.step_count.cumulative:Google:Pixel 5a:0337e926fd1e924c:Step Counter","endTimeNanos":1646521199029300639,"dataTypeName":"com.google.distance.delta","startTimeNanos":1646521073815134344,"modifiedTimeMillis":1646528811408,"rawTimestampNanos":0},
        {"fitValue":[{"value":{"fpVal":19.364282608032227}}],"originDataSourceId":"raw:com.google.step_count.cumulative:Google:Pixel 5a:0337e926fd1e924c:Step Counter","endTimeNanos":1646521220136896107,"dataTypeName":"com.google.distance.delta","startTimeNanos":1646521199029300639,"modifiedTimeMillis":1646528811408,"rawTimestampNanos":0},
        {"fitValue":[{"value":{"fpVal":9.704751968383789}}],"originDataSourceId":"raw:com.google.step_count.cumulative:Google:Pixel 5a:0337e926fd1e924c:Step Counter","endTimeNanos":1646521288441220911,"dataTypeName":"com.google.distance.delta","startTimeNanos":1646521278500541588,"modifiedTimeMillis":1646528811408,"rawTimestampNanos":0},
        {"fitValue":[{"value":{"fpVal":44.95280075073242}}],"originDataSourceId":"raw:com.google.step_count.cumulative:Google:Pixel 5a:0337e926fd1e924c:Step Counter","endTimeNanos":1646522352220617919,"dataTypeName":"com.google.distance.delta","startTimeNanos":1646522226962486005,"modifiedTimeMillis":1646528811408,"rawTimestampNanos":0},
        {"fitValue":[{"value":{"fpVal":26.828304290771484}}],"originDataSourceId":"raw:com.google.step_count.cumulative:Google:Pixel 5a:0337e926fd1e924c:Step Counter","endTimeNanos":1646522371798997450,"dataTypeName":"com.google.distance.delta","startTimeNanos":1646522352220617919,"modifiedTimeMillis":1646528811408,"rawTimestampNanos":0},
        {"fitValue":[{"value":{"fpVal":15.906375885009766}}],"originDataSourceId":"raw:com.google.step_count.cumulative:Google:Pixel 5a:0337e926fd1e924c:Step Counter","endTimeNanos":1646523022630699358,"dataTypeName":"com.google.distance.delta","startTimeNanos":1646522976850000000,"modifiedTimeMillis":1646528811408,"rawTimestampNanos":0},
        {"fitValue":[{"value":{"fpVal":22.82219123840332}}],"originDataSourceId":"raw:com.google.step_count.cumulative:Google:Pixel 5a:0337e926fd1e924c:Step Counter","endTimeNanos":1646528881830873494,"dataTypeName":"com.google.distance.delta","startTimeNanos":1646528815830870422,"modifiedTimeMillis":1646532426386,"rawTimestampNanos":0},
        {"fitValue":[{"value":{"fpVal":13.83163070678711}}],"originDataSourceId":"raw:com.google.step_count.cumulative:Google:Pixel 5a:0337e926fd1e924c:Step Counter","endTimeNanos":1646528933655535972,"dataTypeName":"com.google.distance.delta","startTimeNanos":1646528881830873494,"modifiedTimeMillis":1646532426386,"rawTimestampNanos":0},
        {"fitValue":[{"value":{"fpVal":56.018104553222656}}],"originDataSourceId":"raw:com.google.step_count.cumulative:Google:Pixel 5a:0337e926fd1e924c:Step Counter","endTimeNanos":1646539229802624286,"dataTypeName":"com.google.distance.delta","startTimeNanos":1646539067802613022,"modifiedTimeMillis":1646540276152,"rawTimestampNanos":0},
        {"fitValue":[{"value":{"fpVal":22.82219123840332}}],"originDataSourceId":"raw:com.google.step_count.cumulative:Google:Pixel 5a:0337e926fd1e924c:Step Counter","endTimeNanos":1646539476098546937,"dataTypeName":"com.google.distance.delta","startTimeNanos":1646539410098543865,"modifiedTimeMillis":1646540276152,"rawTimestampNanos":0},
        {"fitValue":[{"value":{"fpVal":23.51377296447754}}],"originDataSourceId":"raw:com.google.step_count.cumulative:Google:Pixel 5a:0337e926fd1e924c:Step Counter","endTimeNanos":1646568492273150523,"dataTypeName":"com.google.distance.delta","startTimeNanos":1646568424273148475,"modifiedTimeMillis":1646569895266,"rawTimestampNanos":0},
        {"fitValue":[{"value":{"fpVal":31.121170043945312}}],"originDataSourceId":"raw:com.google.step_count.cumulative:Google:Pixel 5a:0337e926fd1e924c:Step Counter","endTimeNanos":1646568930906455637,"dataTypeName":"com.google.distance.delta","startTimeNanos":1646568840906456661,"modifiedTimeMillis":1646569895266,"rawTimestampNanos":0},
        {"fitValue":[{"value":{"fpVal":16.597957611083984}}],"originDataSourceId":"raw:com.google.step_count.cumulative:Google:Pixel 5a:0337e926fd1e924c:Step Counter","endTimeNanos":1646569717246297267,"dataTypeName":"com.google.distance.delta","startTimeNanos":1646569657246297267,"modifiedTimeMillis":1646569895266,"rawTimestampNanos":0},
        {"fitValue":[{"value":{"fpVal":21.439027786254883}}],"originDataSourceId":"raw:com.google.step_count.cumulative:Google:Pixel 5a:0337e926fd1e924c:Step Counter","endTimeNanos":1646569788652392311,"dataTypeName":"com.google.distance.delta","startTimeNanos":1646569726652391287,"modifiedTimeMillis":1646569895266,"rawTimestampNanos":0},
        {"fitValue":[{"value":{"fpVal":20.055864334106445}}],"originDataSourceId":"raw:com.google.step_count.cumulative:Google:Pixel 5a:0337e926fd1e924c:Step Counter","endTimeNanos":1646571600399338566,"dataTypeName":"com.google.distance.delta","startTimeNanos":1646571540399338566,"modifiedTimeMillis":1646573507741,"rawTimestampNanos":0},
        {"fitValue":[{"value":{"fpVal":4.149489402770996}}],"originDataSourceId":"raw:com.google.step_count.cumulative:Google:Pixel 5a:0337e926fd1e924c:Step Counter","endTimeNanos":1646576386348318568,"dataTypeName":"com.google.distance.delta","startTimeNanos":1646576380863228880,"modifiedTimeMillis":1646578026236,"rawTimestampNanos":0},
        {"fitValue":[{"value":{"fpVal":16.597957611083984}}],"originDataSourceId":"raw:com.google.step_count.cumulative:Google:Pixel 5a:0337e926fd1e924c:Step Counter","endTimeNanos":1646576584670700754,"dataTypeName":"com.google.distance.delta","startTimeNanos":1646576524670700754,"modifiedTimeMillis":1646578026236,"rawTimestampNanos":0},
        {"fitValue":[{"value":{"fpVal":14.523212432861328}}],"originDataSourceId":"raw:com.google.step_count.cumulative:Google:Pixel 5a:0337e926fd1e924c:Step Counter","endTimeNanos":1646576631830696072,"dataTypeName":"com.google.distance.delta","startTimeNanos":1646576584670700754,"modifiedTimeMillis":1646578026236,"rawTimestampNanos":0},
        {"fitValue":[{"value":{"fpVal":15.906375885009766}}],"originDataSourceId":"raw:com.google.step_count.cumulative:Google:Pixel 5a:0337e926fd1e924c:Step Counter","endTimeNanos":1646578464080385393,"dataTypeName":"com.google.distance.delta","startTimeNanos":1646578445106154484,"modifiedTimeMillis":1646581175614,"rawTimestampNanos":0},
        {"fitValue":[{"value":{"fpVal":17.981121063232422}}],"originDataSourceId":"raw:com.google.step_count.cumulative:Google:Pixel 5a:0337e926fd1e924c:Step Counter","endTimeNanos":1646578488657033622,"dataTypeName":"com.google.distance.delta","startTimeNanos":1646578464080385393,"modifiedTimeMillis":1646581175614,"rawTimestampNanos":0},
        {"fitValue":[{"value":{"fpVal":17.981121063232422}}],"originDataSourceId":"raw:com.google.step_count.cumulative:Google:Pixel 5a:0337e926fd1e924c:Step Counter","endTimeNanos":1646578512836431851,"dataTypeName":"com.google.distance.delta","startTimeNanos":1646578488657033622,"modifiedTimeMillis":1646581175614,"rawTimestampNanos":0},
        {"fitValue":[{"value":{"fpVal":19.364282608032227}}],"originDataSourceId":"raw:com.google.step_count.cumulative:Google:Pixel 5a:0337e926fd1e924c:Step Counter","endTimeNanos":1646578537072977971,"dataTypeName":"com.google.distance.delta","startTimeNanos":1646578512836431851,"modifiedTimeMillis":1646581175614,"rawTimestampNanos":0},
        {"fitValue":[{"value":{"fpVal":16.597957611083984}}],"originDataSourceId":"raw:com.google.step_count.cumulative:Google:Pixel 5a:0337e926fd1e924c:Step Counter","endTimeNanos":1646578568635286044,"dataTypeName":"com.google.distance.delta","startTimeNanos":1646578537072977971,"modifiedTimeMillis":1646581175614,"rawTimestampNanos":0},
        {"fitValue":[{"value":{"fpVal":34.579078674316406}}],"originDataSourceId":"raw:com.google.step_count.cumulative:Google:Pixel 5a:0337e926fd1e924c:Step Counter","endTimeNanos":1646578769112719566,"dataTypeName":"com.google.distance.delta","startTimeNanos":1646578669112721614,"modifiedTimeMillis":1646581175614,"rawTimestampNanos":0},
        {"fitValue":[{"value":{"fpVal":20.055864334106445}}],"originDataSourceId":"raw:com.google.step_count.cumulative:Google:Pixel 5a:0337e926fd1e924c:Step Counter","endTimeNanos":1646580475465778485,"dataTypeName":"com.google.distance.delta","startTimeNanos":1646580437466758077,"modifiedTimeMillis":1646581175614,"rawTimestampNanos":0},
        {"fitValue":[{"value":{"fpVal":15.395990371704102}}],"originDataSourceId":"raw:com.google.step_count.cumulative:Google:Pixel 5a:0337e926fd1e924c:Step Counter","endTimeNanos":1646581176986168317,"dataTypeName":"com.google.distance.delta","startTimeNanos":1646581163983085972,"modifiedTimeMillis":1646589659454,"rawTimestampNanos":0},
        {"fitValue":[{"value":{"fpVal":12.033790588378906}}],"originDataSourceId":"raw:com.google.step_count.cumulative:Google:Pixel 5a:0337e926fd1e924c:Step Counter","endTimeNanos":1646581551612119175,"dataTypeName":"com.google.distance.delta","startTimeNanos":1646581542272513863,"modifiedTimeMillis":1646589659454,"rawTimestampNanos":0},
        {"fitValue":[{"value":{"fpVal":24.896936416625977}}],"originDataSourceId":"raw:com.google.step_count.cumulative:Google:Pixel 5a:0337e926fd1e924c:Step Counter","endTimeNanos":1646582610070261251,"dataTypeName":"com.google.distance.delta","startTimeNanos":1646582538070257155,"modifiedTimeMillis":1646589659454,"rawTimestampNanos":0},
        {"fitValue":[{"value":{"fpVal":25.588518142700195}}],"originDataSourceId":"raw:com.google.step_count.cumulative:Google:Pixel 5a:0337e926fd1e924c:Step Counter","endTimeNanos":1646583550797232185,"dataTypeName":"com.google.distance.delta","startTimeNanos":1646583514216784113,"modifiedTimeMillis":1646589659454,"rawTimestampNanos":0},
        {"fitValue":[{"value":{"fpVal":11.06530475616455}}],"originDataSourceId":"raw:com.google.step_count.cumulative:Google:Pixel 5a:0337e926fd1e924c:Step Counter","endTimeNanos":1646585850358729033,"dataTypeName":"com.google.distance.delta","startTimeNanos":1646585831069899710,"modifiedTimeMillis":1646589659454,"rawTimestampNanos":0},
        {"fitValue":[{"value":{"fpVal":52.56019592285156}}],"originDataSourceId":"raw:com.google.step_count.cumulative:Google:Pixel 5a:0337e926fd1e924c:Step Counter","endTimeNanos":1646585910770092254,"dataTypeName":"com.google.distance.delta","startTimeNanos":1646585850358729033,"modifiedTimeMillis":1646589659454,"rawTimestampNanos":0},
        {"fitValue":[{"value":{"fpVal":11.75688648223877}}],"originDataSourceId":"raw:com.google.step_count.cumulative:Google:Pixel 5a:0337e926fd1e924c:Step Counter","endTimeNanos":1646585925377409911,"dataTypeName":"com.google.distance.delta","startTimeNanos":1646585910770092254,"modifiedTimeMillis":1646589659454,"rawTimestampNanos":0},
        {"fitValue":[{"value":{"fpVal":33.19591522216797}}],"originDataSourceId":"raw:com.google.step_count.cumulative:Google:Pixel 5a:0337e926fd1e924c:Step Counter","endTimeNanos":1646585968652724318,"dataTypeName":"com.google.distance.delta","startTimeNanos":1646585925377409911,"modifiedTimeMillis":1646589659454,"rawTimestampNanos":0},
        {"fitValue":[{"value":{"fpVal":11.470257759094238}}],"originDataSourceId":"raw:com.google.step_count.cumulative:Google:Pixel 5a:0337e926fd1e924c:Step Counter","endTimeNanos":1646585975446426610,"dataTypeName":"com.google.distance.delta","startTimeNanos":1646585968652724318,"modifiedTimeMillis":1646589659454,"rawTimestampNanos":0},
        {"fitValue":[{"value":{"fpVal":55.32652282714844}}],"originDataSourceId":"raw:com.google.step_count.cumulative:Google:Pixel 5a:0337e926fd1e924c:Step Counter","endTimeNanos":1646586048395779485,"dataTypeName":"com.google.distance.delta","startTimeNanos":1646585975446426610,"modifiedTimeMillis":1646589659454,"rawTimestampNanos":0},
        {"fitValue":[{"value":{"fpVal":11.06530475616455}}],"originDataSourceId":"raw:com.google.step_count.cumulative:Google:Pixel 5a:0337e926fd1e924c:Step Counter","endTimeNanos":1646586060762033079,"dataTypeName":"com.google.distance.delta","startTimeNanos":1646586048395779485,"modifiedTimeMillis":1646589659454,"rawTimestampNanos":0},
        {"fitValue":[{"value":{"fpVal":15.906375885009766}}],"originDataSourceId":"raw:com.google.step_count.cumulative:Google:Pixel 5a:0337e926fd1e924c:Step Counter","endTimeNanos":1646588912842250182,"dataTypeName":"com.google.distance.delta","startTimeNanos":1646588852842250182,"modifiedTimeMillis":1646589659454,"rawTimestampNanos":0},
        {"fitValue":[{"value":{"fpVal":9.262144088745117}}],"originDataSourceId":"raw:com.google.step_count.cumulative:Google:Pixel 5a:0337e926fd1e924c:Step Counter","endTimeNanos":1646588919453022057,"dataTypeName":"com.google.distance.delta","startTimeNanos":1646588912842250182,"modifiedTimeMillis":1646589659454,"rawTimestampNanos":0},
        {"fitValue":[{"value":{"fpVal":20.747446060180664}}],"originDataSourceId":"raw:com.google.step_count.cumulative:Google:Pixel 5a:0337e926fd1e924c:Step Counter","endTimeNanos":1646590207458471193,"dataTypeName":"com.google.distance.delta","startTimeNanos":1646590181808110464,"modifiedTimeMillis":1646594377252,"rawTimestampNanos":0},
        {"fitValue":[{"value":{"fpVal":29.738006591796875}}],"originDataSourceId":"raw:com.google.step_count.cumulative:Google:Pixel 5a:0337e926fd1e924c:Step Counter","endTimeNanos":1646595360039683563,"dataTypeName":"com.google.distance.delta","startTimeNanos":1646595274039682539,"modifiedTimeMillis":1646598251656,"rawTimestampNanos":0},
        {"fitValue":[{"value":{"fpVal":60.16759490966797}}],"originDataSourceId":"raw:com.google.step_count.cumulative:Google:Pixel 5a:0337e926fd1e924c:Step Counter","endTimeNanos":1646598248961483174,"dataTypeName":"com.google.distance.delta","startTimeNanos":1646598074961469862,"modifiedTimeMillis":1646600834101,"rawTimestampNanos":0},
        {"fitValue":[{"value":{"fpVal":29.046424865722656}}],"originDataSourceId":"raw:com.google.step_count.cumulative:Google:Pixel 5a:0337e926fd1e924c:Step Counter","endTimeNanos":1646598670533196515,"dataTypeName":"com.google.distance.delta","startTimeNanos":1646598595730368147,"modifiedTimeMillis":1646600834101,"rawTimestampNanos":0},
        {"fitValue":[{"value":{"fpVal":42.878055572509766}}],"originDataSourceId":"raw:com.google.step_count.cumulative:Google:Pixel 5a:0337e926fd1e924c:Step Counter","endTimeNanos":1646599624481739027,"dataTypeName":"com.google.distance.delta","startTimeNanos":1646599500481736979,"modifiedTimeMillis":1646600834101,"rawTimestampNanos":0},
        {"fitValue":[{"value":{"fpVal":20.097274780273438}}],"originDataSourceId":"raw:com.google.step_count.cumulative:Google:Pixel 5a:0337e926fd1e924c:Step Counter","endTimeNanos":1646599645087305329,"dataTypeName":"com.google.distance.delta","startTimeNanos":1646599624481739027,"modifiedTimeMillis":1646600834101,"rawTimestampNanos":0},
        {"fitValue":[{"value":{"fpVal":31.81275177001953}}],"originDataSourceId":"raw:com.google.step_count.cumulative:Google:Pixel 5a:0337e926fd1e924c:Step Counter","endTimeNanos":1646599791781809931,"dataTypeName":"com.google.distance.delta","startTimeNanos":1646599699781807883,"modifiedTimeMillis":1646600834101,"rawTimestampNanos":0},
        {"fitValue":[{"value":{"fpVal":23.51377296447754}}],"originDataSourceId":"raw:com.google.step_count.cumulative:Google:Pixel 5a:0337e926fd1e924c:Step Counter","endTimeNanos":1646599838990560418,"dataTypeName":"com.google.distance.delta","startTimeNanos":1646599791781809931,"modifiedTimeMillis":1646600834101,"rawTimestampNanos":0},
        {"fitValue":[{"value":{"fpVal":0.6915815472602844}}],"originDataSourceId":"raw:com.google.step_count.cumulative:Google:Pixel 5a:0337e926fd1e924c:Step Counter","endTimeNanos":1646599875765557220,"dataTypeName":"com.google.distance.delta","startTimeNanos":1646599874193778158,"modifiedTimeMillis":1646600834101,"rawTimestampNanos":0},
        {"fitValue":[{"value":{"fpVal":16.903743743896484}}],"originDataSourceId":"raw:com.google.step_count.cumulative:Google:Pixel 5a:0337e926fd1e924c:Step Counter","endTimeNanos":1646601147023779866,"dataTypeName":"com.google.distance.delta","startTimeNanos":1646601134782161741,"modifiedTimeMillis":1646604584290,"rawTimestampNanos":0},
        {"fitValue":[{"value":{"fpVal":50.48545455932617}}],"originDataSourceId":"raw:com.google.step_count.cumulative:Google:Pixel 5a:0337e926fd1e924c:Step Counter","endTimeNanos":1646601547336487419,"dataTypeName":"com.google.distance.delta","startTimeNanos":1646601401336484347,"modifiedTimeMillis":1646604584290,"rawTimestampNanos":0},
        {"fitValue":[{"value":{"fpVal":69.13499450683594}}],"originDataSourceId":"raw:com.google.step_count.cumulative:Google:Pixel 5a:0337e926fd1e924c:Step Counter","endTimeNanos":1646601603091908669,"dataTypeName":"com.google.distance.delta","startTimeNanos":1646601547336487419,"modifiedTimeMillis":1646604584290,"rawTimestampNanos":0},
        {"fitValue":[{"value":{"fpVal":21.439027786254883}}],"originDataSourceId":"raw:com.google.step_count.cumulative:Google:Pixel 5a:0337e926fd1e924c:Step Counter","endTimeNanos":1646601702190770453,"dataTypeName":"com.google.distance.delta","startTimeNanos":1646601640190769429,"modifiedTimeMillis":1646604584290,"rawTimestampNanos":0},
        {"fitValue":[{"value":{"fpVal":67.77499389648438}}],"originDataSourceId":"raw:com.google.step_count.cumulative:Google:Pixel 5a:0337e926fd1e924c:Step Counter","endTimeNanos":1646602194996670922,"dataTypeName":"com.google.distance.delta","startTimeNanos":1646602060376990575,"modifiedTimeMillis":1646604584290,"rawTimestampNanos":0},
        {"fitValue":[{"value":{"fpVal":20.8503475189209}}],"originDataSourceId":"raw:com.google.step_count.cumulative:Google:Pixel 5a:0337e926fd1e924c:Step Counter","endTimeNanos":1646602211717478422,"dataTypeName":"com.google.distance.delta","startTimeNanos":1646602194996670922,"modifiedTimeMillis":1646604584290,"rawTimestampNanos":0},
        {"fitValue":[{"value":{"fpVal":17.289539337158203}}],"originDataSourceId":"raw:com.google.step_count.cumulative:Google:Pixel 5a:0337e926fd1e924c:Step Counter","endTimeNanos":1646602364118900410,"dataTypeName":"com.google.distance.delta","startTimeNanos":1646602304118900410,"modifiedTimeMillis":1646604584290,"rawTimestampNanos":0},
        {"fitValue":[{"value":{"fpVal":2.151315212249756}}],"originDataSourceId":"raw:com.google.step_count.cumulative:Google:Pixel 5a:0337e926fd1e924c:Step Counter","endTimeNanos":1646602366077076921,"dataTypeName":"com.google.distance.delta","startTimeNanos":1646602364118900410,"modifiedTimeMillis":1646604584290,"rawTimestampNanos":0},
        {"fitValue":[{"value":{"fpVal":25.588518142700195}}],"originDataSourceId":"raw:com.google.step_count.cumulative:Google:Pixel 5a:0337e926fd1e924c:Step Counter","endTimeNanos":1646602498145525732,"dataTypeName":"com.google.distance.delta","startTimeNanos":1646602424145518564,"modifiedTimeMillis":1646604584290,"rawTimestampNanos":0},
        {"fitValue":[{"value":{"fpVal":20.055864334106445}}],"originDataSourceId":"raw:com.google.step_count.cumulative:Google:Pixel 5a:0337e926fd1e924c:Step Counter","endTimeNanos":1646602521204014326,"dataTypeName":"com.google.distance.delta","startTimeNanos":1646602498145525732,"modifiedTimeMillis":1646604584290,"rawTimestampNanos":0},
        {"fitValue":[{"value":{"fpVal":41.49489212036133}}],"originDataSourceId":"raw:com.google.step_count.cumulative:Google:Pixel 5a:0337e926fd1e924c:Step Counter","endTimeNanos":1646603187322010125,"dataTypeName":"com.google.distance.delta","startTimeNanos":1646603116916859315,"modifiedTimeMillis":1646604584290,"rawTimestampNanos":0},
        {"fitValue":[{"value":{"fpVal":24.205354690551758}}],"originDataSourceId":"raw:com.google.step_count.cumulative:Google:Pixel 5a:0337e926fd1e924c:Step Counter","endTimeNanos":1646603265317769399,"dataTypeName":"com.google.distance.delta","startTimeNanos":1646603195317768375,"modifiedTimeMillis":1646604584290,"rawTimestampNanos":0},
        {"fitValue":[{"value":{"fpVal":63.72093963623047}}],"originDataSourceId":"raw:com.google.step_count.cumulative:Google:Pixel 5a:0337e926fd1e924c:Step Counter","endTimeNanos":1646603325924260885,"dataTypeName":"com.google.distance.delta","startTimeNanos":1646603265317769399,"modifiedTimeMillis":1646604584290,"rawTimestampNanos":0},
        {"fitValue":[{"value":{"fpVal":22.1306095123291}}],"originDataSourceId":"raw:com.google.step_count.cumulative:Google:Pixel 5a:0337e926fd1e924c:Step Counter","endTimeNanos":1646603489451204308,"dataTypeName":"com.google.distance.delta","startTimeNanos":1646603425451200212,"modifiedTimeMillis":1646604584290,"rawTimestampNanos":0},
        {"fitValue":[{"value":{"fpVal":21.439027786254883}}],"originDataSourceId":"raw:com.google.step_count.cumulative:Google:Pixel 5a:0337e926fd1e924c:Step Counter","endTimeNanos":1646604497126837329,"dataTypeName":"com.google.distance.delta","startTimeNanos":1646604469948542017,"modifiedTimeMillis":1646604584290,"rawTimestampNanos":0},
        {"fitValue":[{"value":{"fpVal":28.354843139648438}}],"originDataSourceId":"raw:com.google.step_count.cumulative:Google:Pixel 5a:0337e926fd1e924c:Step Counter","endTimeNanos":1646604625885723113,"dataTypeName":"com.google.distance.delta","startTimeNanos":1646604583043977853,"modifiedTimeMillis":1646609063549,"rawTimestampNanos":0},
        {"fitValue":[{"value":{"fpVal":7.100852966308594}}],"originDataSourceId":"raw:com.google.step_count.cumulative:Google:Pixel 5a:0337e926fd1e924c:Step Counter","endTimeNanos":1646604632571452280,"dataTypeName":"com.google.distance.delta","startTimeNanos":1646604625885723113,"modifiedTimeMillis":1646609063549,"rawTimestampNanos":0},
        {"fitValue":[{"value":{"fpVal":30.429588317871094}}],"originDataSourceId":"raw:com.google.step_count.cumulative:Google:Pixel 5a:0337e926fd1e924c:Step Counter","endTimeNanos":1646605915429227664,"dataTypeName":"com.google.distance.delta","startTimeNanos":1646605827429223568,"modifiedTimeMillis":1646609063549,"rawTimestampNanos":0},
        {"fitValue":[{"value":{"fpVal":1.545734167098999}}],"originDataSourceId":"raw:com.google.step_count.cumulative:Google:Pixel 5a:0337e926fd1e924c:Step Counter","endTimeNanos":1646605916527823914,"dataTypeName":"com.google.distance.delta","startTimeNanos":1646605915429227664,"modifiedTimeMillis":1646609063549,"rawTimestampNanos":0},
        {"fitValue":[{"value":{"fpVal":15.906375885009766}}],"originDataSourceId":"raw:com.google.step_count.cumulative:Google:Pixel 5a:0337e926fd1e924c:Step Counter","endTimeNanos":1646607584837635624,"dataTypeName":"com.google.distance.delta","startTimeNanos":1646607524837635624,"modifiedTimeMillis":1646609063549,"rawTimestampNanos":0},
        {"fitValue":[{"value":{"fpVal":20.055864334106445}}],"originDataSourceId":"raw:com.google.step_count.cumulative:Google:Pixel 5a:0337e926fd1e924c:Step Counter","endTimeNanos":1646607831301174189,"dataTypeName":"com.google.distance.delta","startTimeNanos":1646607771301174189,"modifiedTimeMillis":1646609063549,"rawTimestampNanos":0},
        {"fitValue":[{"value":{"fpVal":1.4352173805236816}}],"originDataSourceId":"raw:com.google.step_count.cumulative:Google:Pixel 5a:0337e926fd1e924c:Step Counter","endTimeNanos":1646608960748636605,"dataTypeName":"com.google.distance.delta","startTimeNanos":1646608959445402074,"modifiedTimeMillis":1646609063549,"rawTimestampNanos":0},
        {"fitValue":[{"value":{"fpVal":23.51377296447754}}],"originDataSourceId":"raw:com.google.step_count.cumulative:Google:Pixel 5a:0337e926fd1e924c:Step Counter","endTimeNanos":1646609046767290632,"dataTypeName":"com.google.distance.delta","startTimeNanos":1646608978767288584,"modifiedTimeMillis":1646609063549,"rawTimestampNanos":0},
        {"fitValue":[{"value":{"fpVal":7.1600236892700195}}],"originDataSourceId":"raw:com.google.step_count.cumulative:Google:Pixel 5a:0337e926fd1e924c:Step Counter","endTimeNanos":1646609053318938704,"dataTypeName":"com.google.distance.delta","startTimeNanos":1646609046767290632,"modifiedTimeMillis":1646609063549,"rawTimestampNanos":0},
        {"fitValue":[{"value":{"fpVal":18.672700881958008}}],"originDataSourceId":"raw:com.google.step_count.cumulative:Google:Pixel 5a:0337e926fd1e924c:Step Counter","endTimeNanos":1646609860371490852,"dataTypeName":"com.google.distance.delta","startTimeNanos":1646609800371490852,"modifiedTimeMillis":1646612219720,"rawTimestampNanos":0},
        {"fitValue":[{"value":{"fpVal":36.65382385253906}}],"originDataSourceId":"raw:com.google.step_count.cumulative:Google:Pixel 5a:0337e926fd1e924c:Step Counter","endTimeNanos":1646610010569562497,"dataTypeName":"com.google.distance.delta","startTimeNanos":1646609904569563521,"modifiedTimeMillis":1646612219720,"rawTimestampNanos":0},
        {"fitValue":[{"value":{"fpVal":23.51377296447754}}],"originDataSourceId":"raw:com.google.step_count.cumulative:Google:Pixel 5a:0337e926fd1e924c:Step Counter","endTimeNanos":1646610088801436027,"dataTypeName":"com.google.distance.delta","startTimeNanos":1646610020801433979,"modifiedTimeMillis":1646612219720,"rawTimestampNanos":0},
        {"fitValue":[{"value":{"fpVal":28.354843139648438}}],"originDataSourceId":"raw:com.google.step_count.cumulative:Google:Pixel 5a:0337e926fd1e924c:Step Counter","endTimeNanos":1646610506126783673,"dataTypeName":"com.google.distance.delta","startTimeNanos":1646610424126780601,"modifiedTimeMillis":1646612219720,"rawTimestampNanos":0},
        {"fitValue":[{"value":{"fpVal":15.214794158935547}}],"originDataSourceId":"raw:com.google.step_count.cumulative:Google:Pixel 5a:0337e926fd1e924c:Step Counter","endTimeNanos":1646610593220897039,"dataTypeName":"com.google.distance.delta","startTimeNanos":1646610533220897039,"modifiedTimeMillis":1646612219720,"rawTimestampNanos":0},
        {"fitValue":[{"value":{"fpVal":10.373723030090332}}],"originDataSourceId":"raw:com.google.step_count.cumulative:Google:Pixel 5a:0337e926fd1e924c:Step Counter","endTimeNanos":1646610610513525945,"dataTypeName":"com.google.distance.delta","startTimeNanos":1646610593220897039,"modifiedTimeMillis":1646612219720,"rawTimestampNanos":0},
        {"fitValue":[{"value":{"fpVal":8.990560531616211}}],"originDataSourceId":"raw:com.google.step_count.cumulative:Google:Pixel 5a:0337e926fd1e924c:Step Counter","endTimeNanos":1646610632939124695,"dataTypeName":"com.google.distance.delta","startTimeNanos":1646610610513525945,"modifiedTimeMillis":1646612219720,"rawTimestampNanos":0},
        {"fitValue":[{"value":{"fpVal":19.364282608032227}}],"originDataSourceId":"raw:com.google.step_count.cumulative:Google:Pixel 5a:0337e926fd1e924c:Step Counter","endTimeNanos":1646610653925193230,"dataTypeName":"com.google.distance.delta","startTimeNanos":1646610632939124695,"modifiedTimeMillis":1646612219720,"rawTimestampNanos":0},
        {"fitValue":[{"value":{"fpVal":5.41016149520874}}],"originDataSourceId":"raw:com.google.step_count.cumulative:Google:Pixel 5a:0337e926fd1e924c:Step Counter","endTimeNanos":1646610691427363959,"dataTypeName":"com.google.distance.delta","startTimeNanos":1646610687582420625,"modifiedTimeMillis":1646612219720,"rawTimestampNanos":0},
        {"fitValue":[{"value":{"fpVal":23.51377296447754}}],"originDataSourceId":"raw:com.google.step_count.cumulative:Google:Pixel 5a:0337e926fd1e924c:Step Counter","endTimeNanos":1646612126255611959,"dataTypeName":"com.google.distance.delta","startTimeNanos":1646612058255609911,"modifiedTimeMillis":1646612219720,"rawTimestampNanos":0},
        {"fitValue":[{"value":{"fpVal":24.896936416625977}}],"originDataSourceId":"raw:com.google.step_count.cumulative:Google:Pixel 5a:0337e926fd1e924c:Step Counter","endTimeNanos":1646612202564344713,"dataTypeName":"com.google.distance.delta","startTimeNanos":1646612130564340617,"modifiedTimeMillis":1646612219720,"rawTimestampNanos":0},
        {"fitValue":[{"value":{"fpVal":16.597957611083984}}],"originDataSourceId":"raw:com.google.step_count.cumulative:Google:Pixel 5a:0337e926fd1e924c:Step Counter","endTimeNanos":1646612537727558811,"dataTypeName":"com.google.distance.delta","startTimeNanos":1646612477727558811,"modifiedTimeMillis":1646612676246,"rawTimestampNanos":0}
    ]
}