{
    "Data Source": "derived:com.google.internal.goal:com.google.android.apps.fitness:com_google_heart_minutes.cumulative.day...sample",
    "Data Points": [
        {"fitValue":[{"blob":{"internalGoal":{"endTimeNanos":9223372036854000000,"dataTypeName":"com.google.heart_minutes","cumulativeObjective":{"objective":{"fieldName":"intensity","value":{"fpVal":40},"operator":"GTE"}},"recurInterval":{"unit":"DAY","count":1},"startTimeNanos":1619362442469000000}}}],"originDataSourceId":"","endTimeNanos":1619362442469000000,"dataTypeName":"com.google.internal.goal","startTimeNanos":1619362442469000000,"modifiedTimeMillis":1619362448883,"rawTimestampNanos":0},
        {"fitValue":[{"blob":{"internalGoal":{"endTimeNanos":9223372036854000000,"dataTypeName":"com.google.heart_minutes","cumulativeObjective":{"objective":{"fieldName":"intensity","value":{"fpVal":40},"operator":"GTE"}},"recurInterval":{"unit":"DAY","count":1},"startTimeNanos":1646432395925000000}}}],"originDataSourceId":"","endTimeNanos":1646432395925000000,"dataTypeName":"com.google.internal.goal","startTimeNanos":1646432395925000000,"modifiedTimeMillis":1646432431640,"rawTimestampNanos":0},
        {"fitValue":[{"blob":{"internalGoal":{"endTimeNanos":9223372036854000000,"dataTypeName":"com.google.heart_minutes","cumulativeObjective":{"objective":{"fieldName":"intensity","value":{"fpVal":40},"operator":"GTE"}},"recurInterval":{"unit":"DAY","count":1},"startTimeNanos":1666793203834000000}}}],"originDataSourceId":"","endTimeNanos":1666793203834000000,"dataTypeName":"com.google.internal.goal","startTimeNanos":1666793203834000000,"modifiedTimeMillis":1666793258387,"rawTimestampNanos":0},
        {"fitValue":[{"blob":{"internalGoal":{"endTimeNanos":9223372036854000000,"dataTypeName":"com.google.heart_minutes","cumulativeObjective":{"objective":{"fieldName":"intensity","value":{"fpVal":40},"operator":"GTE"}},"recurInterval":{"unit":"DAY","count":1},"startTimeNanos":1679087196475000000}}}],"originDataSourceId":"","endTimeNanos":1679087196475000000,"dataTypeName":"com.google.internal.goal","startTimeNanos":1679087196475000000,"modifiedTimeMillis":1679087233621,"rawTimestampNanos":0}
    ]
}