{
    "Data Source": "derived:com.google.activity.segment:com.google.android.gms:session_activity_segment",
    "Data Points": [
        {"fitValue":[{"value":{"intVal":7}}],"originDataSourceId":"derived:com.google.activity.segment:com.fitnesskeeper.runkeeper.pro:session_activity_segment","endTimeNanos":1418057633613000000,"dataTypeName":"com.google.activity.segment","startTimeNanos":1418055764745000000,"modifiedTimeMillis":1418079670763,"rawTimestampNanos":0},
        {"fitValue":[{"value":{"intVal":7}}],"originDataSourceId":"derived:com.google.activity.segment:fitapp.fittofit:session_activity_segment","endTimeNanos":1645971251000000000,"dataTypeName":"com.google.activity.segment","startTimeNanos":1645969868000000000,"modifiedTimeMillis":1646439998993,"rawTimestampNanos":0},
        {"fitValue":[{"value":{"intVal":7}}],"originDataSourceId":"derived:com.google.activity.segment:fitapp.fittofit:session_activity_segment","endTimeNanos":1646050368000000000,"dataTypeName":"com.google.activity.segment","startTimeNanos":1646048325000000000,"modifiedTimeMillis":1646439999797,"rawTimestampNanos":0},
        {"fitValue":[{"value":{"intVal":8}}],"originDataSourceId":"derived:com.google.activity.segment:fitapp.fittofit:session_activity_segment","endTimeNanos":1646136123000000000,"dataTypeName":"com.google.activity.segment","startTimeNanos":1646135158000000000,"modifiedTimeMillis":1646440000588,"rawTimestampNanos":0},
        {"fitValue":[{"value":{"intVal":7}}],"originDataSourceId":"derived:com.google.activity.segment:fitapp.fittofit:session_activity_segment","endTimeNanos":1646223990000000000,"dataTypeName":"com.google.activity.segment","startTimeNanos":1646222107000000000,"modifiedTimeMillis":1646440001318,"rawTimestampNanos":0},
        {"fitValue":[{"value":{"intVal":7}}],"originDataSourceId":"derived:com.google.activity.segment:fitapp.fittofit:session_activity_segment","endTimeNanos":1646395458000000000,"dataTypeName":"com.google.activity.segment","startTimeNanos":1646394432000000000,"modifiedTimeMillis":1646457336854,"rawTimestampNanos":0},
        {"fitValue":[{"value":{"intVal":7}}],"originDataSourceId":"derived:com.google.activity.segment:com.fitbit.FitbitMobile:session_activity_segment","endTimeNanos":1676842365000000000,"dataTypeName":"com.google.activity.segment","startTimeNanos":1676840368000000000,"modifiedTimeMillis":1679090251009,"rawTimestampNanos":0},
        {"fitValue":[{"value":{"intVal":7}}],"originDataSourceId":"derived:com.google.activity.segment:com.fitbit.FitbitMobile:session_activity_segment","endTimeNanos":1676896061000000000,"dataTypeName":"com.google.activity.segment","startTimeNanos":1676894468000000000,"modifiedTimeMillis":1679090251009,"rawTimestampNanos":0},
        {"fitValue":[{"value":{"intVal":7}}],"originDataSourceId":"derived:com.google.activity.segment:com.fitbit.FitbitMobile:session_activity_segment","endTimeNanos":1676982845000000000,"dataTypeName":"com.google.activity.segment","startTimeNanos":1676981259000000000,"modifiedTimeMillis":1679090251009,"rawTimestampNanos":0},
        {"fitValue":[{"value":{"intVal":7}}],"originDataSourceId":"derived:com.google.activity.segment:com.fitbit.FitbitMobile:session_activity_segment","endTimeNanos":1677019097000000000,"dataTypeName":"com.google.activity.segment","startTimeNanos":1677017970000000000,"modifiedTimeMillis":1679090251430,"rawTimestampNanos":0},
        {"fitValue":[{"value":{"intVal":7}}],"originDataSourceId":"derived:com.google.activity.segment:com.fitbit.FitbitMobile:session_activity_segment","endTimeNanos":1677068177000000000,"dataTypeName":"com.google.activity.segment","startTimeNanos":1677066485000000000,"modifiedTimeMillis":1679090251430,"rawTimestampNanos":0},
        {"fitValue":[{"value":{"intVal":7}}],"originDataSourceId":"derived:com.google.activity.segment:com.fitbit.FitbitMobile:session_activity_segment","endTimeNanos":1677104245000000000,"dataTypeName":"com.google.activity.segment","startTimeNanos":1677103479000000000,"modifiedTimeMillis":1679090251430,"rawTimestampNanos":0},
        {"fitValue":[{"value":{"intVal":7}}],"originDataSourceId":"derived:com.google.activity.segment:com.fitbit.FitbitMobile:session_activity_segment","endTimeNanos":1677153936000000000,"dataTypeName":"com.google.activity.segment","startTimeNanos":1677152916000000000,"modifiedTimeMillis":1679090251430,"rawTimestampNanos":0},
        {"fitValue":[{"value":{"intVal":8}}],"originDataSourceId":"derived:com.google.activity.segment:com.fitbit.FitbitMobile:session_activity_segment","endTimeNanos":1677154655000000000,"dataTypeName":"com.google.activity.segment","startTimeNanos":1677153936000000000,"modifiedTimeMillis":1679090251430,"rawTimestampNanos":0},
        {"fitValue":[{"value":{"intVal":7}}],"originDataSourceId":"derived:com.google.activity.segment:com.fitbit.FitbitMobile:session_activity_segment","endTimeNanos":1677240596000000000,"dataTypeName":"com.google.activity.segment","startTimeNanos":1677239262000000000,"modifiedTimeMillis":1679090251430,"rawTimestampNanos":0},
        {"fitValue":[{"value":{"intVal":7}}],"originDataSourceId":"derived:com.google.activity.segment:com.fitbit.FitbitMobile:session_activity_segment","endTimeNanos":1677248845000000000,"dataTypeName":"com.google.activity.segment","startTimeNanos":1677248077000000000,"modifiedTimeMillis":1679090251430,"rawTimestampNanos":0},
        {"fitValue":[{"value":{"intVal":7}}],"originDataSourceId":"derived:com.google.activity.segment:com.fitbit.FitbitMobile:session_activity_segment","endTimeNanos":1677279163000000000,"dataTypeName":"com.google.activity.segment","startTimeNanos":1677278344000000000,"modifiedTimeMillis":1679090251430,"rawTimestampNanos":0},
        {"fitValue":[{"value":{"intVal":7}}],"originDataSourceId":"derived:com.google.activity.segment:com.fitbit.FitbitMobile:session_activity_segment","endTimeNanos":1677361354000000000,"dataTypeName":"com.google.activity.segment","startTimeNanos":1677359920000000000,"modifiedTimeMillis":1679090251430,"rawTimestampNanos":0},
        {"fitValue":[{"value":{"intVal":7}}],"originDataSourceId":"derived:com.google.activity.segment:com.fitbit.FitbitMobile:session_activity_segment","endTimeNanos":1677439491000000000,"dataTypeName":"com.google.activity.segment","startTimeNanos":1677438876000000000,"modifiedTimeMillis":1679090251430,"rawTimestampNanos":0},
        {"fitValue":[{"value":{"intVal":7}}],"originDataSourceId":"derived:com.google.activity.segment:com.fitbit.FitbitMobile:session_activity_segment","endTimeNanos":1677441850000000000,"dataTypeName":"com.google.activity.segment","startTimeNanos":1677440517000000000,"modifiedTimeMillis":1679090251430,"rawTimestampNanos":0},
        {"fitValue":[{"value":{"intVal":7}}],"originDataSourceId":"derived:com.google.activity.segment:com.fitbit.FitbitMobile:session_activity_segment","endTimeNanos":1677499075000000000,"dataTypeName":"com.google.activity.segment","startTimeNanos":1677498358000000000,"modifiedTimeMillis":1679090251430,"rawTimestampNanos":0},
        {"fitValue":[{"value":{"intVal":7}}],"originDataSourceId":"derived:com.google.activity.segment:com.fitbit.FitbitMobile:session_activity_segment","endTimeNanos":1677588181000000000,"dataTypeName":"com.google.activity.segment","startTimeNanos":1677585570000000000,"modifiedTimeMillis":1679090251907,"rawTimestampNanos":0},
        {"fitValue":[{"value":{"intVal":7}}],"originDataSourceId":"derived:com.google.activity.segment:com.fitbit.FitbitMobile:session_activity_segment","endTimeNanos":1677616807000000000,"dataTypeName":"com.google.activity.segment","startTimeNanos":1677616039000000000,"modifiedTimeMillis":1679090251907,"rawTimestampNanos":0},
        {"fitValue":[{"value":{"intVal":7}}],"originDataSourceId":"derived:com.google.activity.segment:com.fitbit.FitbitMobile:session_activity_segment","endTimeNanos":1677642522000000000,"dataTypeName":"com.google.activity.segment","startTimeNanos":1677641600000000000,"modifiedTimeMillis":1679090251907,"rawTimestampNanos":0},
        {"fitValue":[{"value":{"intVal":7}}],"originDataSourceId":"derived:com.google.activity.segment:com.fitbit.FitbitMobile:session_activity_segment","endTimeNanos":1677671978000000000,"dataTypeName":"com.google.activity.segment","startTimeNanos":1677670232000000000,"modifiedTimeMillis":1679090251907,"rawTimestampNanos":0},
        {"fitValue":[{"value":{"intVal":7}}],"originDataSourceId":"derived:com.google.activity.segment:com.fitbit.FitbitMobile:session_activity_segment","endTimeNanos":1677758978000000000,"dataTypeName":"com.google.activity.segment","startTimeNanos":1677757237000000000,"modifiedTimeMillis":1679090251907,"rawTimestampNanos":0},
        {"fitValue":[{"value":{"intVal":7}}],"originDataSourceId":"derived:com.google.activity.segment:com.fitbit.FitbitMobile:session_activity_segment","endTimeNanos":1677844392000000000,"dataTypeName":"com.google.activity.segment","startTimeNanos":1677842702000000000,"modifiedTimeMillis":1679090251907,"rawTimestampNanos":0},
        {"fitValue":[{"value":{"intVal":7}}],"originDataSourceId":"derived:com.google.activity.segment:com.fitbit.FitbitMobile:session_activity_segment","endTimeNanos":1677967149000000000,"dataTypeName":"com.google.activity.segment","startTimeNanos":1677966278000000000,"modifiedTimeMillis":1679090251907,"rawTimestampNanos":0},
        {"fitValue":[{"value":{"intVal":7}}],"originDataSourceId":"derived:com.google.activity.segment:com.fitbit.FitbitMobile:session_activity_segment","endTimeNanos":1678028564000000000,"dataTypeName":"com.google.activity.segment","startTimeNanos":1678026719000000000,"modifiedTimeMillis":1679090251907,"rawTimestampNanos":0},
        {"fitValue":[{"value":{"intVal":7}}],"originDataSourceId":"derived:com.google.activity.segment:com.fitbit.FitbitMobile:session_activity_segment","endTimeNanos":1678050648000000000,"dataTypeName":"com.google.activity.segment","startTimeNanos":1678049215000000000,"modifiedTimeMillis":1679090252315,"rawTimestampNanos":0},
        {"fitValue":[{"value":{"intVal":7}}],"originDataSourceId":"derived:com.google.activity.segment:com.fitbit.FitbitMobile:session_activity_segment","endTimeNanos":1678189808000000000,"dataTypeName":"com.google.activity.segment","startTimeNanos":1678189091000000000,"modifiedTimeMillis":1679090252315,"rawTimestampNanos":0},
        {"fitValue":[{"value":{"intVal":7}}],"originDataSourceId":"derived:com.google.activity.segment:com.fitbit.FitbitMobile:session_activity_segment","endTimeNanos":1678218126000000000,"dataTypeName":"com.google.activity.segment","startTimeNanos":1678217204000000000,"modifiedTimeMillis":1679090252315,"rawTimestampNanos":0},
        {"fitValue":[{"value":{"intVal":7}}],"originDataSourceId":"derived:com.google.activity.segment:com.fitbit.FitbitMobile:session_activity_segment","endTimeNanos":1678275379000000000,"dataTypeName":"com.google.activity.segment","startTimeNanos":1678274713000000000,"modifiedTimeMillis":1679090252315,"rawTimestampNanos":0},
        {"fitValue":[{"value":{"intVal":7}}],"originDataSourceId":"derived:com.google.activity.segment:com.fitbit.FitbitMobile:session_activity_segment","endTimeNanos":1678450323000000000,"dataTypeName":"com.google.activity.segment","startTimeNanos":1678449043000000000,"modifiedTimeMillis":1679090252315,"rawTimestampNanos":0},
        {"fitValue":[{"value":{"intVal":7}}],"originDataSourceId":"derived:com.google.activity.segment:com.fitbit.FitbitMobile:session_activity_segment","endTimeNanos":1678632044000000000,"dataTypeName":"com.google.activity.segment","startTimeNanos":1678630201000000000,"modifiedTimeMillis":1679090252723,"rawTimestampNanos":0},
        {"fitValue":[{"value":{"intVal":7}}],"originDataSourceId":"derived:com.google.activity.segment:com.fitbit.FitbitMobile:session_activity_segment","endTimeNanos":1678705677000000000,"dataTypeName":"com.google.activity.segment","startTimeNanos":1678704140000000000,"modifiedTimeMillis":1679090252723,"rawTimestampNanos":0},
        {"fitValue":[{"value":{"intVal":7}}],"originDataSourceId":"derived:com.google.activity.segment:com.fitbit.FitbitMobile:session_activity_segment","endTimeNanos":1678746100000000000,"dataTypeName":"com.google.activity.segment","startTimeNanos":1678745230000000000,"modifiedTimeMillis":1679090252723,"rawTimestampNanos":0},
        {"fitValue":[{"value":{"intVal":7}}],"originDataSourceId":"derived:com.google.activity.segment:com.fitbit.FitbitMobile:session_activity_segment","endTimeNanos":1678792270000000000,"dataTypeName":"com.google.activity.segment","startTimeNanos":1678790528000000000,"modifiedTimeMillis":1679090252723,"rawTimestampNanos":0},
        {"fitValue":[{"value":{"intVal":7}}],"originDataSourceId":"derived:com.google.activity.segment:com.fitbit.FitbitMobile:session_activity_segment","endTimeNanos":1678878965000000000,"dataTypeName":"com.google.activity.segment","startTimeNanos":1678877679000000000,"modifiedTimeMillis":1679090252723,"rawTimestampNanos":0},
        {"fitValue":[{"value":{"intVal":7}}],"originDataSourceId":"derived:com.google.activity.segment:com.fitbit.FitbitMobile:session_activity_segment","endTimeNanos":1678964642000000000,"dataTypeName":"com.google.activity.segment","startTimeNanos":1678963874000000000,"modifiedTimeMillis":1679090252723,"rawTimestampNanos":0},
        {"fitValue":[{"value":{"intVal":7}}],"originDataSourceId":"derived:com.google.activity.segment:com.fitbit.FitbitMobile:session_activity_segment","endTimeNanos":1679051549000000000,"dataTypeName":"com.google.activity.segment","startTimeNanos":1679050112000000000,"modifiedTimeMillis":1679090252723,"rawTimestampNanos":0},
        {"fitValue":[{"value":{"intVal":7}}],"originDataSourceId":"derived:com.google.activity.segment:com.fitbit.FitbitMobile:session_activity_segment","endTimeNanos":1679070092000000000,"dataTypeName":"com.google.activity.segment","startTimeNanos":1679066200000000000,"modifiedTimeMillis":1679090253073,"rawTimestampNanos":0},
        {"fitValue":[{"value":{"intVal":7}}],"originDataSourceId":"derived:com.google.activity.segment:com.fitbit.FitbitMobile:session_activity_segment","endTimeNanos":1679171020000000000,"dataTypeName":"com.google.activity.segment","startTimeNanos":1679169841000000000,"modifiedTimeMillis":1679174059527,"rawTimestampNanos":0}
    ]
}