{
    "Data Source": "derived:com.google.weight:com.google.android.gms:merge_weight",
    "Data Points": [
        {"fitValue":[{"value":{"fpVal":96.61616516113281}}],"originDataSourceId":"raw:com.google.weight:com.google.android.apps.fitness:user_input","endTimeNanos":1417969258443000000,"dataTypeName":"com.google.weight","startTimeNanos":1417969258443000000,"modifiedTimeMillis":1417970007714,"rawTimestampNanos":0},
        {"fitValue":[{"value":{"fpVal":96.61616516113281}}],"originDataSourceId":"raw:com.google.weight:com.google.android.apps.fitness:user_input","endTimeNanos":1417969307560000000,"dataTypeName":"com.google.weight","startTimeNanos":1417969307560000000,"modifiedTimeMillis":1417970009061,"rawTimestampNanos":0},
        {"fitValue":[{"value":{"fpVal":96.61616516113281}}],"originDataSourceId":"raw:com.google.weight:com.google.android.apps.fitness:user_input","endTimeNanos":1417969323769000000,"dataTypeName":"com.google.weight","startTimeNanos":1417969323769000000,"modifiedTimeMillis":1417970041519,"rawTimestampNanos":0},
        {"fitValue":[{"value":{"fpVal":100.56134796142578}}],"originDataSourceId":"raw:com.google.weight:com.google.android.apps.fitness:user_input","endTimeNanos":1619362321289000000,"dataTypeName":"com.google.weight","startTimeNanos":1619362321289000000,"modifiedTimeMillis":1619362453922,"rawTimestampNanos":0},
        {"fitValue":[{"value":{"fpVal":102.0128402709961}}],"originDataSourceId":"raw:com.google.weight:com.google.android.apps.fitness:user_input","endTimeNanos":1666793224187000000,"dataTypeName":"com.google.weight","startTimeNanos":1666793224187000000,"modifiedTimeMillis":1666793263695,"rawTimestampNanos":0},
        {"fitValue":[{"value":{"fpVal":98.5199966430664}}],"originDataSourceId":"raw:com.google.weight:com.withings.wiscale2:health_platform","endTimeNanos":1677522000000000000,"dataTypeName":"com.google.weight","startTimeNanos":1677522000000000000,"modifiedTimeMillis":1679090256232,"rawTimestampNanos":0},
        {"fitValue":[{"value":{"fpVal":97.65799713134766}}],"originDataSourceId":"raw:com.google.weight:com.withings.wiscale2:health_platform","endTimeNanos":1677608400000000000,"dataTypeName":"com.google.weight","startTimeNanos":1677608400000000000,"modifiedTimeMillis":1679090256232,"rawTimestampNanos":0},
        {"fitValue":[{"value":{"fpVal":96.88700103759766}}],"originDataSourceId":"raw:com.google.weight:com.withings.wiscale2:health_platform","endTimeNanos":1677694740000000000,"dataTypeName":"com.google.weight","startTimeNanos":1677694740000000000,"modifiedTimeMillis":1679090256232,"rawTimestampNanos":0},
        {"fitValue":[{"value":{"fpVal":96.16100311279297}}],"originDataSourceId":"raw:com.google.weight:com.withings.wiscale2:health_platform","endTimeNanos":1677781140000000000,"dataTypeName":"com.google.weight","startTimeNanos":1677781140000000000,"modifiedTimeMillis":1679090256232,"rawTimestampNanos":0},
        {"fitValue":[{"value":{"fpVal":96.16100311279297}}],"originDataSourceId":"raw:com.google.weight:com.withings.wiscale2:health_platform","endTimeNanos":1677867480000000000,"dataTypeName":"com.google.weight","startTimeNanos":1677867480000000000,"modifiedTimeMillis":1679090256232,"rawTimestampNanos":0},
        {"fitValue":[{"value":{"fpVal":96.47899627685547}}],"originDataSourceId":"raw:com.google.weight:com.withings.wiscale2:health_platform","endTimeNanos":1677953880000000000,"dataTypeName":"com.google.weight","startTimeNanos":1677953880000000000,"modifiedTimeMillis":1679090256232,"rawTimestampNanos":0},
        {"fitValue":[{"value":{"fpVal":97.06800079345703}}],"originDataSourceId":"raw:com.google.weight:com.withings.wiscale2:health_platform","endTimeNanos":1678040316000000000,"dataTypeName":"com.google.weight","startTimeNanos":1678040316000000000,"modifiedTimeMillis":1679090256232,"rawTimestampNanos":0},
        {"fitValue":[{"value":{"fpVal":96.7511978149414}}],"originDataSourceId":"raw:com.google.weight:com.withings.wiscale2:health_platform","endTimeNanos":1678101254036000000,"dataTypeName":"com.google.weight","startTimeNanos":1678101254036000000,"modifiedTimeMillis":1679090256232,"rawTimestampNanos":0},
        {"fitValue":[{"value":{"fpVal":96.47899627685547}}],"originDataSourceId":"raw:com.google.weight:com.withings.wiscale2:health_platform","endTimeNanos":1678281004494000000,"dataTypeName":"com.google.weight","startTimeNanos":1678281004494000000,"modifiedTimeMillis":1679090256232,"rawTimestampNanos":0},
        {"fitValue":[{"value":{"fpVal":96.07078552246094}}],"originDataSourceId":"raw:com.google.weight:com.google.android.apps.fitness:user_input","endTimeNanos":1679087214460000000,"dataTypeName":"com.google.weight","startTimeNanos":1679087214460000000,"modifiedTimeMillis":1679087238863,"rawTimestampNanos":0},
        {"fitValue":[{"value":{"fpVal":96.97799682617188}}],"originDataSourceId":"raw:com.google.weight:com.withings.wiscale2:health_platform","endTimeNanos":1679139411529000000,"dataTypeName":"com.google.weight","startTimeNanos":1679139411529000000,"modifiedTimeMillis":1679139465047,"rawTimestampNanos":0}
    ]
}