{
    "Data Source": "derived:com.google.step_count.delta:com.google.android.gms:motorola:moto g(7):bddb9923577fa5ee:derive_step_deltas\u003c-raw:com.google.step_count.cumulative:motorola:moto g(7):bddb9923577fa5ee:Step Counter",
    "Data Points": [
        {"fitValue":[{"value":{"intVal":6}}],"originDataSourceId":"raw:com.google.step_count.cumulative:motorola:moto g(7):bddb9923577fa5ee:Step Counter","endTimeNanos":1619362361026296386,"dataTypeName":"com.google.step_count.delta","startTimeNanos":1619362357239703062,"modifiedTimeMillis":1619362453955,"rawTimestampNanos":0},
        {"fitValue":[{"value":{"intVal":27}}],"originDataSourceId":"raw:com.google.step_count.cumulative:motorola:moto g(7):bddb9923577fa5ee:Step Counter","endTimeNanos":1619362417241529436,"dataTypeName":"com.google.step_count.delta","startTimeNanos":1619362361026296386,"modifiedTimeMillis":1619362453955,"rawTimestampNanos":0},
        {"fitValue":[{"value":{"intVal":1}}],"originDataSourceId":"raw:com.google.step_count.cumulative:motorola:moto g(7):bddb9923577fa5ee:Step Counter","endTimeNanos":1619362626109963028,"dataTypeName":"com.google.step_count.delta","startTimeNanos":1619362566109963028,"modifiedTimeMillis":1619365934008,"rawTimestampNanos":0},
        {"fitValue":[{"value":{"intVal":9}}],"originDataSourceId":"raw:com.google.step_count.cumulative:motorola:moto g(7):bddb9923577fa5ee:Step Counter","endTimeNanos":1619362853307250713,"dataTypeName":"com.google.step_count.delta","startTimeNanos":1619362793307250713,"modifiedTimeMillis":1619365934008,"rawTimestampNanos":0},
        {"fitValue":[{"value":{"intVal":14}}],"originDataSourceId":"raw:com.google.step_count.cumulative:motorola:moto g(7):bddb9923577fa5ee:Step Counter","endTimeNanos":1619362873428709849,"dataTypeName":"com.google.step_count.delta","startTimeNanos":1619362853307250713,"modifiedTimeMillis":1619365934008,"rawTimestampNanos":0},
        {"fitValue":[{"value":{"intVal":17}}],"originDataSourceId":"raw:com.google.step_count.cumulative:motorola:moto g(7):bddb9923577fa5ee:Step Counter","endTimeNanos":1619362957358773954,"dataTypeName":"com.google.step_count.delta","startTimeNanos":1619362897358773954,"modifiedTimeMillis":1619365934008,"rawTimestampNanos":0},
        {"fitValue":[{"value":{"intVal":12}}],"originDataSourceId":"raw:com.google.step_count.cumulative:motorola:moto g(7):bddb9923577fa5ee:Step Counter","endTimeNanos":1619362968114396116,"dataTypeName":"com.google.step_count.delta","startTimeNanos":1619362957358773954,"modifiedTimeMillis":1619365934008,"rawTimestampNanos":0},
        {"fitValue":[{"value":{"intVal":3}}],"originDataSourceId":"raw:com.google.step_count.cumulative:motorola:moto g(7):bddb9923577fa5ee:Step Counter","endTimeNanos":1619363107061240449,"dataTypeName":"com.google.step_count.delta","startTimeNanos":1619363047061240449,"modifiedTimeMillis":1619365934008,"rawTimestampNanos":0},
        {"fitValue":[{"value":{"intVal":2}}],"originDataSourceId":"raw:com.google.step_count.cumulative:motorola:moto g(7):bddb9923577fa5ee:Step Counter","endTimeNanos":1619363270218309849,"dataTypeName":"com.google.step_count.delta","startTimeNanos":1619363210218309849,"modifiedTimeMillis":1619365934008,"rawTimestampNanos":0},
        {"fitValue":[{"value":{"intVal":32}}],"originDataSourceId":"raw:com.google.step_count.cumulative:motorola:moto g(7):bddb9923577fa5ee:Step Counter","endTimeNanos":1619365563782963587,"dataTypeName":"com.google.step_count.delta","startTimeNanos":1619365499782959491,"modifiedTimeMillis":1619365934008,"rawTimestampNanos":0},
        {"fitValue":[{"value":{"intVal":11}}],"originDataSourceId":"raw:com.google.step_count.cumulative:motorola:moto g(7):bddb9923577fa5ee:Step Counter","endTimeNanos":1619365572746004769,"dataTypeName":"com.google.step_count.delta","startTimeNanos":1619365563782963587,"modifiedTimeMillis":1619365934008,"rawTimestampNanos":0},
        {"fitValue":[{"value":{"intVal":5}}],"originDataSourceId":"raw:com.google.step_count.cumulative:motorola:moto g(7):bddb9923577fa5ee:Step Counter","endTimeNanos":1619366100174029592,"dataTypeName":"com.google.step_count.delta","startTimeNanos":1619366040174029592,"modifiedTimeMillis":1619369536810,"rawTimestampNanos":0},
        {"fitValue":[{"value":{"intVal":1}}],"originDataSourceId":"raw:com.google.step_count.cumulative:motorola:moto g(7):bddb9923577fa5ee:Step Counter","endTimeNanos":1619366412832129204,"dataTypeName":"com.google.step_count.delta","startTimeNanos":1619366352832129204,"modifiedTimeMillis":1619369536810,"rawTimestampNanos":0},
        {"fitValue":[{"value":{"intVal":1}}],"originDataSourceId":"raw:com.google.step_count.cumulative:motorola:moto g(7):bddb9923577fa5ee:Step Counter","endTimeNanos":1619366592787296528,"dataTypeName":"com.google.step_count.delta","startTimeNanos":1619366532787296528,"modifiedTimeMillis":1619369536810,"rawTimestampNanos":0},
        {"fitValue":[{"value":{"intVal":3}}],"originDataSourceId":"raw:com.google.step_count.cumulative:motorola:moto g(7):bddb9923577fa5ee:Step Counter","endTimeNanos":1619367266584364133,"dataTypeName":"com.google.step_count.delta","startTimeNanos":1619367206584364133,"modifiedTimeMillis":1619369536810,"rawTimestampNanos":0}
    ]
}