{
    "Data Source": "derived:com.google.activity.segment:com.google.android.gms:from_sample\u003c-derived:com.google.activity.sample:com.google.android.gms:motorola:XT1034:a7cfcee4f370e843:detailed",
    "Data Points": [
        {"fitValue":[{"value":{"intVal":3}}],"originDataSourceId":"derived:com.google.activity.sample:com.google.android.gms:motorola:XT1034:a7cfcee4f370e843:detailed","endTimeNanos":1417970584338000000,"dataTypeName":"com.google.activity.segment","startTimeNanos":1417969530689000000,"modifiedTimeMillis":1417975025902,"rawTimestampNanos":0},
        {"fitValue":[{"value":{"intVal":7}}],"originDataSourceId":"derived:com.google.activity.sample:com.google.android.gms:motorola:XT1034:a7cfcee4f370e843:detailed","endTimeNanos":1417970698179000000,"dataTypeName":"com.google.activity.segment","startTimeNanos":1417970668736000000,"modifiedTimeMillis":1417975025902,"rawTimestampNanos":0},
        {"fitValue":[{"value":{"intVal":3}}],"originDataSourceId":"derived:com.google.activity.sample:com.google.android.gms:motorola:XT1034:a7cfcee4f370e843:detailed","endTimeNanos":1417974773522000000,"dataTypeName":"com.google.activity.segment","startTimeNanos":1417970698179000000,"modifiedTimeMillis":1417978526597,"rawTimestampNanos":0}
    ]
}