{
    "Data Source": "derived:com.google.speed:com.google.android.fit:Google:Pixel 5a:0337e926fd1e924c:top_level",
    "Data Points": [
        {"fitValue":[{"value":{"fpVal":0.3457907736301422}}],"originDataSourceId":"raw:com.google.step_count.cumulative:Google:Pixel 5a:0337e926fd1e924c:Step Counter","endTimeNanos":1646432583289614634,"dataTypeName":"com.google.speed","startTimeNanos":1646432583289614634,"modifiedTimeMillis":1646436999126,"rawTimestampNanos":0},
        {"fitValue":[{"value":{"fpVal":0.3457907438278198}}],"originDataSourceId":"raw:com.google.step_count.cumulative:Google:Pixel 5a:0337e926fd1e924c:Step Counter","endTimeNanos":1646432695024670717,"dataTypeName":"com.google.speed","startTimeNanos":1646432695024670717,"modifiedTimeMillis":1646436999126,"rawTimestampNanos":0},
        {"fitValue":[{"value":{"fpVal":0.3457907438278198}}],"originDataSourceId":"raw:com.google.step_count.cumulative:Google:Pixel 5a:0337e926fd1e924c:Step Counter","endTimeNanos":1646432945098727790,"dataTypeName":"com.google.speed","startTimeNanos":1646432945098727790,"modifiedTimeMillis":1646436999126,"rawTimestampNanos":0},
        {"fitValue":[{"value":{"fpVal":0.8114426136016846}}],"originDataSourceId":"raw:com.google.step_count.cumulative:Google:Pixel 5a:0337e926fd1e924c:Step Counter","endTimeNanos":1646433110835590648,"dataTypeName":"com.google.speed","startTimeNanos":1646433110835590648,"modifiedTimeMillis":1646436999126,"rawTimestampNanos":0},
        {"fitValue":[{"value":{"fpVal":0.3112116754055023}}],"originDataSourceId":"raw:com.google.step_count.cumulative:Google:Pixel 5a:0337e926fd1e924c:Step Counter","endTimeNanos":1646433214111243546,"dataTypeName":"com.google.speed","startTimeNanos":1646433214111243546,"modifiedTimeMillis":1646436999126,"rawTimestampNanos":0},
        {"fitValue":[{"value":{"fpVal":0.3457907736301422}}],"originDataSourceId":"raw:com.google.step_count.cumulative:Google:Pixel 5a:0337e926fd1e924c:Step Counter","endTimeNanos":1646434752678291261,"dataTypeName":"com.google.speed","startTimeNanos":1646434752678291261,"modifiedTimeMillis":1646436999126,"rawTimestampNanos":0},
        {"fitValue":[{"value":{"fpVal":0.48557671904563904}}],"originDataSourceId":"raw:com.google.step_count.cumulative:Google:Pixel 5a:0337e926fd1e924c:Step Counter","endTimeNanos":1646434827117844830,"dataTypeName":"com.google.speed","startTimeNanos":1646434827117844830,"modifiedTimeMillis":1646436999126,"rawTimestampNanos":0},
        {"fitValue":[{"value":{"fpVal":1.2667509317398071}}],"originDataSourceId":"raw:com.google.step_count.cumulative:Google:Pixel 5a:0337e926fd1e924c:Step Counter","endTimeNanos":1646434917485796491,"dataTypeName":"com.google.speed","startTimeNanos":1646434917485796491,"modifiedTimeMillis":1646436999126,"rawTimestampNanos":0},
        {"fitValue":[{"value":{"fpVal":0.3457907736301422}}],"originDataSourceId":"raw:com.google.step_count.cumulative:Google:Pixel 5a:0337e926fd1e924c:Step Counter","endTimeNanos":1646435025812982473,"dataTypeName":"com.google.speed","startTimeNanos":1646435025812982473,"modifiedTimeMillis":1646436999126,"rawTimestampNanos":0},
        {"fitValue":[{"value":{"fpVal":0.8198777437210083}}],"originDataSourceId":"raw:com.google.step_count.cumulative:Google:Pixel 5a:0337e926fd1e924c:Step Counter","endTimeNanos":1646435085935197047,"dataTypeName":"com.google.speed","startTimeNanos":1646435085935197047,"modifiedTimeMillis":1646436999126,"rawTimestampNanos":0},
        {"fitValue":[{"value":{"fpVal":0.3457907736301422}}],"originDataSourceId":"raw:com.google.step_count.cumulative:Google:Pixel 5a:0337e926fd1e924c:Step Counter","endTimeNanos":1646436606136291396,"dataTypeName":"com.google.speed","startTimeNanos":1646436606136291396,"modifiedTimeMillis":1646436999126,"rawTimestampNanos":0},
        {"fitValue":[{"value":{"fpVal":0.33755335211753845}}],"originDataSourceId":"raw:com.google.step_count.cumulative:Google:Pixel 5a:0337e926fd1e924c:Step Counter","endTimeNanos":1646436654258308367,"dataTypeName":"com.google.speed","startTimeNanos":1646436654258308367,"modifiedTimeMillis":1646436999126,"rawTimestampNanos":0},
        {"fitValue":[{"value":{"fpVal":0.3457907736301422}}],"originDataSourceId":"raw:com.google.step_count.cumulative:Google:Pixel 5a:0337e926fd1e924c:Step Counter","endTimeNanos":1646439489535923875,"dataTypeName":"com.google.speed","startTimeNanos":1646439489535923875,"modifiedTimeMillis":1646440002913,"rawTimestampNanos":0},
        {"fitValue":[{"value":{"fpVal":0.3457907736301422}}],"originDataSourceId":"raw:com.google.step_count.cumulative:Google:Pixel 5a:0337e926fd1e924c:Step Counter","endTimeNanos":1646439678229076174,"dataTypeName":"com.google.speed","startTimeNanos":1646439678229076174,"modifiedTimeMillis":1646440002913,"rawTimestampNanos":0},
        {"fitValue":[{"value":{"fpVal":0.9179379940032959}}],"originDataSourceId":"raw:com.google.step_count.cumulative:Google:Pixel 5a:0337e926fd1e924c:Step Counter","endTimeNanos":1646439724879635314,"dataTypeName":"com.google.speed","startTimeNanos":1646439724879635314,"modifiedTimeMillis":1646440002913,"rawTimestampNanos":0},
        {"fitValue":[{"value":{"fpVal":0.3457907736301422}}],"originDataSourceId":"raw:com.google.step_count.cumulative:Google:Pixel 5a:0337e926fd1e924c:Step Counter","endTimeNanos":1646444284295507044,"dataTypeName":"com.google.speed","startTimeNanos":1646444284295507044,"modifiedTimeMillis":1646444362834,"rawTimestampNanos":0},
        {"fitValue":[{"value":{"fpVal":1.3915847539901733}}],"originDataSourceId":"raw:com.google.step_count.cumulative:Google:Pixel 5a:0337e926fd1e924c:Step Counter","endTimeNanos":1646444350597660134,"dataTypeName":"com.google.speed","startTimeNanos":1646444350597660134,"modifiedTimeMillis":1646447294423,"rawTimestampNanos":0},
        {"fitValue":[{"value":{"fpVal":0.5470450520515442}}],"originDataSourceId":"raw:com.google.step_count.cumulative:Google:Pixel 5a:0337e926fd1e924c:Step Counter","endTimeNanos":1646459384238224749,"dataTypeName":"com.google.speed","startTimeNanos":1646459384238224749,"modifiedTimeMillis":1646460936622,"rawTimestampNanos":0},
        {"fitValue":[{"value":{"fpVal":0.2591610550880432}}],"originDataSourceId":"raw:com.google.step_count.cumulative:Google:Pixel 5a:0337e926fd1e924c:Step Counter","endTimeNanos":1646459432838780116,"dataTypeName":"com.google.speed","startTimeNanos":1646459432838780116,"modifiedTimeMillis":1646460936622,"rawTimestampNanos":0},
        {"fitValue":[{"value":{"fpVal":0.3457907438278198}}],"originDataSourceId":"raw:com.google.step_count.cumulative:Google:Pixel 5a:0337e926fd1e924c:Step Counter","endTimeNanos":1646483553278286509,"dataTypeName":"com.google.speed","startTimeNanos":1646483553278286509,"modifiedTimeMillis":1646486416596,"rawTimestampNanos":0},
        {"fitValue":[{"value":{"fpVal":0.3457907736301422}}],"originDataSourceId":"raw:com.google.step_count.cumulative:Google:Pixel 5a:0337e926fd1e924c:Step Counter","endTimeNanos":1646483859976254517,"dataTypeName":"com.google.speed","startTimeNanos":1646483859976254517,"modifiedTimeMillis":1646486416596,"rawTimestampNanos":0},
        {"fitValue":[{"value":{"fpVal":0.3457907438278198}}],"originDataSourceId":"raw:com.google.step_count.cumulative:Google:Pixel 5a:0337e926fd1e924c:Step Counter","endTimeNanos":1646498145673540255,"dataTypeName":"com.google.speed","startTimeNanos":1646498145673540255,"modifiedTimeMillis":1646501276847,"rawTimestampNanos":0},
        {"fitValue":[{"value":{"fpVal":0.2996853291988373}}],"originDataSourceId":"raw:com.google.step_count.cumulative:Google:Pixel 5a:0337e926fd1e924c:Step Counter","endTimeNanos":1646498233608873288,"dataTypeName":"com.google.speed","startTimeNanos":1646498233608873288,"modifiedTimeMillis":1646501276847,"rawTimestampNanos":0},
        {"fitValue":[{"value":{"fpVal":0.5037236213684082}}],"originDataSourceId":"raw:com.google.step_count.cumulative:Google:Pixel 5a:0337e926fd1e924c:Step Counter","endTimeNanos":1646498351911407993,"dataTypeName":"com.google.speed","startTimeNanos":1646498351911407993,"modifiedTimeMillis":1646501276847,"rawTimestampNanos":0},
        {"fitValue":[{"value":{"fpVal":0.40099847316741943}}],"originDataSourceId":"raw:com.google.step_count.cumulative:Google:Pixel 5a:0337e926fd1e924c:Step Counter","endTimeNanos":1646498391442721096,"dataTypeName":"com.google.speed","startTimeNanos":1646498391442721096,"modifiedTimeMillis":1646501276847,"rawTimestampNanos":0},
        {"fitValue":[{"value":{"fpVal":0.28815898299217224}}],"originDataSourceId":"raw:com.google.step_count.cumulative:Google:Pixel 5a:0337e926fd1e924c:Step Counter","endTimeNanos":1646498688964241301,"dataTypeName":"com.google.speed","startTimeNanos":1646498688964241301,"modifiedTimeMillis":1646501276847,"rawTimestampNanos":0},
        {"fitValue":[{"value":{"fpVal":0.32503971457481384}}],"originDataSourceId":"raw:com.google.step_count.cumulative:Google:Pixel 5a:0337e926fd1e924c:Step Counter","endTimeNanos":1646499237674447172,"dataTypeName":"com.google.speed","startTimeNanos":1646499237674447172,"modifiedTimeMillis":1646501276847,"rawTimestampNanos":0},
        {"fitValue":[{"value":{"fpVal":0.2766326069831848}}],"originDataSourceId":"raw:com.google.step_count.cumulative:Google:Pixel 5a:0337e926fd1e924c:Step Counter","endTimeNanos":1646499341266847611,"dataTypeName":"com.google.speed","startTimeNanos":1646499341266847611,"modifiedTimeMillis":1646501276847,"rawTimestampNanos":0},
        {"fitValue":[{"value":{"fpVal":0.3457907736301422}}],"originDataSourceId":"raw:com.google.step_count.cumulative:Google:Pixel 5a:0337e926fd1e924c:Step Counter","endTimeNanos":1646499506194513001,"dataTypeName":"com.google.speed","startTimeNanos":1646499506194513001,"modifiedTimeMillis":1646501276847,"rawTimestampNanos":0},
        {"fitValue":[{"value":{"fpVal":0.2651062607765198}}],"originDataSourceId":"raw:com.google.step_count.cumulative:Google:Pixel 5a:0337e926fd1e924c:Step Counter","endTimeNanos":1646500219551690702,"dataTypeName":"com.google.speed","startTimeNanos":1646500219551690702,"modifiedTimeMillis":1646501276847,"rawTimestampNanos":0},
        {"fitValue":[{"value":{"fpVal":0.2766326069831848}}],"originDataSourceId":"raw:com.google.step_count.cumulative:Google:Pixel 5a:0337e926fd1e924c:Step Counter","endTimeNanos":1646504997675288800,"dataTypeName":"com.google.speed","startTimeNanos":1646504997675288800,"modifiedTimeMillis":1646509638934,"rawTimestampNanos":0},
        {"fitValue":[{"value":{"fpVal":0.3457907438278198}}],"originDataSourceId":"raw:com.google.step_count.cumulative:Google:Pixel 5a:0337e926fd1e924c:Step Counter","endTimeNanos":1646507317248181436,"dataTypeName":"com.google.speed","startTimeNanos":1646507317248181436,"modifiedTimeMillis":1646509638934,"rawTimestampNanos":0},
        {"fitValue":[{"value":{"fpVal":0.3342643976211548}}],"originDataSourceId":"raw:com.google.step_count.cumulative:Google:Pixel 5a:0337e926fd1e924c:Step Counter","endTimeNanos":1646511092030538976,"dataTypeName":"com.google.speed","startTimeNanos":1646511092030538976,"modifiedTimeMillis":1646512104427,"rawTimestampNanos":0},
        {"fitValue":[{"value":{"fpVal":0.28815898299217224}}],"originDataSourceId":"raw:com.google.step_count.cumulative:Google:Pixel 5a:0337e926fd1e924c:Step Counter","endTimeNanos":1646511190298613500,"dataTypeName":"com.google.speed","startTimeNanos":1646511190298613500,"modifiedTimeMillis":1646512104427,"rawTimestampNanos":0},
        {"fitValue":[{"value":{"fpVal":1.396597146987915}}],"originDataSourceId":"raw:com.google.step_count.cumulative:Google:Pixel 5a:0337e926fd1e924c:Step Counter","endTimeNanos":1646511316612364611,"dataTypeName":"com.google.speed","startTimeNanos":1646511316612364611,"modifiedTimeMillis":1646512104427,"rawTimestampNanos":0},
        {"fitValue":[{"value":{"fpVal":0.3457907438278198}}],"originDataSourceId":"raw:com.google.step_count.cumulative:Google:Pixel 5a:0337e926fd1e924c:Step Counter","endTimeNanos":1646513079507938737,"dataTypeName":"com.google.speed","startTimeNanos":1646513079507938737,"modifiedTimeMillis":1646516097372,"rawTimestampNanos":0},
        {"fitValue":[{"value":{"fpVal":0.3457907736301422}}],"originDataSourceId":"raw:com.google.step_count.cumulative:Google:Pixel 5a:0337e926fd1e924c:Step Counter","endTimeNanos":1646515838775796607,"dataTypeName":"com.google.speed","startTimeNanos":1646515838775796607,"modifiedTimeMillis":1646516097372,"rawTimestampNanos":0},
        {"fitValue":[{"value":{"fpVal":0.2462131232023239}}],"originDataSourceId":"raw:com.google.step_count.cumulative:Google:Pixel 5a:0337e926fd1e924c:Step Counter","endTimeNanos":1646516076657023223,"dataTypeName":"com.google.speed","startTimeNanos":1646516076657023223,"modifiedTimeMillis":1646520480272,"rawTimestampNanos":0},
        {"fitValue":[{"value":{"fpVal":0.3457907438278198}}],"originDataSourceId":"raw:com.google.step_count.cumulative:Google:Pixel 5a:0337e926fd1e924c:Step Counter","endTimeNanos":1646516977070151896,"dataTypeName":"com.google.speed","startTimeNanos":1646516977070151896,"modifiedTimeMillis":1646520480272,"rawTimestampNanos":0},
        {"fitValue":[{"value":{"fpVal":0.3921464681625366}}],"originDataSourceId":"raw:com.google.step_count.cumulative:Google:Pixel 5a:0337e926fd1e924c:Step Counter","endTimeNanos":1646521136422217491,"dataTypeName":"com.google.speed","startTimeNanos":1646521136422217491,"modifiedTimeMillis":1646528811378,"rawTimestampNanos":0},
        {"fitValue":[{"value":{"fpVal":0.917408287525177}}],"originDataSourceId":"raw:com.google.step_count.cumulative:Google:Pixel 5a:0337e926fd1e924c:Step Counter","endTimeNanos":1646521209583098373,"dataTypeName":"com.google.speed","startTimeNanos":1646521209583098373,"modifiedTimeMillis":1646528811378,"rawTimestampNanos":0},
        {"fitValue":[{"value":{"fpVal":0.35888129472732544}}],"originDataSourceId":"raw:com.google.step_count.cumulative:Google:Pixel 5a:0337e926fd1e924c:Step Counter","endTimeNanos":1646522289591551962,"dataTypeName":"com.google.speed","startTimeNanos":1646522289591551962,"modifiedTimeMillis":1646528811378,"rawTimestampNanos":0},
        {"fitValue":[{"value":{"fpVal":1.3703025579452515}}],"originDataSourceId":"raw:com.google.step_count.cumulative:Google:Pixel 5a:0337e926fd1e924c:Step Counter","endTimeNanos":1646522362009807684,"dataTypeName":"com.google.speed","startTimeNanos":1646522362009807684,"modifiedTimeMillis":1646528811378,"rawTimestampNanos":0},
        {"fitValue":[{"value":{"fpVal":0.3474471867084503}}],"originDataSourceId":"raw:com.google.step_count.cumulative:Google:Pixel 5a:0337e926fd1e924c:Step Counter","endTimeNanos":1646522999740349679,"dataTypeName":"com.google.speed","startTimeNanos":1646522999740349679,"modifiedTimeMillis":1646528811378,"rawTimestampNanos":0},
        {"fitValue":[{"value":{"fpVal":0.3457907736301422}}],"originDataSourceId":"raw:com.google.step_count.cumulative:Google:Pixel 5a:0337e926fd1e924c:Step Counter","endTimeNanos":1646528848830871958,"dataTypeName":"com.google.speed","startTimeNanos":1646528848830871958,"modifiedTimeMillis":1646532426383,"rawTimestampNanos":0},
        {"fitValue":[{"value":{"fpVal":0.26689282059669495}}],"originDataSourceId":"raw:com.google.step_count.cumulative:Google:Pixel 5a:0337e926fd1e924c:Step Counter","endTimeNanos":1646528907743204733,"dataTypeName":"com.google.speed","startTimeNanos":1646528907743204733,"modifiedTimeMillis":1646532426383,"rawTimestampNanos":0},
        {"fitValue":[{"value":{"fpVal":0.3457907438278198}}],"originDataSourceId":"raw:com.google.step_count.cumulative:Google:Pixel 5a:0337e926fd1e924c:Step Counter","endTimeNanos":1646539148802618654,"dataTypeName":"com.google.speed","startTimeNanos":1646539148802618654,"modifiedTimeMillis":1646540276123,"rawTimestampNanos":0},
        {"fitValue":[{"value":{"fpVal":0.3457907736301422}}],"originDataSourceId":"raw:com.google.step_count.cumulative:Google:Pixel 5a:0337e926fd1e924c:Step Counter","endTimeNanos":1646539443098545401,"dataTypeName":"com.google.speed","startTimeNanos":1646539443098545401,"modifiedTimeMillis":1646540276123,"rawTimestampNanos":0},
        {"fitValue":[{"value":{"fpVal":0.3457907736301422}}],"originDataSourceId":"raw:com.google.step_count.cumulative:Google:Pixel 5a:0337e926fd1e924c:Step Counter","endTimeNanos":1646568458273149499,"dataTypeName":"com.google.speed","startTimeNanos":1646568458273149499,"modifiedTimeMillis":1646569895237,"rawTimestampNanos":0},
        {"fitValue":[{"value":{"fpVal":0.3457907736301422}}],"originDataSourceId":"raw:com.google.step_count.cumulative:Google:Pixel 5a:0337e926fd1e924c:Step Counter","endTimeNanos":1646568885906456149,"dataTypeName":"com.google.speed","startTimeNanos":1646568885906456149,"modifiedTimeMillis":1646569895237,"rawTimestampNanos":0},
        {"fitValue":[{"value":{"fpVal":0.2766326069831848}}],"originDataSourceId":"raw:com.google.step_count.cumulative:Google:Pixel 5a:0337e926fd1e924c:Step Counter","endTimeNanos":1646569687246297267,"dataTypeName":"com.google.speed","startTimeNanos":1646569687246297267,"modifiedTimeMillis":1646569895237,"rawTimestampNanos":0},
        {"fitValue":[{"value":{"fpVal":0.3457907736301422}}],"originDataSourceId":"raw:com.google.step_count.cumulative:Google:Pixel 5a:0337e926fd1e924c:Step Counter","endTimeNanos":1646569757652391799,"dataTypeName":"com.google.speed","startTimeNanos":1646569757652391799,"modifiedTimeMillis":1646569895237,"rawTimestampNanos":0},
        {"fitValue":[{"value":{"fpVal":0.3342643976211548}}],"originDataSourceId":"raw:com.google.step_count.cumulative:Google:Pixel 5a:0337e926fd1e924c:Step Counter","endTimeNanos":1646571570399338566,"dataTypeName":"com.google.speed","startTimeNanos":1646571570399338566,"modifiedTimeMillis":1646573507740,"rawTimestampNanos":0},
        {"fitValue":[{"value":{"fpVal":0.2766326069831848}}],"originDataSourceId":"raw:com.google.step_count.cumulative:Google:Pixel 5a:0337e926fd1e924c:Step Counter","endTimeNanos":1646576554670700754,"dataTypeName":"com.google.speed","startTimeNanos":1646576554670700754,"modifiedTimeMillis":1646578026237,"rawTimestampNanos":0},
        {"fitValue":[{"value":{"fpVal":0.30795618891716003}}],"originDataSourceId":"raw:com.google.step_count.cumulative:Google:Pixel 5a:0337e926fd1e924c:Step Counter","endTimeNanos":1646576608250698413,"dataTypeName":"com.google.speed","startTimeNanos":1646576608250698413,"modifiedTimeMillis":1646578026237,"rawTimestampNanos":0},
        {"fitValue":[{"value":{"fpVal":0.8383147120475769}}],"originDataSourceId":"raw:com.google.step_count.cumulative:Google:Pixel 5a:0337e926fd1e924c:Step Counter","endTimeNanos":1646578454593269938,"dataTypeName":"com.google.speed","startTimeNanos":1646578454593269938,"modifiedTimeMillis":1646581175585,"rawTimestampNanos":0},
        {"fitValue":[{"value":{"fpVal":0.7316343784332275}}],"originDataSourceId":"raw:com.google.step_count.cumulative:Google:Pixel 5a:0337e926fd1e924c:Step Counter","endTimeNanos":1646578476368709507,"dataTypeName":"com.google.speed","startTimeNanos":1646578476368709507,"modifiedTimeMillis":1646581175585,"rawTimestampNanos":0},
        {"fitValue":[{"value":{"fpVal":0.7436545491218567}}],"originDataSourceId":"raw:com.google.step_count.cumulative:Google:Pixel 5a:0337e926fd1e924c:Step Counter","endTimeNanos":1646578500746732736,"dataTypeName":"com.google.speed","startTimeNanos":1646578500746732736,"modifiedTimeMillis":1646581175585,"rawTimestampNanos":0},
        {"fitValue":[{"value":{"fpVal":0.7989704012870789}}],"originDataSourceId":"raw:com.google.step_count.cumulative:Google:Pixel 5a:0337e926fd1e924c:Step Counter","endTimeNanos":1646578524954704911,"dataTypeName":"com.google.speed","startTimeNanos":1646578524954704911,"modifiedTimeMillis":1646581175585,"rawTimestampNanos":0},
        {"fitValue":[{"value":{"fpVal":0.5258790850639343}}],"originDataSourceId":"raw:com.google.step_count.cumulative:Google:Pixel 5a:0337e926fd1e924c:Step Counter","endTimeNanos":1646578552854132007,"dataTypeName":"com.google.speed","startTimeNanos":1646578552854132007,"modifiedTimeMillis":1646581175585,"rawTimestampNanos":0},
        {"fitValue":[{"value":{"fpVal":0.3457907736301422}}],"originDataSourceId":"raw:com.google.step_count.cumulative:Google:Pixel 5a:0337e926fd1e924c:Step Counter","endTimeNanos":1646578719112720590,"dataTypeName":"com.google.speed","startTimeNanos":1646578719112720590,"modifiedTimeMillis":1646581175585,"rawTimestampNanos":0},
        {"fitValue":[{"value":{"fpVal":0.5277994871139526}}],"originDataSourceId":"raw:com.google.step_count.cumulative:Google:Pixel 5a:0337e926fd1e924c:Step Counter","endTimeNanos":1646580456466268281,"dataTypeName":"com.google.speed","startTimeNanos":1646580456466268281,"modifiedTimeMillis":1646581175585,"rawTimestampNanos":0},
        {"fitValue":[{"value":{"fpVal":1.1840262413024902}}],"originDataSourceId":"raw:com.google.step_count.cumulative:Google:Pixel 5a:0337e926fd1e924c:Step Counter","endTimeNanos":1646581170484627144,"dataTypeName":"com.google.speed","startTimeNanos":1646581170484627144,"modifiedTimeMillis":1646589659304,"rawTimestampNanos":0},
        {"fitValue":[{"value":{"fpVal":0.3457907438278198}}],"originDataSourceId":"raw:com.google.step_count.cumulative:Google:Pixel 5a:0337e926fd1e924c:Step Counter","endTimeNanos":1646582574070259203,"dataTypeName":"com.google.speed","startTimeNanos":1646582574070259203,"modifiedTimeMillis":1646589659304,"rawTimestampNanos":0},
        {"fitValue":[{"value":{"fpVal":0.6995136141777039}}],"originDataSourceId":"raw:com.google.step_count.cumulative:Google:Pixel 5a:0337e926fd1e924c:Step Counter","endTimeNanos":1646583532507008149,"dataTypeName":"com.google.speed","startTimeNanos":1646583532507008149,"modifiedTimeMillis":1646589659304,"rawTimestampNanos":0},
        {"fitValue":[{"value":{"fpVal":0.5736638903617859}}],"originDataSourceId":"raw:com.google.step_count.cumulative:Google:Pixel 5a:0337e926fd1e924c:Step Counter","endTimeNanos":1646585840714314371,"dataTypeName":"com.google.speed","startTimeNanos":1646585840714314371,"modifiedTimeMillis":1646589659304,"rawTimestampNanos":0},
        {"fitValue":[{"value":{"fpVal":0.8700382709503174}}],"originDataSourceId":"raw:com.google.step_count.cumulative:Google:Pixel 5a:0337e926fd1e924c:Step Counter","endTimeNanos":1646585880564410643,"dataTypeName":"com.google.speed","startTimeNanos":1646585880564410643,"modifiedTimeMillis":1646589659304,"rawTimestampNanos":0},
        {"fitValue":[{"value":{"fpVal":0.8048627972602844}}],"originDataSourceId":"raw:com.google.step_count.cumulative:Google:Pixel 5a:0337e926fd1e924c:Step Counter","endTimeNanos":1646585918073751082,"dataTypeName":"com.google.speed","startTimeNanos":1646585918073751082,"modifiedTimeMillis":1646589659304,"rawTimestampNanos":0},
        {"fitValue":[{"value":{"fpVal":0.7670866250991821}}],"originDataSourceId":"raw:com.google.step_count.cumulative:Google:Pixel 5a:0337e926fd1e924c:Step Counter","endTimeNanos":1646585947015067114,"dataTypeName":"com.google.speed","startTimeNanos":1646585947015067114,"modifiedTimeMillis":1646589659304,"rawTimestampNanos":0},
        {"fitValue":[{"value":{"fpVal":0.7584238052368164}}],"originDataSourceId":"raw:com.google.step_count.cumulative:Google:Pixel 5a:0337e926fd1e924c:Step Counter","endTimeNanos":1646586011921103047,"dataTypeName":"com.google.speed","startTimeNanos":1646586011921103047,"modifiedTimeMillis":1646589659304,"rawTimestampNanos":0},
        {"fitValue":[{"value":{"fpVal":0.8947984576225281}}],"originDataSourceId":"raw:com.google.step_count.cumulative:Google:Pixel 5a:0337e926fd1e924c:Step Counter","endTimeNanos":1646586054578906282,"dataTypeName":"com.google.speed","startTimeNanos":1646586054578906282,"modifiedTimeMillis":1646589659304,"rawTimestampNanos":0},
        {"fitValue":[{"value":{"fpVal":0.2651062607765198}}],"originDataSourceId":"raw:com.google.step_count.cumulative:Google:Pixel 5a:0337e926fd1e924c:Step Counter","endTimeNanos":1646588882842250182,"dataTypeName":"com.google.speed","startTimeNanos":1646588882842250182,"modifiedTimeMillis":1646589659304,"rawTimestampNanos":0},
        {"fitValue":[{"value":{"fpVal":0.8088559508323669}}],"originDataSourceId":"raw:com.google.step_count.cumulative:Google:Pixel 5a:0337e926fd1e924c:Step Counter","endTimeNanos":1646590194633290828,"dataTypeName":"com.google.speed","startTimeNanos":1646590194633290828,"modifiedTimeMillis":1646594377250,"rawTimestampNanos":0},
        {"fitValue":[{"value":{"fpVal":0.3457907736301422}}],"originDataSourceId":"raw:com.google.step_count.cumulative:Google:Pixel 5a:0337e926fd1e924c:Step Counter","endTimeNanos":1646595317039683051,"dataTypeName":"com.google.speed","startTimeNanos":1646595317039683051,"modifiedTimeMillis":1646598251654,"rawTimestampNanos":0},
        {"fitValue":[{"value":{"fpVal":0.3457907438278198}}],"originDataSourceId":"raw:com.google.step_count.cumulative:Google:Pixel 5a:0337e926fd1e924c:Step Counter","endTimeNanos":1646598161961476518,"dataTypeName":"com.google.speed","startTimeNanos":1646598161961476518,"modifiedTimeMillis":1646600834129,"rawTimestampNanos":0},
        {"fitValue":[{"value":{"fpVal":0.38830646872520447}}],"originDataSourceId":"raw:com.google.step_count.cumulative:Google:Pixel 5a:0337e926fd1e924c:Step Counter","endTimeNanos":1646598633131782331,"dataTypeName":"com.google.speed","startTimeNanos":1646598633131782331,"modifiedTimeMillis":1646600834129,"rawTimestampNanos":0},
        {"fitValue":[{"value":{"fpVal":0.3457907736301422}}],"originDataSourceId":"raw:com.google.step_count.cumulative:Google:Pixel 5a:0337e926fd1e924c:Step Counter","endTimeNanos":1646599562481738003,"dataTypeName":"com.google.speed","startTimeNanos":1646599562481738003,"modifiedTimeMillis":1646600834129,"rawTimestampNanos":0},
        {"fitValue":[{"value":{"fpVal":0.9753323197364807}}],"originDataSourceId":"raw:com.google.step_count.cumulative:Google:Pixel 5a:0337e926fd1e924c:Step Counter","endTimeNanos":1646599634784522178,"dataTypeName":"com.google.speed","startTimeNanos":1646599634784522178,"modifiedTimeMillis":1646600834129,"rawTimestampNanos":0},
        {"fitValue":[{"value":{"fpVal":0.3457907736301422}}],"originDataSourceId":"raw:com.google.step_count.cumulative:Google:Pixel 5a:0337e926fd1e924c:Step Counter","endTimeNanos":1646599745781808907,"dataTypeName":"com.google.speed","startTimeNanos":1646599745781808907,"modifiedTimeMillis":1646600834129,"rawTimestampNanos":0},
        {"fitValue":[{"value":{"fpVal":0.4980807900428772}}],"originDataSourceId":"raw:com.google.step_count.cumulative:Google:Pixel 5a:0337e926fd1e924c:Step Counter","endTimeNanos":1646599815386185174,"dataTypeName":"com.google.speed","startTimeNanos":1646599815386185174,"modifiedTimeMillis":1646600834129,"rawTimestampNanos":0},
        {"fitValue":[{"value":{"fpVal":1.3808422088623047}}],"originDataSourceId":"raw:com.google.step_count.cumulative:Google:Pixel 5a:0337e926fd1e924c:Step Counter","endTimeNanos":1646601140902970803,"dataTypeName":"com.google.speed","startTimeNanos":1646601140902970803,"modifiedTimeMillis":1646604584289,"rawTimestampNanos":0},
        {"fitValue":[{"value":{"fpVal":0.3457907736301422}}],"originDataSourceId":"raw:com.google.step_count.cumulative:Google:Pixel 5a:0337e926fd1e924c:Step Counter","endTimeNanos":1646601474336485883,"dataTypeName":"com.google.speed","startTimeNanos":1646601474336485883,"modifiedTimeMillis":1646604584289,"rawTimestampNanos":0},
        {"fitValue":[{"value":{"fpVal":1.23996901512146}}],"originDataSourceId":"raw:com.google.step_count.cumulative:Google:Pixel 5a:0337e926fd1e924c:Step Counter","endTimeNanos":1646601575214198044,"dataTypeName":"com.google.speed","startTimeNanos":1646601575214198044,"modifiedTimeMillis":1646604584289,"rawTimestampNanos":0},
        {"fitValue":[{"value":{"fpVal":0.3457907736301422}}],"originDataSourceId":"raw:com.google.step_count.cumulative:Google:Pixel 5a:0337e926fd1e924c:Step Counter","endTimeNanos":1646601671190769941,"dataTypeName":"com.google.speed","startTimeNanos":1646601671190769941,"modifiedTimeMillis":1646604584289,"rawTimestampNanos":0},
        {"fitValue":[{"value":{"fpVal":0.5034553408622742}}],"originDataSourceId":"raw:com.google.step_count.cumulative:Google:Pixel 5a:0337e926fd1e924c:Step Counter","endTimeNanos":1646602127686830748,"dataTypeName":"com.google.speed","startTimeNanos":1646602127686830748,"modifiedTimeMillis":1646604584289,"rawTimestampNanos":0},
        {"fitValue":[{"value":{"fpVal":1.2469700574874878}}],"originDataSourceId":"raw:com.google.step_count.cumulative:Google:Pixel 5a:0337e926fd1e924c:Step Counter","endTimeNanos":1646602203357074672,"dataTypeName":"com.google.speed","startTimeNanos":1646602203357074672,"modifiedTimeMillis":1646604584289,"rawTimestampNanos":0},
        {"fitValue":[{"value":{"fpVal":0.28815898299217224}}],"originDataSourceId":"raw:com.google.step_count.cumulative:Google:Pixel 5a:0337e926fd1e924c:Step Counter","endTimeNanos":1646602334118900410,"dataTypeName":"com.google.speed","startTimeNanos":1646602334118900410,"modifiedTimeMillis":1646604584289,"rawTimestampNanos":0},
        {"fitValue":[{"value":{"fpVal":0.3457907438278198}}],"originDataSourceId":"raw:com.google.step_count.cumulative:Google:Pixel 5a:0337e926fd1e924c:Step Counter","endTimeNanos":1646602461145522148,"dataTypeName":"com.google.speed","startTimeNanos":1646602461145522148,"modifiedTimeMillis":1646604584289,"rawTimestampNanos":0},
        {"fitValue":[{"value":{"fpVal":0.8697822690010071}}],"originDataSourceId":"raw:com.google.step_count.cumulative:Google:Pixel 5a:0337e926fd1e924c:Step Counter","endTimeNanos":1646602509674770029,"dataTypeName":"com.google.speed","startTimeNanos":1646602509674770029,"modifiedTimeMillis":1646604584289,"rawTimestampNanos":0},
        {"fitValue":[{"value":{"fpVal":0.5893729329109192}}],"originDataSourceId":"raw:com.google.step_count.cumulative:Google:Pixel 5a:0337e926fd1e924c:Step Counter","endTimeNanos":1646603152119434720,"dataTypeName":"com.google.speed","startTimeNanos":1646603152119434720,"modifiedTimeMillis":1646604584289,"rawTimestampNanos":0},
        {"fitValue":[{"value":{"fpVal":0.3457907736301422}}],"originDataSourceId":"raw:com.google.step_count.cumulative:Google:Pixel 5a:0337e926fd1e924c:Step Counter","endTimeNanos":1646603230317768887,"dataTypeName":"com.google.speed","startTimeNanos":1646603230317768887,"modifiedTimeMillis":1646604584289,"rawTimestampNanos":0},
        {"fitValue":[{"value":{"fpVal":1.0513880252838135}}],"originDataSourceId":"raw:com.google.step_count.cumulative:Google:Pixel 5a:0337e926fd1e924c:Step Counter","endTimeNanos":1646603295621015142,"dataTypeName":"com.google.speed","startTimeNanos":1646603295621015142,"modifiedTimeMillis":1646604584289,"rawTimestampNanos":0},
        {"fitValue":[{"value":{"fpVal":0.3457907438278198}}],"originDataSourceId":"raw:com.google.step_count.cumulative:Google:Pixel 5a:0337e926fd1e924c:Step Counter","endTimeNanos":1646603457451202260,"dataTypeName":"com.google.speed","startTimeNanos":1646603457451202260,"modifiedTimeMillis":1646604584289,"rawTimestampNanos":0},
        {"fitValue":[{"value":{"fpVal":0.7888290286064148}}],"originDataSourceId":"raw:com.google.step_count.cumulative:Google:Pixel 5a:0337e926fd1e924c:Step Counter","endTimeNanos":1646604483537689673,"dataTypeName":"com.google.speed","startTimeNanos":1646604483537689673,"modifiedTimeMillis":1646604584289,"rawTimestampNanos":0},
        {"fitValue":[{"value":{"fpVal":0.6618508100509644}}],"originDataSourceId":"raw:com.google.step_count.cumulative:Google:Pixel 5a:0337e926fd1e924c:Step Counter","endTimeNanos":1646604604464850483,"dataTypeName":"com.google.speed","startTimeNanos":1646604604464850483,"modifiedTimeMillis":1646609063549,"rawTimestampNanos":0},
        {"fitValue":[{"value":{"fpVal":0.3457907438278198}}],"originDataSourceId":"raw:com.google.step_count.cumulative:Google:Pixel 5a:0337e926fd1e924c:Step Counter","endTimeNanos":1646605871429225616,"dataTypeName":"com.google.speed","startTimeNanos":1646605871429225616,"modifiedTimeMillis":1646609063549,"rawTimestampNanos":0},
        {"fitValue":[{"value":{"fpVal":0.2651062607765198}}],"originDataSourceId":"raw:com.google.step_count.cumulative:Google:Pixel 5a:0337e926fd1e924c:Step Counter","endTimeNanos":1646607554837635624,"dataTypeName":"com.google.speed","startTimeNanos":1646607554837635624,"modifiedTimeMillis":1646609063549,"rawTimestampNanos":0},
        {"fitValue":[{"value":{"fpVal":0.3342643976211548}}],"originDataSourceId":"raw:com.google.step_count.cumulative:Google:Pixel 5a:0337e926fd1e924c:Step Counter","endTimeNanos":1646607801301174189,"dataTypeName":"com.google.speed","startTimeNanos":1646607801301174189,"modifiedTimeMillis":1646609063549,"rawTimestampNanos":0},
        {"fitValue":[{"value":{"fpVal":0.3457907736301422}}],"originDataSourceId":"raw:com.google.step_count.cumulative:Google:Pixel 5a:0337e926fd1e924c:Step Counter","endTimeNanos":1646609012767289608,"dataTypeName":"com.google.speed","startTimeNanos":1646609012767289608,"modifiedTimeMillis":1646609063549,"rawTimestampNanos":0},
        {"fitValue":[{"value":{"fpVal":0.3112116754055023}}],"originDataSourceId":"raw:com.google.step_count.cumulative:Google:Pixel 5a:0337e926fd1e924c:Step Counter","endTimeNanos":1646609830371490852,"dataTypeName":"com.google.speed","startTimeNanos":1646609830371490852,"modifiedTimeMillis":1646612219748,"rawTimestampNanos":0},
        {"fitValue":[{"value":{"fpVal":0.3457908034324646}}],"originDataSourceId":"raw:com.google.step_count.cumulative:Google:Pixel 5a:0337e926fd1e924c:Step Counter","endTimeNanos":1646609957569563009,"dataTypeName":"com.google.speed","startTimeNanos":1646609957569563009,"modifiedTimeMillis":1646612219748,"rawTimestampNanos":0},
        {"fitValue":[{"value":{"fpVal":0.3457907736301422}}],"originDataSourceId":"raw:com.google.step_count.cumulative:Google:Pixel 5a:0337e926fd1e924c:Step Counter","endTimeNanos":1646610054801435003,"dataTypeName":"com.google.speed","startTimeNanos":1646610054801435003,"modifiedTimeMillis":1646612219748,"rawTimestampNanos":0},
        {"fitValue":[{"value":{"fpVal":0.3457907736301422}}],"originDataSourceId":"raw:com.google.step_count.cumulative:Google:Pixel 5a:0337e926fd1e924c:Step Counter","endTimeNanos":1646610465126782137,"dataTypeName":"com.google.speed","startTimeNanos":1646610465126782137,"modifiedTimeMillis":1646612219748,"rawTimestampNanos":0},
        {"fitValue":[{"value":{"fpVal":0.25357988476753235}}],"originDataSourceId":"raw:com.google.step_count.cumulative:Google:Pixel 5a:0337e926fd1e924c:Step Counter","endTimeNanos":1646610563220897039,"dataTypeName":"com.google.speed","startTimeNanos":1646610563220897039,"modifiedTimeMillis":1646612219748,"rawTimestampNanos":0},
        {"fitValue":[{"value":{"fpVal":0.599892795085907}}],"originDataSourceId":"raw:com.google.step_count.cumulative:Google:Pixel 5a:0337e926fd1e924c:Step Counter","endTimeNanos":1646610601867211492,"dataTypeName":"com.google.speed","startTimeNanos":1646610601867211492,"modifiedTimeMillis":1646612219748,"rawTimestampNanos":0},
        {"fitValue":[{"value":{"fpVal":0.40090617537498474}}],"originDataSourceId":"raw:com.google.step_count.cumulative:Google:Pixel 5a:0337e926fd1e924c:Step Counter","endTimeNanos":1646610621726325320,"dataTypeName":"com.google.speed","startTimeNanos":1646610621726325320,"modifiedTimeMillis":1646612219748,"rawTimestampNanos":0},
        {"fitValue":[{"value":{"fpVal":0.9227208495140076}}],"originDataSourceId":"raw:com.google.step_count.cumulative:Google:Pixel 5a:0337e926fd1e924c:Step Counter","endTimeNanos":1646610643432158962,"dataTypeName":"com.google.speed","startTimeNanos":1646610643432158962,"modifiedTimeMillis":1646612219748,"rawTimestampNanos":0},
        {"fitValue":[{"value":{"fpVal":0.3457907736301422}}],"originDataSourceId":"raw:com.google.step_count.cumulative:Google:Pixel 5a:0337e926fd1e924c:Step Counter","endTimeNanos":1646612092255610935,"dataTypeName":"com.google.speed","startTimeNanos":1646612092255610935,"modifiedTimeMillis":1646612219748,"rawTimestampNanos":0},
        {"fitValue":[{"value":{"fpVal":0.3457907438278198}}],"originDataSourceId":"raw:com.google.step_count.cumulative:Google:Pixel 5a:0337e926fd1e924c:Step Counter","endTimeNanos":1646612166564342665,"dataTypeName":"com.google.speed","startTimeNanos":1646612166564342665,"modifiedTimeMillis":1646612219748,"rawTimestampNanos":0},
        {"fitValue":[{"value":{"fpVal":0.2766326069831848}}],"originDataSourceId":"raw:com.google.step_count.cumulative:Google:Pixel 5a:0337e926fd1e924c:Step Counter","endTimeNanos":1646612507727558811,"dataTypeName":"com.google.speed","startTimeNanos":1646612507727558811,"modifiedTimeMillis":1646612676245,"rawTimestampNanos":0}
    ]
}