{
    "Data Source": "derived:com.google.heart_rate.bpm:com.google.android.gms:resting_heart_rate\u003c-merge_heart_rate_bpm",
    "Data Points": [
        {"fitValue":[{"value":{"fpVal":58}}],"originDataSourceId":"derived:com.google.heart_rate.bpm:com.google.android.gms:resting_heart_rate<-merge_heart_rate_bpm","endTimeNanos":1645945200000000000,"dataTypeName":"com.google.heart_rate.bpm","startTimeNanos":1645945200000000000,"modifiedTimeMillis":1646440004639,"rawTimestampNanos":0},
        {"fitValue":[{"value":{"fpVal":57}}],"originDataSourceId":"derived:com.google.heart_rate.bpm:com.google.android.gms:resting_heart_rate<-merge_heart_rate_bpm","endTimeNanos":1645948800000000000,"dataTypeName":"com.google.heart_rate.bpm","startTimeNanos":1645948800000000000,"modifiedTimeMillis":1646440004639,"rawTimestampNanos":0},
        {"fitValue":[{"value":{"fpVal":57}}],"originDataSourceId":"derived:com.google.heart_rate.bpm:com.google.android.gms:resting_heart_rate<-merge_heart_rate_bpm","endTimeNanos":1645952400000000000,"dataTypeName":"com.google.heart_rate.bpm","startTimeNanos":1645952400000000000,"modifiedTimeMillis":1646440004639,"rawTimestampNanos":0},
        {"fitValue":[{"value":{"fpVal":55}}],"originDataSourceId":"derived:com.google.heart_rate.bpm:com.google.android.gms:resting_heart_rate<-merge_heart_rate_bpm","endTimeNanos":1645956000000000000,"dataTypeName":"com.google.heart_rate.bpm","startTimeNanos":1645956000000000000,"modifiedTimeMillis":1646440004639,"rawTimestampNanos":0},
        {"fitValue":[{"value":{"fpVal":55}}],"originDataSourceId":"derived:com.google.heart_rate.bpm:com.google.android.gms:resting_heart_rate<-merge_heart_rate_bpm","endTimeNanos":1645959600000000000,"dataTypeName":"com.google.heart_rate.bpm","startTimeNanos":1645959600000000000,"modifiedTimeMillis":1646440004639,"rawTimestampNanos":0},
        {"fitValue":[{"value":{"fpVal":55}}],"originDataSourceId":"derived:com.google.heart_rate.bpm:com.google.android.gms:resting_heart_rate<-merge_heart_rate_bpm","endTimeNanos":1645963200000000000,"dataTypeName":"com.google.heart_rate.bpm","startTimeNanos":1645963200000000000,"modifiedTimeMillis":1646440004639,"rawTimestampNanos":0},
        {"fitValue":[{"value":{"fpVal":55}}],"originDataSourceId":"derived:com.google.heart_rate.bpm:com.google.android.gms:resting_heart_rate<-merge_heart_rate_bpm","endTimeNanos":1645966800000000000,"dataTypeName":"com.google.heart_rate.bpm","startTimeNanos":1645966800000000000,"modifiedTimeMillis":1646440004639,"rawTimestampNanos":0},
        {"fitValue":[{"value":{"fpVal":55}}],"originDataSourceId":"derived:com.google.heart_rate.bpm:com.google.android.gms:resting_heart_rate<-merge_heart_rate_bpm","endTimeNanos":1645970400000000000,"dataTypeName":"com.google.heart_rate.bpm","startTimeNanos":1645970400000000000,"modifiedTimeMillis":1646440004639,"rawTimestampNanos":0},
        {"fitValue":[{"value":{"fpVal":55}}],"originDataSourceId":"derived:com.google.heart_rate.bpm:com.google.android.gms:resting_heart_rate<-merge_heart_rate_bpm","endTimeNanos":1645974000000000000,"dataTypeName":"com.google.heart_rate.bpm","startTimeNanos":1645974000000000000,"modifiedTimeMillis":1646440004639,"rawTimestampNanos":0},
        {"fitValue":[{"value":{"fpVal":55}}],"originDataSourceId":"derived:com.google.heart_rate.bpm:com.google.android.gms:resting_heart_rate<-merge_heart_rate_bpm","endTimeNanos":1645977600000000000,"dataTypeName":"com.google.heart_rate.bpm","startTimeNanos":1645977600000000000,"modifiedTimeMillis":1646440004639,"rawTimestampNanos":0},
        {"fitValue":[{"value":{"fpVal":55}}],"originDataSourceId":"derived:com.google.heart_rate.bpm:com.google.android.gms:resting_heart_rate<-merge_heart_rate_bpm","endTimeNanos":1645981200000000000,"dataTypeName":"com.google.heart_rate.bpm","startTimeNanos":1645981200000000000,"modifiedTimeMillis":1646440004639,"rawTimestampNanos":0},
        {"fitValue":[{"value":{"fpVal":56}}],"originDataSourceId":"derived:com.google.heart_rate.bpm:com.google.android.gms:resting_heart_rate<-merge_heart_rate_bpm","endTimeNanos":1645984800000000000,"dataTypeName":"com.google.heart_rate.bpm","startTimeNanos":1645984800000000000,"modifiedTimeMillis":1646440004639,"rawTimestampNanos":0},
        {"fitValue":[{"value":{"fpVal":56}}],"originDataSourceId":"derived:com.google.heart_rate.bpm:com.google.android.gms:resting_heart_rate<-merge_heart_rate_bpm","endTimeNanos":1645988400000000000,"dataTypeName":"com.google.heart_rate.bpm","startTimeNanos":1645988400000000000,"modifiedTimeMillis":1646440004639,"rawTimestampNanos":0},
        {"fitValue":[{"value":{"fpVal":56}}],"originDataSourceId":"derived:com.google.heart_rate.bpm:com.google.android.gms:resting_heart_rate<-merge_heart_rate_bpm","endTimeNanos":1645992000000000000,"dataTypeName":"com.google.heart_rate.bpm","startTimeNanos":1645992000000000000,"modifiedTimeMillis":1646440004639,"rawTimestampNanos":0},
        {"fitValue":[{"value":{"fpVal":56}}],"originDataSourceId":"derived:com.google.heart_rate.bpm:com.google.android.gms:resting_heart_rate<-merge_heart_rate_bpm","endTimeNanos":1645995600000000000,"dataTypeName":"com.google.heart_rate.bpm","startTimeNanos":1645995600000000000,"modifiedTimeMillis":1646440004639,"rawTimestampNanos":0},
        {"fitValue":[{"value":{"fpVal":56}}],"originDataSourceId":"derived:com.google.heart_rate.bpm:com.google.android.gms:resting_heart_rate<-merge_heart_rate_bpm","endTimeNanos":1645999200000000000,"dataTypeName":"com.google.heart_rate.bpm","startTimeNanos":1645999200000000000,"modifiedTimeMillis":1646440004639,"rawTimestampNanos":0},
        {"fitValue":[{"value":{"fpVal":56}}],"originDataSourceId":"derived:com.google.heart_rate.bpm:com.google.android.gms:resting_heart_rate<-merge_heart_rate_bpm","endTimeNanos":1646002800000000000,"dataTypeName":"com.google.heart_rate.bpm","startTimeNanos":1646002800000000000,"modifiedTimeMillis":1646440004639,"rawTimestampNanos":0},
        {"fitValue":[{"value":{"fpVal":57}}],"originDataSourceId":"derived:com.google.heart_rate.bpm:com.google.android.gms:resting_heart_rate<-merge_heart_rate_bpm","endTimeNanos":1646006400000000000,"dataTypeName":"com.google.heart_rate.bpm","startTimeNanos":1646006400000000000,"modifiedTimeMillis":1646440004639,"rawTimestampNanos":0},
        {"fitValue":[{"value":{"fpVal":57}}],"originDataSourceId":"derived:com.google.heart_rate.bpm:com.google.android.gms:resting_heart_rate<-merge_heart_rate_bpm","endTimeNanos":1646010000000000000,"dataTypeName":"com.google.heart_rate.bpm","startTimeNanos":1646010000000000000,"modifiedTimeMillis":1646440004639,"rawTimestampNanos":0},
        {"fitValue":[{"value":{"fpVal":57}}],"originDataSourceId":"derived:com.google.heart_rate.bpm:com.google.android.gms:resting_heart_rate<-merge_heart_rate_bpm","endTimeNanos":1646013600000000000,"dataTypeName":"com.google.heart_rate.bpm","startTimeNanos":1646013600000000000,"modifiedTimeMillis":1646440004639,"rawTimestampNanos":0},
        {"fitValue":[{"value":{"fpVal":57}}],"originDataSourceId":"derived:com.google.heart_rate.bpm:com.google.android.gms:resting_heart_rate<-merge_heart_rate_bpm","endTimeNanos":1646017200000000000,"dataTypeName":"com.google.heart_rate.bpm","startTimeNanos":1646017200000000000,"modifiedTimeMillis":1646440004639,"rawTimestampNanos":0},
        {"fitValue":[{"value":{"fpVal":57}}],"originDataSourceId":"derived:com.google.heart_rate.bpm:com.google.android.gms:resting_heart_rate<-merge_heart_rate_bpm","endTimeNanos":1646020800000000000,"dataTypeName":"com.google.heart_rate.bpm","startTimeNanos":1646020800000000000,"modifiedTimeMillis":1646440004639,"rawTimestampNanos":0},
        {"fitValue":[{"value":{"fpVal":57}}],"originDataSourceId":"derived:com.google.heart_rate.bpm:com.google.android.gms:resting_heart_rate<-merge_heart_rate_bpm","endTimeNanos":1646024400000000000,"dataTypeName":"com.google.heart_rate.bpm","startTimeNanos":1646024400000000000,"modifiedTimeMillis":1646440004639,"rawTimestampNanos":0},
        {"fitValue":[{"value":{"fpVal":57}}],"originDataSourceId":"derived:com.google.heart_rate.bpm:com.google.android.gms:resting_heart_rate<-merge_heart_rate_bpm","endTimeNanos":1646028000000000000,"dataTypeName":"com.google.heart_rate.bpm","startTimeNanos":1646028000000000000,"modifiedTimeMillis":1646440004639,"rawTimestampNanos":0},
        {"fitValue":[{"value":{"fpVal":57}}],"originDataSourceId":"derived:com.google.heart_rate.bpm:com.google.android.gms:resting_heart_rate<-merge_heart_rate_bpm","endTimeNanos":1646031600000000000,"dataTypeName":"com.google.heart_rate.bpm","startTimeNanos":1646031600000000000,"modifiedTimeMillis":1646440004639,"rawTimestampNanos":0},
        {"fitValue":[{"value":{"fpVal":58}}],"originDataSourceId":"derived:com.google.heart_rate.bpm:com.google.android.gms:resting_heart_rate<-merge_heart_rate_bpm","endTimeNanos":1646035200000000000,"dataTypeName":"com.google.heart_rate.bpm","startTimeNanos":1646035200000000000,"modifiedTimeMillis":1646440004639,"rawTimestampNanos":0},
        {"fitValue":[{"value":{"fpVal":59}}],"originDataSourceId":"derived:com.google.heart_rate.bpm:com.google.android.gms:resting_heart_rate<-merge_heart_rate_bpm","endTimeNanos":1646038800000000000,"dataTypeName":"com.google.heart_rate.bpm","startTimeNanos":1646038800000000000,"modifiedTimeMillis":1646440004639,"rawTimestampNanos":0},
        {"fitValue":[{"value":{"fpVal":60}}],"originDataSourceId":"derived:com.google.heart_rate.bpm:com.google.android.gms:resting_heart_rate<-merge_heart_rate_bpm","endTimeNanos":1646042400000000000,"dataTypeName":"com.google.heart_rate.bpm","startTimeNanos":1646042400000000000,"modifiedTimeMillis":1646440004639,"rawTimestampNanos":0},
        {"fitValue":[{"value":{"fpVal":60}}],"originDataSourceId":"derived:com.google.heart_rate.bpm:com.google.android.gms:resting_heart_rate<-merge_heart_rate_bpm","endTimeNanos":1646046000000000000,"dataTypeName":"com.google.heart_rate.bpm","startTimeNanos":1646046000000000000,"modifiedTimeMillis":1646440004639,"rawTimestampNanos":0},
        {"fitValue":[{"value":{"fpVal":60}}],"originDataSourceId":"derived:com.google.heart_rate.bpm:com.google.android.gms:resting_heart_rate<-merge_heart_rate_bpm","endTimeNanos":1646049600000000000,"dataTypeName":"com.google.heart_rate.bpm","startTimeNanos":1646049600000000000,"modifiedTimeMillis":1646440004639,"rawTimestampNanos":0},
        {"fitValue":[{"value":{"fpVal":60}}],"originDataSourceId":"derived:com.google.heart_rate.bpm:com.google.android.gms:resting_heart_rate<-merge_heart_rate_bpm","endTimeNanos":1646053200000000000,"dataTypeName":"com.google.heart_rate.bpm","startTimeNanos":1646053200000000000,"modifiedTimeMillis":1646440004639,"rawTimestampNanos":0},
        {"fitValue":[{"value":{"fpVal":60}}],"originDataSourceId":"derived:com.google.heart_rate.bpm:com.google.android.gms:resting_heart_rate<-merge_heart_rate_bpm","endTimeNanos":1646056800000000000,"dataTypeName":"com.google.heart_rate.bpm","startTimeNanos":1646056800000000000,"modifiedTimeMillis":1646440004639,"rawTimestampNanos":0},
        {"fitValue":[{"value":{"fpVal":60}}],"originDataSourceId":"derived:com.google.heart_rate.bpm:com.google.android.gms:resting_heart_rate<-merge_heart_rate_bpm","endTimeNanos":1646060400000000000,"dataTypeName":"com.google.heart_rate.bpm","startTimeNanos":1646060400000000000,"modifiedTimeMillis":1646440004639,"rawTimestampNanos":0},
        {"fitValue":[{"value":{"fpVal":60}}],"originDataSourceId":"derived:com.google.heart_rate.bpm:com.google.android.gms:resting_heart_rate<-merge_heart_rate_bpm","endTimeNanos":1646064000000000000,"dataTypeName":"com.google.heart_rate.bpm","startTimeNanos":1646064000000000000,"modifiedTimeMillis":1646440004639,"rawTimestampNanos":0},
        {"fitValue":[{"value":{"fpVal":60}}],"originDataSourceId":"derived:com.google.heart_rate.bpm:com.google.android.gms:resting_heart_rate<-merge_heart_rate_bpm","endTimeNanos":1646067600000000000,"dataTypeName":"com.google.heart_rate.bpm","startTimeNanos":1646067600000000000,"modifiedTimeMillis":1646440004639,"rawTimestampNanos":0},
        {"fitValue":[{"value":{"fpVal":60}}],"originDataSourceId":"derived:com.google.heart_rate.bpm:com.google.android.gms:resting_heart_rate<-merge_heart_rate_bpm","endTimeNanos":1646071200000000000,"dataTypeName":"com.google.heart_rate.bpm","startTimeNanos":1646071200000000000,"modifiedTimeMillis":1646440004639,"rawTimestampNanos":0},
        {"fitValue":[{"value":{"fpVal":60}}],"originDataSourceId":"derived:com.google.heart_rate.bpm:com.google.android.gms:resting_heart_rate<-merge_heart_rate_bpm","endTimeNanos":1646074800000000000,"dataTypeName":"com.google.heart_rate.bpm","startTimeNanos":1646074800000000000,"modifiedTimeMillis":1646440004639,"rawTimestampNanos":0},
        {"fitValue":[{"value":{"fpVal":60}}],"originDataSourceId":"derived:com.google.heart_rate.bpm:com.google.android.gms:resting_heart_rate<-merge_heart_rate_bpm","endTimeNanos":1646078400000000000,"dataTypeName":"com.google.heart_rate.bpm","startTimeNanos":1646078400000000000,"modifiedTimeMillis":1646440004639,"rawTimestampNanos":0},
        {"fitValue":[{"value":{"fpVal":60}}],"originDataSourceId":"derived:com.google.heart_rate.bpm:com.google.android.gms:resting_heart_rate<-merge_heart_rate_bpm","endTimeNanos":1646082000000000000,"dataTypeName":"com.google.heart_rate.bpm","startTimeNanos":1646082000000000000,"modifiedTimeMillis":1646440004639,"rawTimestampNanos":0},
        {"fitValue":[{"value":{"fpVal":60}}],"originDataSourceId":"derived:com.google.heart_rate.bpm:com.google.android.gms:resting_heart_rate<-merge_heart_rate_bpm","endTimeNanos":1646085600000000000,"dataTypeName":"com.google.heart_rate.bpm","startTimeNanos":1646085600000000000,"modifiedTimeMillis":1646440004639,"rawTimestampNanos":0},
        {"fitValue":[{"value":{"fpVal":60}}],"originDataSourceId":"derived:com.google.heart_rate.bpm:com.google.android.gms:resting_heart_rate<-merge_heart_rate_bpm","endTimeNanos":1646089200000000000,"dataTypeName":"com.google.heart_rate.bpm","startTimeNanos":1646089200000000000,"modifiedTimeMillis":1646440004639,"rawTimestampNanos":0},
        {"fitValue":[{"value":{"fpVal":60}}],"originDataSourceId":"derived:com.google.heart_rate.bpm:com.google.android.gms:resting_heart_rate<-merge_heart_rate_bpm","endTimeNanos":1646092800000000000,"dataTypeName":"com.google.heart_rate.bpm","startTimeNanos":1646092800000000000,"modifiedTimeMillis":1646440004639,"rawTimestampNanos":0},
        {"fitValue":[{"value":{"fpVal":60}}],"originDataSourceId":"derived:com.google.heart_rate.bpm:com.google.android.gms:resting_heart_rate<-merge_heart_rate_bpm","endTimeNanos":1646096400000000000,"dataTypeName":"com.google.heart_rate.bpm","startTimeNanos":1646096400000000000,"modifiedTimeMillis":1646440004639,"rawTimestampNanos":0},
        {"fitValue":[{"value":{"fpVal":60}}],"originDataSourceId":"derived:com.google.heart_rate.bpm:com.google.android.gms:resting_heart_rate<-merge_heart_rate_bpm","endTimeNanos":1646100000000000000,"dataTypeName":"com.google.heart_rate.bpm","startTimeNanos":1646100000000000000,"modifiedTimeMillis":1646440004639,"rawTimestampNanos":0},
        {"fitValue":[{"value":{"fpVal":60}}],"originDataSourceId":"derived:com.google.heart_rate.bpm:com.google.android.gms:resting_heart_rate<-merge_heart_rate_bpm","endTimeNanos":1646103600000000000,"dataTypeName":"com.google.heart_rate.bpm","startTimeNanos":1646103600000000000,"modifiedTimeMillis":1646440004639,"rawTimestampNanos":0},
        {"fitValue":[{"value":{"fpVal":60}}],"originDataSourceId":"derived:com.google.heart_rate.bpm:com.google.android.gms:resting_heart_rate<-merge_heart_rate_bpm","endTimeNanos":1646107200000000000,"dataTypeName":"com.google.heart_rate.bpm","startTimeNanos":1646107200000000000,"modifiedTimeMillis":1646440004639,"rawTimestampNanos":0},
        {"fitValue":[{"value":{"fpVal":60}}],"originDataSourceId":"derived:com.google.heart_rate.bpm:com.google.android.gms:resting_heart_rate<-merge_heart_rate_bpm","endTimeNanos":1646110800000000000,"dataTypeName":"com.google.heart_rate.bpm","startTimeNanos":1646110800000000000,"modifiedTimeMillis":1646440004639,"rawTimestampNanos":0},
        {"fitValue":[{"value":{"fpVal":59}}],"originDataSourceId":"derived:com.google.heart_rate.bpm:com.google.android.gms:resting_heart_rate<-merge_heart_rate_bpm","endTimeNanos":1646114400000000000,"dataTypeName":"com.google.heart_rate.bpm","startTimeNanos":1646114400000000000,"modifiedTimeMillis":1646440004639,"rawTimestampNanos":0},
        {"fitValue":[{"value":{"fpVal":59}}],"originDataSourceId":"derived:com.google.heart_rate.bpm:com.google.android.gms:resting_heart_rate<-merge_heart_rate_bpm","endTimeNanos":1646118000000000000,"dataTypeName":"com.google.heart_rate.bpm","startTimeNanos":1646118000000000000,"modifiedTimeMillis":1646440004639,"rawTimestampNanos":0},
        {"fitValue":[{"value":{"fpVal":59}}],"originDataSourceId":"derived:com.google.heart_rate.bpm:com.google.android.gms:resting_heart_rate<-merge_heart_rate_bpm","endTimeNanos":1646121600000000000,"dataTypeName":"com.google.heart_rate.bpm","startTimeNanos":1646121600000000000,"modifiedTimeMillis":1646440004639,"rawTimestampNanos":0},
        {"fitValue":[{"value":{"fpVal":59}}],"originDataSourceId":"derived:com.google.heart_rate.bpm:com.google.android.gms:resting_heart_rate<-merge_heart_rate_bpm","endTimeNanos":1646125200000000000,"dataTypeName":"com.google.heart_rate.bpm","startTimeNanos":1646125200000000000,"modifiedTimeMillis":1646440004639,"rawTimestampNanos":0},
        {"fitValue":[{"value":{"fpVal":59}}],"originDataSourceId":"derived:com.google.heart_rate.bpm:com.google.android.gms:resting_heart_rate<-merge_heart_rate_bpm","endTimeNanos":1646128800000000000,"dataTypeName":"com.google.heart_rate.bpm","startTimeNanos":1646128800000000000,"modifiedTimeMillis":1646440004639,"rawTimestampNanos":0},
        {"fitValue":[{"value":{"fpVal":59}}],"originDataSourceId":"derived:com.google.heart_rate.bpm:com.google.android.gms:resting_heart_rate<-merge_heart_rate_bpm","endTimeNanos":1646132400000000000,"dataTypeName":"com.google.heart_rate.bpm","startTimeNanos":1646132400000000000,"modifiedTimeMillis":1646440004639,"rawTimestampNanos":0},
        {"fitValue":[{"value":{"fpVal":59}}],"originDataSourceId":"derived:com.google.heart_rate.bpm:com.google.android.gms:resting_heart_rate<-merge_heart_rate_bpm","endTimeNanos":1646136000000000000,"dataTypeName":"com.google.heart_rate.bpm","startTimeNanos":1646136000000000000,"modifiedTimeMillis":1646440004639,"rawTimestampNanos":0},
        {"fitValue":[{"value":{"fpVal":59}}],"originDataSourceId":"derived:com.google.heart_rate.bpm:com.google.android.gms:resting_heart_rate<-merge_heart_rate_bpm","endTimeNanos":1646139600000000000,"dataTypeName":"com.google.heart_rate.bpm","startTimeNanos":1646139600000000000,"modifiedTimeMillis":1646440004639,"rawTimestampNanos":0},
        {"fitValue":[{"value":{"fpVal":59}}],"originDataSourceId":"derived:com.google.heart_rate.bpm:com.google.android.gms:resting_heart_rate<-merge_heart_rate_bpm","endTimeNanos":1646143200000000000,"dataTypeName":"com.google.heart_rate.bpm","startTimeNanos":1646143200000000000,"modifiedTimeMillis":1646440004639,"rawTimestampNanos":0},
        {"fitValue":[{"value":{"fpVal":60}}],"originDataSourceId":"derived:com.google.heart_rate.bpm:com.google.android.gms:resting_heart_rate<-merge_heart_rate_bpm","endTimeNanos":1646146800000000000,"dataTypeName":"com.google.heart_rate.bpm","startTimeNanos":1646146800000000000,"modifiedTimeMillis":1646440004639,"rawTimestampNanos":0},
        {"fitValue":[{"value":{"fpVal":60}}],"originDataSourceId":"derived:com.google.heart_rate.bpm:com.google.android.gms:resting_heart_rate<-merge_heart_rate_bpm","endTimeNanos":1646150400000000000,"dataTypeName":"com.google.heart_rate.bpm","startTimeNanos":1646150400000000000,"modifiedTimeMillis":1646440004639,"rawTimestampNanos":0},
        {"fitValue":[{"value":{"fpVal":60}}],"originDataSourceId":"derived:com.google.heart_rate.bpm:com.google.android.gms:resting_heart_rate<-merge_heart_rate_bpm","endTimeNanos":1646154000000000000,"dataTypeName":"com.google.heart_rate.bpm","startTimeNanos":1646154000000000000,"modifiedTimeMillis":1646440004639,"rawTimestampNanos":0},
        {"fitValue":[{"value":{"fpVal":60}}],"originDataSourceId":"derived:com.google.heart_rate.bpm:com.google.android.gms:resting_heart_rate<-merge_heart_rate_bpm","endTimeNanos":1646157600000000000,"dataTypeName":"com.google.heart_rate.bpm","startTimeNanos":1646157600000000000,"modifiedTimeMillis":1646440004639,"rawTimestampNanos":0},
        {"fitValue":[{"value":{"fpVal":60}}],"originDataSourceId":"derived:com.google.heart_rate.bpm:com.google.android.gms:resting_heart_rate<-merge_heart_rate_bpm","endTimeNanos":1646161200000000000,"dataTypeName":"com.google.heart_rate.bpm","startTimeNanos":1646161200000000000,"modifiedTimeMillis":1646440004639,"rawTimestampNanos":0},
        {"fitValue":[{"value":{"fpVal":60}}],"originDataSourceId":"derived:com.google.heart_rate.bpm:com.google.android.gms:resting_heart_rate<-merge_heart_rate_bpm","endTimeNanos":1646164800000000000,"dataTypeName":"com.google.heart_rate.bpm","startTimeNanos":1646164800000000000,"modifiedTimeMillis":1646440004639,"rawTimestampNanos":0},
        {"fitValue":[{"value":{"fpVal":60}}],"originDataSourceId":"derived:com.google.heart_rate.bpm:com.google.android.gms:resting_heart_rate<-merge_heart_rate_bpm","endTimeNanos":1646168400000000000,"dataTypeName":"com.google.heart_rate.bpm","startTimeNanos":1646168400000000000,"modifiedTimeMillis":1646440004639,"rawTimestampNanos":0},
        {"fitValue":[{"value":{"fpVal":60}}],"originDataSourceId":"derived:com.google.heart_rate.bpm:com.google.android.gms:resting_heart_rate<-merge_heart_rate_bpm","endTimeNanos":1646172000000000000,"dataTypeName":"com.google.heart_rate.bpm","startTimeNanos":1646172000000000000,"modifiedTimeMillis":1646440004639,"rawTimestampNanos":0},
        {"fitValue":[{"value":{"fpVal":60}}],"originDataSourceId":"derived:com.google.heart_rate.bpm:com.google.android.gms:resting_heart_rate<-merge_heart_rate_bpm","endTimeNanos":1646175600000000000,"dataTypeName":"com.google.heart_rate.bpm","startTimeNanos":1646175600000000000,"modifiedTimeMillis":1646440004639,"rawTimestampNanos":0},
        {"fitValue":[{"value":{"fpVal":60}}],"originDataSourceId":"derived:com.google.heart_rate.bpm:com.google.android.gms:resting_heart_rate<-merge_heart_rate_bpm","endTimeNanos":1646179200000000000,"dataTypeName":"com.google.heart_rate.bpm","startTimeNanos":1646179200000000000,"modifiedTimeMillis":1646440004639,"rawTimestampNanos":0},
        {"fitValue":[{"value":{"fpVal":60}}],"originDataSourceId":"derived:com.google.heart_rate.bpm:com.google.android.gms:resting_heart_rate<-merge_heart_rate_bpm","endTimeNanos":1646182800000000000,"dataTypeName":"com.google.heart_rate.bpm","startTimeNanos":1646182800000000000,"modifiedTimeMillis":1646440004639,"rawTimestampNanos":0},
        {"fitValue":[{"value":{"fpVal":60}}],"originDataSourceId":"derived:com.google.heart_rate.bpm:com.google.android.gms:resting_heart_rate<-merge_heart_rate_bpm","endTimeNanos":1646186400000000000,"dataTypeName":"com.google.heart_rate.bpm","startTimeNanos":1646186400000000000,"modifiedTimeMillis":1646440004639,"rawTimestampNanos":0},
        {"fitValue":[{"value":{"fpVal":60}}],"originDataSourceId":"derived:com.google.heart_rate.bpm:com.google.android.gms:resting_heart_rate<-merge_heart_rate_bpm","endTimeNanos":1646190000000000000,"dataTypeName":"com.google.heart_rate.bpm","startTimeNanos":1646190000000000000,"modifiedTimeMillis":1646440004639,"rawTimestampNanos":0},
        {"fitValue":[{"value":{"fpVal":59}}],"originDataSourceId":"derived:com.google.heart_rate.bpm:com.google.android.gms:resting_heart_rate<-merge_heart_rate_bpm","endTimeNanos":1646193600000000000,"dataTypeName":"com.google.heart_rate.bpm","startTimeNanos":1646193600000000000,"modifiedTimeMillis":1646440004639,"rawTimestampNanos":0},
        {"fitValue":[{"value":{"fpVal":59}}],"originDataSourceId":"derived:com.google.heart_rate.bpm:com.google.android.gms:resting_heart_rate<-merge_heart_rate_bpm","endTimeNanos":1646197200000000000,"dataTypeName":"com.google.heart_rate.bpm","startTimeNanos":1646197200000000000,"modifiedTimeMillis":1646440004639,"rawTimestampNanos":0},
        {"fitValue":[{"value":{"fpVal":58}}],"originDataSourceId":"derived:com.google.heart_rate.bpm:com.google.android.gms:resting_heart_rate<-merge_heart_rate_bpm","endTimeNanos":1646200800000000000,"dataTypeName":"com.google.heart_rate.bpm","startTimeNanos":1646200800000000000,"modifiedTimeMillis":1646440004639,"rawTimestampNanos":0},
        {"fitValue":[{"value":{"fpVal":58}}],"originDataSourceId":"derived:com.google.heart_rate.bpm:com.google.android.gms:resting_heart_rate<-merge_heart_rate_bpm","endTimeNanos":1646204400000000000,"dataTypeName":"com.google.heart_rate.bpm","startTimeNanos":1646204400000000000,"modifiedTimeMillis":1646440004639,"rawTimestampNanos":0},
        {"fitValue":[{"value":{"fpVal":57}}],"originDataSourceId":"derived:com.google.heart_rate.bpm:com.google.android.gms:resting_heart_rate<-merge_heart_rate_bpm","endTimeNanos":1646208000000000000,"dataTypeName":"com.google.heart_rate.bpm","startTimeNanos":1646208000000000000,"modifiedTimeMillis":1646440004639,"rawTimestampNanos":0},
        {"fitValue":[{"value":{"fpVal":57}}],"originDataSourceId":"derived:com.google.heart_rate.bpm:com.google.android.gms:resting_heart_rate<-merge_heart_rate_bpm","endTimeNanos":1646211600000000000,"dataTypeName":"com.google.heart_rate.bpm","startTimeNanos":1646211600000000000,"modifiedTimeMillis":1646440004639,"rawTimestampNanos":0},
        {"fitValue":[{"value":{"fpVal":57}}],"originDataSourceId":"derived:com.google.heart_rate.bpm:com.google.android.gms:resting_heart_rate<-merge_heart_rate_bpm","endTimeNanos":1646215200000000000,"dataTypeName":"com.google.heart_rate.bpm","startTimeNanos":1646215200000000000,"modifiedTimeMillis":1646440004639,"rawTimestampNanos":0},
        {"fitValue":[{"value":{"fpVal":57}}],"originDataSourceId":"derived:com.google.heart_rate.bpm:com.google.android.gms:resting_heart_rate<-merge_heart_rate_bpm","endTimeNanos":1646218800000000000,"dataTypeName":"com.google.heart_rate.bpm","startTimeNanos":1646218800000000000,"modifiedTimeMillis":1646440004639,"rawTimestampNanos":0},
        {"fitValue":[{"value":{"fpVal":57}}],"originDataSourceId":"derived:com.google.heart_rate.bpm:com.google.android.gms:resting_heart_rate<-merge_heart_rate_bpm","endTimeNanos":1646222400000000000,"dataTypeName":"com.google.heart_rate.bpm","startTimeNanos":1646222400000000000,"modifiedTimeMillis":1646440004639,"rawTimestampNanos":0},
        {"fitValue":[{"value":{"fpVal":57}}],"originDataSourceId":"derived:com.google.heart_rate.bpm:com.google.android.gms:resting_heart_rate<-merge_heart_rate_bpm","endTimeNanos":1646226000000000000,"dataTypeName":"com.google.heart_rate.bpm","startTimeNanos":1646226000000000000,"modifiedTimeMillis":1646440004639,"rawTimestampNanos":0},
        {"fitValue":[{"value":{"fpVal":57}}],"originDataSourceId":"derived:com.google.heart_rate.bpm:com.google.android.gms:resting_heart_rate<-merge_heart_rate_bpm","endTimeNanos":1646229600000000000,"dataTypeName":"com.google.heart_rate.bpm","startTimeNanos":1646229600000000000,"modifiedTimeMillis":1646440004639,"rawTimestampNanos":0},
        {"fitValue":[{"value":{"fpVal":57}}],"originDataSourceId":"derived:com.google.heart_rate.bpm:com.google.android.gms:resting_heart_rate<-merge_heart_rate_bpm","endTimeNanos":1646233200000000000,"dataTypeName":"com.google.heart_rate.bpm","startTimeNanos":1646233200000000000,"modifiedTimeMillis":1646440004639,"rawTimestampNanos":0},
        {"fitValue":[{"value":{"fpVal":57}}],"originDataSourceId":"derived:com.google.heart_rate.bpm:com.google.android.gms:resting_heart_rate<-merge_heart_rate_bpm","endTimeNanos":1646236800000000000,"dataTypeName":"com.google.heart_rate.bpm","startTimeNanos":1646236800000000000,"modifiedTimeMillis":1646440004639,"rawTimestampNanos":0},
        {"fitValue":[{"value":{"fpVal":57}}],"originDataSourceId":"derived:com.google.heart_rate.bpm:com.google.android.gms:resting_heart_rate<-merge_heart_rate_bpm","endTimeNanos":1646240400000000000,"dataTypeName":"com.google.heart_rate.bpm","startTimeNanos":1646240400000000000,"modifiedTimeMillis":1646440004639,"rawTimestampNanos":0},
        {"fitValue":[{"value":{"fpVal":57}}],"originDataSourceId":"derived:com.google.heart_rate.bpm:com.google.android.gms:resting_heart_rate<-merge_heart_rate_bpm","endTimeNanos":1646244000000000000,"dataTypeName":"com.google.heart_rate.bpm","startTimeNanos":1646244000000000000,"modifiedTimeMillis":1646440004639,"rawTimestampNanos":0},
        {"fitValue":[{"value":{"fpVal":57}}],"originDataSourceId":"derived:com.google.heart_rate.bpm:com.google.android.gms:resting_heart_rate<-merge_heart_rate_bpm","endTimeNanos":1646247600000000000,"dataTypeName":"com.google.heart_rate.bpm","startTimeNanos":1646247600000000000,"modifiedTimeMillis":1646440004639,"rawTimestampNanos":0},
        {"fitValue":[{"value":{"fpVal":57}}],"originDataSourceId":"derived:com.google.heart_rate.bpm:com.google.android.gms:resting_heart_rate<-merge_heart_rate_bpm","endTimeNanos":1646251200000000000,"dataTypeName":"com.google.heart_rate.bpm","startTimeNanos":1646251200000000000,"modifiedTimeMillis":1646440004639,"rawTimestampNanos":0},
        {"fitValue":[{"value":{"fpVal":57}}],"originDataSourceId":"derived:com.google.heart_rate.bpm:com.google.android.gms:resting_heart_rate<-merge_heart_rate_bpm","endTimeNanos":1646254800000000000,"dataTypeName":"com.google.heart_rate.bpm","startTimeNanos":1646254800000000000,"modifiedTimeMillis":1646440004639,"rawTimestampNanos":0},
        {"fitValue":[{"value":{"fpVal":57}}],"originDataSourceId":"derived:com.google.heart_rate.bpm:com.google.android.gms:resting_heart_rate<-merge_heart_rate_bpm","endTimeNanos":1646258400000000000,"dataTypeName":"com.google.heart_rate.bpm","startTimeNanos":1646258400000000000,"modifiedTimeMillis":1646440004639,"rawTimestampNanos":0},
        {"fitValue":[{"value":{"fpVal":57}}],"originDataSourceId":"derived:com.google.heart_rate.bpm:com.google.android.gms:resting_heart_rate<-merge_heart_rate_bpm","endTimeNanos":1646262000000000000,"dataTypeName":"com.google.heart_rate.bpm","startTimeNanos":1646262000000000000,"modifiedTimeMillis":1646440004639,"rawTimestampNanos":0},
        {"fitValue":[{"value":{"fpVal":57}}],"originDataSourceId":"derived:com.google.heart_rate.bpm:com.google.android.gms:resting_heart_rate<-merge_heart_rate_bpm","endTimeNanos":1646265600000000000,"dataTypeName":"com.google.heart_rate.bpm","startTimeNanos":1646265600000000000,"modifiedTimeMillis":1646440004639,"rawTimestampNanos":0},
        {"fitValue":[{"value":{"fpVal":57}}],"originDataSourceId":"derived:com.google.heart_rate.bpm:com.google.android.gms:resting_heart_rate<-merge_heart_rate_bpm","endTimeNanos":1646269200000000000,"dataTypeName":"com.google.heart_rate.bpm","startTimeNanos":1646269200000000000,"modifiedTimeMillis":1646440004639,"rawTimestampNanos":0},
        {"fitValue":[{"value":{"fpVal":57}}],"originDataSourceId":"derived:com.google.heart_rate.bpm:com.google.android.gms:resting_heart_rate<-merge_heart_rate_bpm","endTimeNanos":1646272800000000000,"dataTypeName":"com.google.heart_rate.bpm","startTimeNanos":1646272800000000000,"modifiedTimeMillis":1646440004639,"rawTimestampNanos":0},
        {"fitValue":[{"value":{"fpVal":57}}],"originDataSourceId":"derived:com.google.heart_rate.bpm:com.google.android.gms:resting_heart_rate<-merge_heart_rate_bpm","endTimeNanos":1646276400000000000,"dataTypeName":"com.google.heart_rate.bpm","startTimeNanos":1646276400000000000,"modifiedTimeMillis":1646440004639,"rawTimestampNanos":0},
        {"fitValue":[{"value":{"fpVal":57}}],"originDataSourceId":"derived:com.google.heart_rate.bpm:com.google.android.gms:resting_heart_rate<-merge_heart_rate_bpm","endTimeNanos":1646280000000000000,"dataTypeName":"com.google.heart_rate.bpm","startTimeNanos":1646280000000000000,"modifiedTimeMillis":1646440004639,"rawTimestampNanos":0},
        {"fitValue":[{"value":{"fpVal":57}}],"originDataSourceId":"derived:com.google.heart_rate.bpm:com.google.android.gms:resting_heart_rate<-merge_heart_rate_bpm","endTimeNanos":1646283600000000000,"dataTypeName":"com.google.heart_rate.bpm","startTimeNanos":1646283600000000000,"modifiedTimeMillis":1646440004639,"rawTimestampNanos":0},
        {"fitValue":[{"value":{"fpVal":57}}],"originDataSourceId":"derived:com.google.heart_rate.bpm:com.google.android.gms:resting_heart_rate<-merge_heart_rate_bpm","endTimeNanos":1646287200000000000,"dataTypeName":"com.google.heart_rate.bpm","startTimeNanos":1646287200000000000,"modifiedTimeMillis":1646440004639,"rawTimestampNanos":0},
        {"fitValue":[{"value":{"fpVal":58}}],"originDataSourceId":"derived:com.google.heart_rate.bpm:com.google.android.gms:resting_heart_rate<-merge_heart_rate_bpm","endTimeNanos":1646290800000000000,"dataTypeName":"com.google.heart_rate.bpm","startTimeNanos":1646290800000000000,"modifiedTimeMillis":1646440004639,"rawTimestampNanos":0},
        {"fitValue":[{"value":{"fpVal":58}}],"originDataSourceId":"derived:com.google.heart_rate.bpm:com.google.android.gms:resting_heart_rate<-merge_heart_rate_bpm","endTimeNanos":1646294400000000000,"dataTypeName":"com.google.heart_rate.bpm","startTimeNanos":1646294400000000000,"modifiedTimeMillis":1646440004639,"rawTimestampNanos":0},
        {"fitValue":[{"value":{"fpVal":58}}],"originDataSourceId":"derived:com.google.heart_rate.bpm:com.google.android.gms:resting_heart_rate<-merge_heart_rate_bpm","endTimeNanos":1646298000000000000,"dataTypeName":"com.google.heart_rate.bpm","startTimeNanos":1646298000000000000,"modifiedTimeMillis":1646440004639,"rawTimestampNanos":0},
        {"fitValue":[{"value":{"fpVal":57}}],"originDataSourceId":"derived:com.google.heart_rate.bpm:com.google.android.gms:resting_heart_rate<-merge_heart_rate_bpm","endTimeNanos":1646301600000000000,"dataTypeName":"com.google.heart_rate.bpm","startTimeNanos":1646301600000000000,"modifiedTimeMillis":1646440004639,"rawTimestampNanos":0},
        {"fitValue":[{"value":{"fpVal":57}}],"originDataSourceId":"derived:com.google.heart_rate.bpm:com.google.android.gms:resting_heart_rate<-merge_heart_rate_bpm","endTimeNanos":1646305200000000000,"dataTypeName":"com.google.heart_rate.bpm","startTimeNanos":1646305200000000000,"modifiedTimeMillis":1646440004639,"rawTimestampNanos":0},
        {"fitValue":[{"value":{"fpVal":57}}],"originDataSourceId":"derived:com.google.heart_rate.bpm:com.google.android.gms:resting_heart_rate<-merge_heart_rate_bpm","endTimeNanos":1646308800000000000,"dataTypeName":"com.google.heart_rate.bpm","startTimeNanos":1646308800000000000,"modifiedTimeMillis":1646440004639,"rawTimestampNanos":0},
        {"fitValue":[{"value":{"fpVal":57}}],"originDataSourceId":"derived:com.google.heart_rate.bpm:com.google.android.gms:resting_heart_rate<-merge_heart_rate_bpm","endTimeNanos":1646312400000000000,"dataTypeName":"com.google.heart_rate.bpm","startTimeNanos":1646312400000000000,"modifiedTimeMillis":1646440004639,"rawTimestampNanos":0},
        {"fitValue":[{"value":{"fpVal":57}}],"originDataSourceId":"derived:com.google.heart_rate.bpm:com.google.android.gms:resting_heart_rate<-merge_heart_rate_bpm","endTimeNanos":1646316000000000000,"dataTypeName":"com.google.heart_rate.bpm","startTimeNanos":1646316000000000000,"modifiedTimeMillis":1646440004639,"rawTimestampNanos":0},
        {"fitValue":[{"value":{"fpVal":57}}],"originDataSourceId":"derived:com.google.heart_rate.bpm:com.google.android.gms:resting_heart_rate<-merge_heart_rate_bpm","endTimeNanos":1646319600000000000,"dataTypeName":"com.google.heart_rate.bpm","startTimeNanos":1646319600000000000,"modifiedTimeMillis":1646440004639,"rawTimestampNanos":0},
        {"fitValue":[{"value":{"fpVal":57}}],"originDataSourceId":"derived:com.google.heart_rate.bpm:com.google.android.gms:resting_heart_rate<-merge_heart_rate_bpm","endTimeNanos":1646323200000000000,"dataTypeName":"com.google.heart_rate.bpm","startTimeNanos":1646323200000000000,"modifiedTimeMillis":1646440004639,"rawTimestampNanos":0},
        {"fitValue":[{"value":{"fpVal":57}}],"originDataSourceId":"derived:com.google.heart_rate.bpm:com.google.android.gms:resting_heart_rate<-merge_heart_rate_bpm","endTimeNanos":1646326800000000000,"dataTypeName":"com.google.heart_rate.bpm","startTimeNanos":1646326800000000000,"modifiedTimeMillis":1646440004639,"rawTimestampNanos":0},
        {"fitValue":[{"value":{"fpVal":57}}],"originDataSourceId":"derived:com.google.heart_rate.bpm:com.google.android.gms:resting_heart_rate<-merge_heart_rate_bpm","endTimeNanos":1646330400000000000,"dataTypeName":"com.google.heart_rate.bpm","startTimeNanos":1646330400000000000,"modifiedTimeMillis":1646440004639,"rawTimestampNanos":0},
        {"fitValue":[{"value":{"fpVal":57}}],"originDataSourceId":"derived:com.google.heart_rate.bpm:com.google.android.gms:resting_heart_rate<-merge_heart_rate_bpm","endTimeNanos":1646334000000000000,"dataTypeName":"com.google.heart_rate.bpm","startTimeNanos":1646334000000000000,"modifiedTimeMillis":1646440004639,"rawTimestampNanos":0},
        {"fitValue":[{"value":{"fpVal":57}}],"originDataSourceId":"derived:com.google.heart_rate.bpm:com.google.android.gms:resting_heart_rate<-merge_heart_rate_bpm","endTimeNanos":1646337600000000000,"dataTypeName":"com.google.heart_rate.bpm","startTimeNanos":1646337600000000000,"modifiedTimeMillis":1646440004639,"rawTimestampNanos":0},
        {"fitValue":[{"value":{"fpVal":57}}],"originDataSourceId":"derived:com.google.heart_rate.bpm:com.google.android.gms:resting_heart_rate<-merge_heart_rate_bpm","endTimeNanos":1646341200000000000,"dataTypeName":"com.google.heart_rate.bpm","startTimeNanos":1646341200000000000,"modifiedTimeMillis":1646440004639,"rawTimestampNanos":0},
        {"fitValue":[{"value":{"fpVal":57}}],"originDataSourceId":"derived:com.google.heart_rate.bpm:com.google.android.gms:resting_heart_rate<-merge_heart_rate_bpm","endTimeNanos":1646344800000000000,"dataTypeName":"com.google.heart_rate.bpm","startTimeNanos":1646344800000000000,"modifiedTimeMillis":1646440004639,"rawTimestampNanos":0},
        {"fitValue":[{"value":{"fpVal":57}}],"originDataSourceId":"derived:com.google.heart_rate.bpm:com.google.android.gms:resting_heart_rate<-merge_heart_rate_bpm","endTimeNanos":1646348400000000000,"dataTypeName":"com.google.heart_rate.bpm","startTimeNanos":1646348400000000000,"modifiedTimeMillis":1646440004639,"rawTimestampNanos":0},
        {"fitValue":[{"value":{"fpVal":57}}],"originDataSourceId":"derived:com.google.heart_rate.bpm:com.google.android.gms:resting_heart_rate<-merge_heart_rate_bpm","endTimeNanos":1646352000000000000,"dataTypeName":"com.google.heart_rate.bpm","startTimeNanos":1646352000000000000,"modifiedTimeMillis":1646440004639,"rawTimestampNanos":0},
        {"fitValue":[{"value":{"fpVal":57}}],"originDataSourceId":"derived:com.google.heart_rate.bpm:com.google.android.gms:resting_heart_rate<-merge_heart_rate_bpm","endTimeNanos":1646355600000000000,"dataTypeName":"com.google.heart_rate.bpm","startTimeNanos":1646355600000000000,"modifiedTimeMillis":1646440004639,"rawTimestampNanos":0},
        {"fitValue":[{"value":{"fpVal":57}}],"originDataSourceId":"derived:com.google.heart_rate.bpm:com.google.android.gms:resting_heart_rate<-merge_heart_rate_bpm","endTimeNanos":1646359200000000000,"dataTypeName":"com.google.heart_rate.bpm","startTimeNanos":1646359200000000000,"modifiedTimeMillis":1646440004639,"rawTimestampNanos":0},
        {"fitValue":[{"value":{"fpVal":57}}],"originDataSourceId":"derived:com.google.heart_rate.bpm:com.google.android.gms:resting_heart_rate<-merge_heart_rate_bpm","endTimeNanos":1646362800000000000,"dataTypeName":"com.google.heart_rate.bpm","startTimeNanos":1646362800000000000,"modifiedTimeMillis":1646440004639,"rawTimestampNanos":0},
        {"fitValue":[{"value":{"fpVal":57}}],"originDataSourceId":"derived:com.google.heart_rate.bpm:com.google.android.gms:resting_heart_rate<-merge_heart_rate_bpm","endTimeNanos":1646366400000000000,"dataTypeName":"com.google.heart_rate.bpm","startTimeNanos":1646366400000000000,"modifiedTimeMillis":1646440004639,"rawTimestampNanos":0},
        {"fitValue":[{"value":{"fpVal":58}}],"originDataSourceId":"derived:com.google.heart_rate.bpm:com.google.android.gms:resting_heart_rate<-merge_heart_rate_bpm","endTimeNanos":1646370000000000000,"dataTypeName":"com.google.heart_rate.bpm","startTimeNanos":1646370000000000000,"modifiedTimeMillis":1646440004639,"rawTimestampNanos":0},
        {"fitValue":[{"value":{"fpVal":57}}],"originDataSourceId":"derived:com.google.heart_rate.bpm:com.google.android.gms:resting_heart_rate<-merge_heart_rate_bpm","endTimeNanos":1646373600000000000,"dataTypeName":"com.google.heart_rate.bpm","startTimeNanos":1646373600000000000,"modifiedTimeMillis":1646440004639,"rawTimestampNanos":0},
        {"fitValue":[{"value":{"fpVal":57}}],"originDataSourceId":"derived:com.google.heart_rate.bpm:com.google.android.gms:resting_heart_rate<-merge_heart_rate_bpm","endTimeNanos":1646377200000000000,"dataTypeName":"com.google.heart_rate.bpm","startTimeNanos":1646377200000000000,"modifiedTimeMillis":1646440004639,"rawTimestampNanos":0},
        {"fitValue":[{"value":{"fpVal":56}}],"originDataSourceId":"derived:com.google.heart_rate.bpm:com.google.android.gms:resting_heart_rate<-merge_heart_rate_bpm","endTimeNanos":1646380800000000000,"dataTypeName":"com.google.heart_rate.bpm","startTimeNanos":1646380800000000000,"modifiedTimeMillis":1646440004639,"rawTimestampNanos":0},
        {"fitValue":[{"value":{"fpVal":56}}],"originDataSourceId":"derived:com.google.heart_rate.bpm:com.google.android.gms:resting_heart_rate<-merge_heart_rate_bpm","endTimeNanos":1646384400000000000,"dataTypeName":"com.google.heart_rate.bpm","startTimeNanos":1646384400000000000,"modifiedTimeMillis":1646440004639,"rawTimestampNanos":0},
        {"fitValue":[{"value":{"fpVal":56}}],"originDataSourceId":"derived:com.google.heart_rate.bpm:com.google.android.gms:resting_heart_rate<-merge_heart_rate_bpm","endTimeNanos":1646388000000000000,"dataTypeName":"com.google.heart_rate.bpm","startTimeNanos":1646388000000000000,"modifiedTimeMillis":1646440004639,"rawTimestampNanos":0},
        {"fitValue":[{"value":{"fpVal":56}}],"originDataSourceId":"derived:com.google.heart_rate.bpm:com.google.android.gms:resting_heart_rate<-merge_heart_rate_bpm","endTimeNanos":1646391600000000000,"dataTypeName":"com.google.heart_rate.bpm","startTimeNanos":1646391600000000000,"modifiedTimeMillis":1646440004639,"rawTimestampNanos":0},
        {"fitValue":[{"value":{"fpVal":56}}],"originDataSourceId":"derived:com.google.heart_rate.bpm:com.google.android.gms:resting_heart_rate<-merge_heart_rate_bpm","endTimeNanos":1646395200000000000,"dataTypeName":"com.google.heart_rate.bpm","startTimeNanos":1646395200000000000,"modifiedTimeMillis":1646440004639,"rawTimestampNanos":0},
        {"fitValue":[{"value":{"fpVal":56}}],"originDataSourceId":"derived:com.google.heart_rate.bpm:com.google.android.gms:resting_heart_rate<-merge_heart_rate_bpm","endTimeNanos":1646398800000000000,"dataTypeName":"com.google.heart_rate.bpm","startTimeNanos":1646398800000000000,"modifiedTimeMillis":1646440004639,"rawTimestampNanos":0},
        {"fitValue":[{"value":{"fpVal":56}}],"originDataSourceId":"derived:com.google.heart_rate.bpm:com.google.android.gms:resting_heart_rate<-merge_heart_rate_bpm","endTimeNanos":1646402400000000000,"dataTypeName":"com.google.heart_rate.bpm","startTimeNanos":1646402400000000000,"modifiedTimeMillis":1646440004639,"rawTimestampNanos":0},
        {"fitValue":[{"value":{"fpVal":56}}],"originDataSourceId":"derived:com.google.heart_rate.bpm:com.google.android.gms:resting_heart_rate<-merge_heart_rate_bpm","endTimeNanos":1646406000000000000,"dataTypeName":"com.google.heart_rate.bpm","startTimeNanos":1646406000000000000,"modifiedTimeMillis":1646440004639,"rawTimestampNanos":0},
        {"fitValue":[{"value":{"fpVal":56}}],"originDataSourceId":"derived:com.google.heart_rate.bpm:com.google.android.gms:resting_heart_rate<-merge_heart_rate_bpm","endTimeNanos":1646409600000000000,"dataTypeName":"com.google.heart_rate.bpm","startTimeNanos":1646409600000000000,"modifiedTimeMillis":1646440004639,"rawTimestampNanos":0},
        {"fitValue":[{"value":{"fpVal":56}}],"originDataSourceId":"derived:com.google.heart_rate.bpm:com.google.android.gms:resting_heart_rate<-merge_heart_rate_bpm","endTimeNanos":1646413200000000000,"dataTypeName":"com.google.heart_rate.bpm","startTimeNanos":1646413200000000000,"modifiedTimeMillis":1646440004639,"rawTimestampNanos":0},
        {"fitValue":[{"value":{"fpVal":56}}],"originDataSourceId":"derived:com.google.heart_rate.bpm:com.google.android.gms:resting_heart_rate<-merge_heart_rate_bpm","endTimeNanos":1646416800000000000,"dataTypeName":"com.google.heart_rate.bpm","startTimeNanos":1646416800000000000,"modifiedTimeMillis":1646440004639,"rawTimestampNanos":0},
        {"fitValue":[{"value":{"fpVal":56}}],"originDataSourceId":"derived:com.google.heart_rate.bpm:com.google.android.gms:resting_heart_rate<-merge_heart_rate_bpm","endTimeNanos":1646420400000000000,"dataTypeName":"com.google.heart_rate.bpm","startTimeNanos":1646420400000000000,"modifiedTimeMillis":1646440004639,"rawTimestampNanos":0},
        {"fitValue":[{"value":{"fpVal":56}}],"originDataSourceId":"derived:com.google.heart_rate.bpm:com.google.android.gms:resting_heart_rate<-merge_heart_rate_bpm","endTimeNanos":1646424000000000000,"dataTypeName":"com.google.heart_rate.bpm","startTimeNanos":1646424000000000000,"modifiedTimeMillis":1646440004639,"rawTimestampNanos":0},
        {"fitValue":[{"value":{"fpVal":56}}],"originDataSourceId":"derived:com.google.heart_rate.bpm:com.google.android.gms:resting_heart_rate<-merge_heart_rate_bpm","endTimeNanos":1646427600000000000,"dataTypeName":"com.google.heart_rate.bpm","startTimeNanos":1646427600000000000,"modifiedTimeMillis":1646440004639,"rawTimestampNanos":0},
        {"fitValue":[{"value":{"fpVal":56}}],"originDataSourceId":"derived:com.google.heart_rate.bpm:com.google.android.gms:resting_heart_rate<-merge_heart_rate_bpm","endTimeNanos":1646431200000000000,"dataTypeName":"com.google.heart_rate.bpm","startTimeNanos":1646431200000000000,"modifiedTimeMillis":1646440004639,"rawTimestampNanos":0},
        {"fitValue":[{"value":{"fpVal":56}}],"originDataSourceId":"derived:com.google.heart_rate.bpm:com.google.android.gms:resting_heart_rate<-merge_heart_rate_bpm","endTimeNanos":1646434800000000000,"dataTypeName":"com.google.heart_rate.bpm","startTimeNanos":1646434800000000000,"modifiedTimeMillis":1646440004639,"rawTimestampNanos":0},
        {"fitValue":[{"value":{"fpVal":56}}],"originDataSourceId":"derived:com.google.heart_rate.bpm:com.google.android.gms:resting_heart_rate<-merge_heart_rate_bpm","endTimeNanos":1646438400000000000,"dataTypeName":"com.google.heart_rate.bpm","startTimeNanos":1646438400000000000,"modifiedTimeMillis":1646440004639,"rawTimestampNanos":0},
        {"fitValue":[{"value":{"fpVal":56}}],"originDataSourceId":"derived:com.google.heart_rate.bpm:com.google.android.gms:resting_heart_rate<-merge_heart_rate_bpm","endTimeNanos":1646442000000000000,"dataTypeName":"com.google.heart_rate.bpm","startTimeNanos":1646442000000000000,"modifiedTimeMillis":1646457341995,"rawTimestampNanos":0},
        {"fitValue":[{"value":{"fpVal":56}}],"originDataSourceId":"derived:com.google.heart_rate.bpm:com.google.android.gms:resting_heart_rate<-merge_heart_rate_bpm","endTimeNanos":1646445600000000000,"dataTypeName":"com.google.heart_rate.bpm","startTimeNanos":1646445600000000000,"modifiedTimeMillis":1646457341995,"rawTimestampNanos":0},
        {"fitValue":[{"value":{"fpVal":56}}],"originDataSourceId":"derived:com.google.heart_rate.bpm:com.google.android.gms:resting_heart_rate<-merge_heart_rate_bpm","endTimeNanos":1646449200000000000,"dataTypeName":"com.google.heart_rate.bpm","startTimeNanos":1646449200000000000,"modifiedTimeMillis":1646457341995,"rawTimestampNanos":0},
        {"fitValue":[{"value":{"fpVal":56}}],"originDataSourceId":"derived:com.google.heart_rate.bpm:com.google.android.gms:resting_heart_rate<-merge_heart_rate_bpm","endTimeNanos":1646452800000000000,"dataTypeName":"com.google.heart_rate.bpm","startTimeNanos":1646452800000000000,"modifiedTimeMillis":1646457341995,"rawTimestampNanos":0},
        {"fitValue":[{"value":{"fpVal":56}}],"originDataSourceId":"derived:com.google.heart_rate.bpm:com.google.android.gms:resting_heart_rate<-merge_heart_rate_bpm","endTimeNanos":1646456400000000000,"dataTypeName":"com.google.heart_rate.bpm","startTimeNanos":1646456400000000000,"modifiedTimeMillis":1646457341995,"rawTimestampNanos":0},
        {"fitValue":[{"value":{"fpVal":56}}],"originDataSourceId":"derived:com.google.heart_rate.bpm:com.google.android.gms:resting_heart_rate<-merge_heart_rate_bpm","endTimeNanos":1646460000000000000,"dataTypeName":"com.google.heart_rate.bpm","startTimeNanos":1646460000000000000,"modifiedTimeMillis":1646543631154,"rawTimestampNanos":0},
        {"fitValue":[{"value":{"fpVal":56}}],"originDataSourceId":"derived:com.google.heart_rate.bpm:com.google.android.gms:resting_heart_rate<-merge_heart_rate_bpm","endTimeNanos":1646463600000000000,"dataTypeName":"com.google.heart_rate.bpm","startTimeNanos":1646463600000000000,"modifiedTimeMillis":1646543631154,"rawTimestampNanos":0},
        {"fitValue":[{"value":{"fpVal":57}}],"originDataSourceId":"derived:com.google.heart_rate.bpm:com.google.android.gms:resting_heart_rate<-merge_heart_rate_bpm","endTimeNanos":1646467200000000000,"dataTypeName":"com.google.heart_rate.bpm","startTimeNanos":1646467200000000000,"modifiedTimeMillis":1646543631154,"rawTimestampNanos":0},
        {"fitValue":[{"value":{"fpVal":60}}],"originDataSourceId":"derived:com.google.heart_rate.bpm:com.google.android.gms:resting_heart_rate<-merge_heart_rate_bpm","endTimeNanos":1646470800000000000,"dataTypeName":"com.google.heart_rate.bpm","startTimeNanos":1646470800000000000,"modifiedTimeMillis":1646543631154,"rawTimestampNanos":0},
        {"fitValue":[{"value":{"fpVal":62}}],"originDataSourceId":"derived:com.google.heart_rate.bpm:com.google.android.gms:resting_heart_rate<-merge_heart_rate_bpm","endTimeNanos":1646474400000000000,"dataTypeName":"com.google.heart_rate.bpm","startTimeNanos":1646474400000000000,"modifiedTimeMillis":1646543631154,"rawTimestampNanos":0},
        {"fitValue":[{"value":{"fpVal":63}}],"originDataSourceId":"derived:com.google.heart_rate.bpm:com.google.android.gms:resting_heart_rate<-merge_heart_rate_bpm","endTimeNanos":1646478000000000000,"dataTypeName":"com.google.heart_rate.bpm","startTimeNanos":1646478000000000000,"modifiedTimeMillis":1646543631154,"rawTimestampNanos":0},
        {"fitValue":[{"value":{"fpVal":64}}],"originDataSourceId":"derived:com.google.heart_rate.bpm:com.google.android.gms:resting_heart_rate<-merge_heart_rate_bpm","endTimeNanos":1646481600000000000,"dataTypeName":"com.google.heart_rate.bpm","startTimeNanos":1646481600000000000,"modifiedTimeMillis":1646543631154,"rawTimestampNanos":0},
        {"fitValue":[{"value":{"fpVal":64}}],"originDataSourceId":"derived:com.google.heart_rate.bpm:com.google.android.gms:resting_heart_rate<-merge_heart_rate_bpm","endTimeNanos":1646485200000000000,"dataTypeName":"com.google.heart_rate.bpm","startTimeNanos":1646485200000000000,"modifiedTimeMillis":1646543631154,"rawTimestampNanos":0},
        {"fitValue":[{"value":{"fpVal":63}}],"originDataSourceId":"derived:com.google.heart_rate.bpm:com.google.android.gms:resting_heart_rate<-merge_heart_rate_bpm","endTimeNanos":1646488800000000000,"dataTypeName":"com.google.heart_rate.bpm","startTimeNanos":1646488800000000000,"modifiedTimeMillis":1646543631154,"rawTimestampNanos":0},
        {"fitValue":[{"value":{"fpVal":64}}],"originDataSourceId":"derived:com.google.heart_rate.bpm:com.google.android.gms:resting_heart_rate<-merge_heart_rate_bpm","endTimeNanos":1646492400000000000,"dataTypeName":"com.google.heart_rate.bpm","startTimeNanos":1646492400000000000,"modifiedTimeMillis":1646543631154,"rawTimestampNanos":0},
        {"fitValue":[{"value":{"fpVal":63}}],"originDataSourceId":"derived:com.google.heart_rate.bpm:com.google.android.gms:resting_heart_rate<-merge_heart_rate_bpm","endTimeNanos":1646496000000000000,"dataTypeName":"com.google.heart_rate.bpm","startTimeNanos":1646496000000000000,"modifiedTimeMillis":1646543631154,"rawTimestampNanos":0},
        {"fitValue":[{"value":{"fpVal":63}}],"originDataSourceId":"derived:com.google.heart_rate.bpm:com.google.android.gms:resting_heart_rate<-merge_heart_rate_bpm","endTimeNanos":1646499600000000000,"dataTypeName":"com.google.heart_rate.bpm","startTimeNanos":1646499600000000000,"modifiedTimeMillis":1646543631154,"rawTimestampNanos":0},
        {"fitValue":[{"value":{"fpVal":63}}],"originDataSourceId":"derived:com.google.heart_rate.bpm:com.google.android.gms:resting_heart_rate<-merge_heart_rate_bpm","endTimeNanos":1646503200000000000,"dataTypeName":"com.google.heart_rate.bpm","startTimeNanos":1646503200000000000,"modifiedTimeMillis":1646543631154,"rawTimestampNanos":0},
        {"fitValue":[{"value":{"fpVal":63}}],"originDataSourceId":"derived:com.google.heart_rate.bpm:com.google.android.gms:resting_heart_rate<-merge_heart_rate_bpm","endTimeNanos":1646506800000000000,"dataTypeName":"com.google.heart_rate.bpm","startTimeNanos":1646506800000000000,"modifiedTimeMillis":1646543631154,"rawTimestampNanos":0},
        {"fitValue":[{"value":{"fpVal":63}}],"originDataSourceId":"derived:com.google.heart_rate.bpm:com.google.android.gms:resting_heart_rate<-merge_heart_rate_bpm","endTimeNanos":1646510400000000000,"dataTypeName":"com.google.heart_rate.bpm","startTimeNanos":1646510400000000000,"modifiedTimeMillis":1646543631154,"rawTimestampNanos":0},
        {"fitValue":[{"value":{"fpVal":63}}],"originDataSourceId":"derived:com.google.heart_rate.bpm:com.google.android.gms:resting_heart_rate<-merge_heart_rate_bpm","endTimeNanos":1646514000000000000,"dataTypeName":"com.google.heart_rate.bpm","startTimeNanos":1646514000000000000,"modifiedTimeMillis":1646543631154,"rawTimestampNanos":0},
        {"fitValue":[{"value":{"fpVal":63}}],"originDataSourceId":"derived:com.google.heart_rate.bpm:com.google.android.gms:resting_heart_rate<-merge_heart_rate_bpm","endTimeNanos":1646517600000000000,"dataTypeName":"com.google.heart_rate.bpm","startTimeNanos":1646517600000000000,"modifiedTimeMillis":1646543631154,"rawTimestampNanos":0},
        {"fitValue":[{"value":{"fpVal":63}}],"originDataSourceId":"derived:com.google.heart_rate.bpm:com.google.android.gms:resting_heart_rate<-merge_heart_rate_bpm","endTimeNanos":1646521200000000000,"dataTypeName":"com.google.heart_rate.bpm","startTimeNanos":1646521200000000000,"modifiedTimeMillis":1646543631154,"rawTimestampNanos":0},
        {"fitValue":[{"value":{"fpVal":63}}],"originDataSourceId":"derived:com.google.heart_rate.bpm:com.google.android.gms:resting_heart_rate<-merge_heart_rate_bpm","endTimeNanos":1646524800000000000,"dataTypeName":"com.google.heart_rate.bpm","startTimeNanos":1646524800000000000,"modifiedTimeMillis":1646543631154,"rawTimestampNanos":0},
        {"fitValue":[{"value":{"fpVal":63}}],"originDataSourceId":"derived:com.google.heart_rate.bpm:com.google.android.gms:resting_heart_rate<-merge_heart_rate_bpm","endTimeNanos":1646528400000000000,"dataTypeName":"com.google.heart_rate.bpm","startTimeNanos":1646528400000000000,"modifiedTimeMillis":1646543631154,"rawTimestampNanos":0},
        {"fitValue":[{"value":{"fpVal":63}}],"originDataSourceId":"derived:com.google.heart_rate.bpm:com.google.android.gms:resting_heart_rate<-merge_heart_rate_bpm","endTimeNanos":1646532000000000000,"dataTypeName":"com.google.heart_rate.bpm","startTimeNanos":1646532000000000000,"modifiedTimeMillis":1646543631154,"rawTimestampNanos":0},
        {"fitValue":[{"value":{"fpVal":63}}],"originDataSourceId":"derived:com.google.heart_rate.bpm:com.google.android.gms:resting_heart_rate<-merge_heart_rate_bpm","endTimeNanos":1646535600000000000,"dataTypeName":"com.google.heart_rate.bpm","startTimeNanos":1646535600000000000,"modifiedTimeMillis":1646543631154,"rawTimestampNanos":0},
        {"fitValue":[{"value":{"fpVal":63}}],"originDataSourceId":"derived:com.google.heart_rate.bpm:com.google.android.gms:resting_heart_rate<-merge_heart_rate_bpm","endTimeNanos":1646539200000000000,"dataTypeName":"com.google.heart_rate.bpm","startTimeNanos":1646539200000000000,"modifiedTimeMillis":1646543631154,"rawTimestampNanos":0},
        {"fitValue":[{"value":{"fpVal":63}}],"originDataSourceId":"derived:com.google.heart_rate.bpm:com.google.android.gms:resting_heart_rate<-merge_heart_rate_bpm","endTimeNanos":1646542800000000000,"dataTypeName":"com.google.heart_rate.bpm","startTimeNanos":1646542800000000000,"modifiedTimeMillis":1646543631154,"rawTimestampNanos":0}
    ]
}