{
    "Data Source": "derived:com.google.activity.segment:com.google.android.gms:merge_activity_segments",
    "Data Points": [
        {"fitValue":[{"value":{"intVal":7}}],"originDataSourceId":"raw:com.google.activity.segment:com.google.android.apps.fitness:user_input","endTimeNanos":1417876740000000000,"dataTypeName":"com.google.activity.segment","startTimeNanos":1417874640000000000,"modifiedTimeMillis":1417973578961,"rawTimestampNanos":0},
        {"fitValue":[{"value":{"intVal":7}}],"originDataSourceId":"raw:com.google.activity.segment:com.google.android.apps.fitness:user_input","endTimeNanos":1417965120000000000,"dataTypeName":"com.google.activity.segment","startTimeNanos":1417962480000000000,"modifiedTimeMillis":1417969909372,"rawTimestampNanos":0},
        {"fitValue":[{"value":{"intVal":3}}],"originDataSourceId":"derived:com.google.activity.sample:com.google.android.gms:motorola:XT1034:a7cfcee4f370e843:detailed","endTimeNanos":1417970584338000000,"dataTypeName":"com.google.activity.segment","startTimeNanos":1417969530689000000,"modifiedTimeMillis":1417975821460,"rawTimestampNanos":0},
        {"fitValue":[{"value":{"intVal":7}}],"originDataSourceId":"derived:com.google.activity.sample:com.google.android.gms:motorola:XT1034:a7cfcee4f370e843:detailed","endTimeNanos":1417970698179000000,"dataTypeName":"com.google.activity.segment","startTimeNanos":1417970668736000000,"modifiedTimeMillis":1417975821460,"rawTimestampNanos":0},
        {"fitValue":[{"value":{"intVal":3}}],"originDataSourceId":"derived:com.google.activity.sample:com.google.android.gms:motorola:XT1034:a7cfcee4f370e843:detailed","endTimeNanos":1417974773522000000,"dataTypeName":"com.google.activity.segment","startTimeNanos":1417970698179000000,"modifiedTimeMillis":1418079673329,"rawTimestampNanos":0},
        {"fitValue":[{"value":{"intVal":7}}],"originDataSourceId":"derived:com.google.activity.segment:com.fitnesskeeper.runkeeper.pro:session_activity_segment","endTimeNanos":1418057633613000000,"dataTypeName":"com.google.activity.segment","startTimeNanos":1418055764745000000,"modifiedTimeMillis":1418079673329,"rawTimestampNanos":0},
        {"fitValue":[{"value":{"intVal":7}}],"originDataSourceId":"derived:com.google.activity.samples:com.google.android.gms:motorola:moto g(7):bddb9923577fa5ee:detailed","endTimeNanos":1619365594395000000,"dataTypeName":"com.google.activity.segment","startTimeNanos":1619365556957000000,"modifiedTimeMillis":1619365934084,"rawTimestampNanos":0},
        {"fitValue":[{"value":{"intVal":7}}],"originDataSourceId":"derived:com.google.activity.segment:fitapp.fittofit:session_activity_segment","endTimeNanos":1645971251000000000,"dataTypeName":"com.google.activity.segment","startTimeNanos":1645969868000000000,"modifiedTimeMillis":1646440004453,"rawTimestampNanos":0},
        {"fitValue":[{"value":{"intVal":7}}],"originDataSourceId":"derived:com.google.activity.segment:fitapp.fittofit:session_activity_segment","endTimeNanos":1646050368000000000,"dataTypeName":"com.google.activity.segment","startTimeNanos":1646048325000000000,"modifiedTimeMillis":1646440004453,"rawTimestampNanos":0},
        {"fitValue":[{"value":{"intVal":8}}],"originDataSourceId":"raw:com.google.activity.segment:fitapp.fittofit:Run - activity segments","endTimeNanos":1646136123000000000,"dataTypeName":"com.google.activity.segment","startTimeNanos":1646135158000000000,"modifiedTimeMillis":1646440004453,"rawTimestampNanos":0},
        {"fitValue":[{"value":{"intVal":7}}],"originDataSourceId":"derived:com.google.activity.segment:fitapp.fittofit:session_activity_segment","endTimeNanos":1646223990000000000,"dataTypeName":"com.google.activity.segment","startTimeNanos":1646222107000000000,"modifiedTimeMillis":1646440004453,"rawTimestampNanos":0},
        {"fitValue":[{"value":{"intVal":7}}],"originDataSourceId":"derived:com.google.activity.segment:fitapp.fittofit:session_activity_segment","endTimeNanos":1646395458000000000,"dataTypeName":"com.google.activity.segment","startTimeNanos":1646394432000000000,"modifiedTimeMillis":1646440004453,"rawTimestampNanos":0},
        {"fitValue":[{"value":{"intVal":7}}],"originDataSourceId":"derived:com.google.activity.samples:com.google.android.gms:Google:Pixel 5a:0337e926fd1e924c:detailed","endTimeNanos":1646432661306000000,"dataTypeName":"com.google.activity.segment","startTimeNanos":1646432589465000000,"modifiedTimeMillis":1646437004347,"rawTimestampNanos":0},
        {"fitValue":[{"value":{"intVal":7}}],"originDataSourceId":"derived:com.google.activity.samples:com.google.android.gms:Google:Pixel 5a:0337e926fd1e924c:detailed","endTimeNanos":1646433106739000000,"dataTypeName":"com.google.activity.segment","startTimeNanos":1646432978246000000,"modifiedTimeMillis":1646437004347,"rawTimestampNanos":0},
        {"fitValue":[{"value":{"intVal":7}}],"originDataSourceId":"raw:com.google.step_count.cumulative:Google:Pixel 5a:0337e926fd1e924c:Step Counter","endTimeNanos":1646433117227739138,"dataTypeName":"com.google.activity.segment","startTimeNanos":1646433106739000000,"modifiedTimeMillis":1646437004347,"rawTimestampNanos":0},
        {"fitValue":[{"value":{"intVal":7}}],"originDataSourceId":"derived:com.google.activity.samples:com.google.android.gms:Google:Pixel 5a:0337e926fd1e924c:detailed","endTimeNanos":1646435565211000000,"dataTypeName":"com.google.activity.segment","startTimeNanos":1646434882154000000,"modifiedTimeMillis":1646437004347,"rawTimestampNanos":0},
        {"fitValue":[{"value":{"intVal":7}}],"originDataSourceId":"derived:com.google.activity.samples:com.google.android.gms:Google:Pixel 5a:0337e926fd1e924c:detailed","endTimeNanos":1646437746553000000,"dataTypeName":"com.google.activity.segment","startTimeNanos":1646437678969000000,"modifiedTimeMillis":1646440004453,"rawTimestampNanos":0},
        {"fitValue":[{"value":{"intVal":7}}],"originDataSourceId":"derived:com.google.activity.samples:com.google.android.gms:Google:Pixel 5a:0337e926fd1e924c:detailed","endTimeNanos":1646439926474000000,"dataTypeName":"com.google.activity.segment","startTimeNanos":1646439514939000000,"modifiedTimeMillis":1646440004453,"rawTimestampNanos":0},
        {"fitValue":[{"value":{"intVal":7}}],"originDataSourceId":"derived:com.google.activity.samples:com.google.android.gms:Google:Pixel 5a:0337e926fd1e924c:detailed","endTimeNanos":1646444708315000000,"dataTypeName":"com.google.activity.segment","startTimeNanos":1646444290360000000,"modifiedTimeMillis":1646447299619,"rawTimestampNanos":0},
        {"fitValue":[{"value":{"intVal":7}}],"originDataSourceId":"derived:com.google.activity.samples:com.google.android.gms:Google:Pixel 5a:0337e926fd1e924c:detailed","endTimeNanos":1646459617426000000,"dataTypeName":"com.google.activity.segment","startTimeNanos":1646459380006000000,"modifiedTimeMillis":1646460941775,"rawTimestampNanos":0},
        {"fitValue":[{"value":{"intVal":7}}],"originDataSourceId":"derived:com.google.activity.samples:com.google.android.gms:Google:Pixel 5a:0337e926fd1e924c:detailed","endTimeNanos":1646483630642000000,"dataTypeName":"com.google.activity.segment","startTimeNanos":1646483559679000000,"modifiedTimeMillis":1646486421825,"rawTimestampNanos":0},
        {"fitValue":[{"value":{"intVal":7}}],"originDataSourceId":"derived:com.google.activity.samples:com.google.android.gms:Google:Pixel 5a:0337e926fd1e924c:detailed","endTimeNanos":1646483945351000000,"dataTypeName":"com.google.activity.segment","startTimeNanos":1646483884448000000,"modifiedTimeMillis":1646486421825,"rawTimestampNanos":0},
        {"fitValue":[{"value":{"intVal":7}}],"originDataSourceId":"derived:com.google.activity.samples:com.google.android.gms:Google:Pixel 5a:0337e926fd1e924c:detailed","endTimeNanos":1646498476621000000,"dataTypeName":"com.google.activity.segment","startTimeNanos":1646498151892000000,"modifiedTimeMillis":1646501282033,"rawTimestampNanos":0},
        {"fitValue":[{"value":{"intVal":7}}],"originDataSourceId":"derived:com.google.activity.samples:com.google.android.gms:Google:Pixel 5a:0337e926fd1e924c:detailed","endTimeNanos":1646499615209000000,"dataTypeName":"com.google.activity.segment","startTimeNanos":1646498733662000000,"modifiedTimeMillis":1646501282033,"rawTimestampNanos":0},
        {"fitValue":[{"value":{"intVal":7}}],"originDataSourceId":"derived:com.google.activity.samples:com.google.android.gms:Google:Pixel 5a:0337e926fd1e924c:detailed","endTimeNanos":1646500003563000000,"dataTypeName":"com.google.activity.segment","startTimeNanos":1646499941097000000,"modifiedTimeMillis":1646501282033,"rawTimestampNanos":0},
        {"fitValue":[{"value":{"intVal":7}}],"originDataSourceId":"derived:com.google.activity.samples:com.google.android.gms:Google:Pixel 5a:0337e926fd1e924c:detailed","endTimeNanos":1646500329771000000,"dataTypeName":"com.google.activity.segment","startTimeNanos":1646500262158000000,"modifiedTimeMillis":1646501282033,"rawTimestampNanos":0},
        {"fitValue":[{"value":{"intVal":7}}],"originDataSourceId":"derived:com.google.activity.samples:com.google.android.gms:Google:Pixel 5a:0337e926fd1e924c:detailed","endTimeNanos":1646507438614000000,"dataTypeName":"com.google.activity.segment","startTimeNanos":1646507308761000000,"modifiedTimeMillis":1646509644091,"rawTimestampNanos":0},
        {"fitValue":[{"value":{"intVal":7}}],"originDataSourceId":"derived:com.google.activity.samples:com.google.android.gms:Google:Pixel 5a:0337e926fd1e924c:detailed","endTimeNanos":1646511390549000000,"dataTypeName":"com.google.activity.segment","startTimeNanos":1646511064589000000,"modifiedTimeMillis":1646512109514,"rawTimestampNanos":0},
        {"fitValue":[{"value":{"intVal":7}}],"originDataSourceId":"derived:com.google.activity.samples:com.google.android.gms:Google:Pixel 5a:0337e926fd1e924c:detailed","endTimeNanos":1646513229583000000,"dataTypeName":"com.google.activity.segment","startTimeNanos":1646513099651000000,"modifiedTimeMillis":1646516102533,"rawTimestampNanos":0},
        {"fitValue":[{"value":{"intVal":7}}],"originDataSourceId":"derived:com.google.activity.samples:com.google.android.gms:Google:Pixel 5a:0337e926fd1e924c:detailed","endTimeNanos":1646517114433000000,"dataTypeName":"com.google.activity.segment","startTimeNanos":1646517055538000000,"modifiedTimeMillis":1646520485307,"rawTimestampNanos":0},
        {"fitValue":[{"value":{"intVal":7}}],"originDataSourceId":"derived:com.google.activity.samples:com.google.android.gms:Google:Pixel 5a:0337e926fd1e924c:detailed","endTimeNanos":1646522028826000000,"dataTypeName":"com.google.activity.segment","startTimeNanos":1646521292454000000,"modifiedTimeMillis":1646528816556,"rawTimestampNanos":0},
        {"fitValue":[{"value":{"intVal":7}}],"originDataSourceId":"raw:com.google.step_count.cumulative:Google:Pixel 5a:0337e926fd1e924c:Step Counter","endTimeNanos":1646522367390000000,"dataTypeName":"com.google.activity.segment","startTimeNanos":1646522352220617919,"modifiedTimeMillis":1646528816556,"rawTimestampNanos":0},
        {"fitValue":[{"value":{"intVal":7}}],"originDataSourceId":"derived:com.google.activity.samples:com.google.android.gms:Google:Pixel 5a:0337e926fd1e924c:detailed","endTimeNanos":1646522435003000000,"dataTypeName":"com.google.activity.segment","startTimeNanos":1646522367390000000,"modifiedTimeMillis":1646528816556,"rawTimestampNanos":0},
        {"fitValue":[{"value":{"intVal":0}}],"originDataSourceId":"derived:com.google.activity.samples:com.google.android.gms:Google:Pixel 5a:0337e926fd1e924c:detailed","endTimeNanos":1646522976850000000,"dataTypeName":"com.google.activity.segment","startTimeNanos":1646522435003000000,"modifiedTimeMillis":1646528816556,"rawTimestampNanos":0},
        {"fitValue":[{"value":{"intVal":7}}],"originDataSourceId":"derived:com.google.activity.samples:com.google.android.gms:Google:Pixel 5a:0337e926fd1e924c:detailed","endTimeNanos":1646529039920000000,"dataTypeName":"com.google.activity.segment","startTimeNanos":1646528972355000000,"modifiedTimeMillis":1646532431527,"rawTimestampNanos":0},
        {"fitValue":[{"value":{"intVal":7}}],"originDataSourceId":"derived:com.google.activity.samples:com.google.android.gms:Google:Pixel 5a:0337e926fd1e924c:detailed","endTimeNanos":1646539509221000000,"dataTypeName":"com.google.activity.segment","startTimeNanos":1646539380223000000,"modifiedTimeMillis":1646540281300,"rawTimestampNanos":0},
        {"fitValue":[{"value":{"intVal":7}}],"originDataSourceId":"derived:com.google.activity.samples:com.google.android.gms:Google:Pixel 5a:0337e926fd1e924c:detailed","endTimeNanos":1646568958163000000,"dataTypeName":"com.google.activity.segment","startTimeNanos":1646568466534000000,"modifiedTimeMillis":1646569900431,"rawTimestampNanos":0},
        {"fitValue":[{"value":{"intVal":7}}],"originDataSourceId":"derived:com.google.activity.samples:com.google.android.gms:Google:Pixel 5a:0337e926fd1e924c:detailed","endTimeNanos":1646569970546000000,"dataTypeName":"com.google.activity.segment","startTimeNanos":1646569670039000000,"modifiedTimeMillis":1646573512910,"rawTimestampNanos":0},
        {"fitValue":[{"value":{"intVal":7}}],"originDataSourceId":"derived:com.google.activity.samples:com.google.android.gms:Google:Pixel 5a:0337e926fd1e924c:detailed","endTimeNanos":1646571662495000000,"dataTypeName":"com.google.activity.segment","startTimeNanos":1646571591507000000,"modifiedTimeMillis":1646573512910,"rawTimestampNanos":0},
        {"fitValue":[{"value":{"intVal":7}}],"originDataSourceId":"raw:com.google.step_count.cumulative:Google:Pixel 5a:0337e926fd1e924c:Step Counter","endTimeNanos":1646578445317000000,"dataTypeName":"com.google.activity.segment","startTimeNanos":1646578445106154484,"modifiedTimeMillis":1646581180747,"rawTimestampNanos":0},
        {"fitValue":[{"value":{"intVal":7}}],"originDataSourceId":"derived:com.google.activity.samples:com.google.android.gms:Google:Pixel 5a:0337e926fd1e924c:detailed","endTimeNanos":1646578648018000000,"dataTypeName":"com.google.activity.segment","startTimeNanos":1646578445317000000,"modifiedTimeMillis":1646581180747,"rawTimestampNanos":0},
        {"fitValue":[{"value":{"intVal":7}}],"originDataSourceId":"derived:com.google.activity.samples:com.google.android.gms:Google:Pixel 5a:0337e926fd1e924c:detailed","endTimeNanos":1646582685852000000,"dataTypeName":"com.google.activity.segment","startTimeNanos":1646582616885000000,"modifiedTimeMillis":1646589664463,"rawTimestampNanos":0},
        {"fitValue":[{"value":{"intVal":7}}],"originDataSourceId":"derived:com.google.activity.samples:com.google.android.gms:Google:Pixel 5a:0337e926fd1e924c:detailed","endTimeNanos":1646583647409000000,"dataTypeName":"com.google.activity.segment","startTimeNanos":1646583234828000000,"modifiedTimeMillis":1646589664463,"rawTimestampNanos":0},
        {"fitValue":[{"value":{"intVal":0}}],"originDataSourceId":"derived:com.google.activity.samples:com.google.android.gms:Google:Pixel 5a:0337e926fd1e924c:detailed","endTimeNanos":1646584452572000000,"dataTypeName":"com.google.activity.segment","startTimeNanos":1646583647409000000,"modifiedTimeMillis":1646589664463,"rawTimestampNanos":0},
        {"fitValue":[{"value":{"intVal":7}}],"originDataSourceId":"derived:com.google.activity.samples:com.google.android.gms:Google:Pixel 5a:0337e926fd1e924c:detailed","endTimeNanos":1646584874429000000,"dataTypeName":"com.google.activity.segment","startTimeNanos":1646584856362000000,"modifiedTimeMillis":1646589664463,"rawTimestampNanos":0},
        {"fitValue":[{"value":{"intVal":0}}],"originDataSourceId":"derived:com.google.activity.samples:com.google.android.gms:Google:Pixel 5a:0337e926fd1e924c:detailed","endTimeNanos":1646585818462000000,"dataTypeName":"com.google.activity.segment","startTimeNanos":1646584874429000000,"modifiedTimeMillis":1646589664463,"rawTimestampNanos":0},
        {"fitValue":[{"value":{"intVal":7}}],"originDataSourceId":"derived:com.google.activity.samples:com.google.android.gms:Google:Pixel 5a:0337e926fd1e924c:detailed","endTimeNanos":1646585910800000000,"dataTypeName":"com.google.activity.segment","startTimeNanos":1646585818462000000,"modifiedTimeMillis":1646589664463,"rawTimestampNanos":0},
        {"fitValue":[{"value":{"intVal":7}}],"originDataSourceId":"raw:com.google.step_count.cumulative:Google:Pixel 5a:0337e926fd1e924c:Step Counter","endTimeNanos":1646586060762033079,"dataTypeName":"com.google.activity.segment","startTimeNanos":1646585910800000000,"modifiedTimeMillis":1646589664463,"rawTimestampNanos":0},
        {"fitValue":[{"value":{"intVal":7}}],"originDataSourceId":"raw:com.google.step_count.cumulative:Google:Pixel 5a:0337e926fd1e924c:Step Counter","endTimeNanos":1646588918274000000,"dataTypeName":"com.google.activity.segment","startTimeNanos":1646588912842250182,"modifiedTimeMillis":1646589664463,"rawTimestampNanos":0},
        {"fitValue":[{"value":{"intVal":7}}],"originDataSourceId":"derived:com.google.activity.samples:com.google.android.gms:Google:Pixel 5a:0337e926fd1e924c:detailed","endTimeNanos":1646588989819000000,"dataTypeName":"com.google.activity.segment","startTimeNanos":1646588918274000000,"modifiedTimeMillis":1646589664463,"rawTimestampNanos":0},
        {"fitValue":[{"value":{"intVal":7}}],"originDataSourceId":"derived:com.google.activity.samples:com.google.android.gms:Google:Pixel 5a:0337e926fd1e924c:detailed","endTimeNanos":1646590249757000000,"dataTypeName":"com.google.activity.segment","startTimeNanos":1646590179008000000,"modifiedTimeMillis":1646594382445,"rawTimestampNanos":0},
        {"fitValue":[{"value":{"intVal":7}}],"originDataSourceId":"derived:com.google.activity.samples:com.google.android.gms:Google:Pixel 5a:0337e926fd1e924c:detailed","endTimeNanos":1646590722761000000,"dataTypeName":"com.google.activity.segment","startTimeNanos":1646590587629000000,"modifiedTimeMillis":1646594382445,"rawTimestampNanos":0},
        {"fitValue":[{"value":{"intVal":7}}],"originDataSourceId":"derived:com.google.activity.samples:com.google.android.gms:Google:Pixel 5a:0337e926fd1e924c:detailed","endTimeNanos":1646598741718000000,"dataTypeName":"com.google.activity.segment","startTimeNanos":1646598198588000000,"modifiedTimeMillis":1646600839319,"rawTimestampNanos":0},
        {"fitValue":[{"value":{"intVal":7}}],"originDataSourceId":"derived:com.google.activity.samples:com.google.android.gms:Google:Pixel 5a:0337e926fd1e924c:detailed","endTimeNanos":1646599939384000000,"dataTypeName":"com.google.activity.segment","startTimeNanos":1646599596876000000,"modifiedTimeMillis":1646600839319,"rawTimestampNanos":0},
        {"fitValue":[{"value":{"intVal":7}}],"originDataSourceId":"raw:com.google.step_count.cumulative:Google:Pixel 5a:0337e926fd1e924c:Step Counter","endTimeNanos":1646601144435000000,"dataTypeName":"com.google.activity.segment","startTimeNanos":1646601134782161741,"modifiedTimeMillis":1646604589460,"rawTimestampNanos":0},
        {"fitValue":[{"value":{"intVal":7}}],"originDataSourceId":"derived:com.google.activity.samples:com.google.android.gms:Google:Pixel 5a:0337e926fd1e924c:detailed","endTimeNanos":1646601682626000000,"dataTypeName":"com.google.activity.segment","startTimeNanos":1646601144435000000,"modifiedTimeMillis":1646604589460,"rawTimestampNanos":0},
        {"fitValue":[{"value":{"intVal":7}}],"originDataSourceId":"derived:com.google.activity.samples:com.google.android.gms:Google:Pixel 5a:0337e926fd1e924c:detailed","endTimeNanos":1646603336173000000,"dataTypeName":"com.google.activity.segment","startTimeNanos":1646603130546000000,"modifiedTimeMillis":1646604589460,"rawTimestampNanos":0},
        {"fitValue":[{"value":{"intVal":7}}],"originDataSourceId":"derived:com.google.activity.samples:com.google.android.gms:Google:Pixel 5a:0337e926fd1e924c:detailed","endTimeNanos":1646605112666000000,"dataTypeName":"com.google.activity.segment","startTimeNanos":1646604364169000000,"modifiedTimeMillis":1646609068715,"rawTimestampNanos":0},
        {"fitValue":[{"value":{"intVal":7}}],"originDataSourceId":"derived:com.google.activity.samples:com.google.android.gms:Google:Pixel 5a:0337e926fd1e924c:detailed","endTimeNanos":1646605992873000000,"dataTypeName":"com.google.activity.segment","startTimeNanos":1646605924027000000,"modifiedTimeMillis":1646609068715,"rawTimestampNanos":0},
        {"fitValue":[{"value":{"intVal":7}}],"originDataSourceId":"derived:com.google.activity.samples:com.google.android.gms:Google:Pixel 5a:0337e926fd1e924c:detailed","endTimeNanos":1646606538613000000,"dataTypeName":"com.google.activity.segment","startTimeNanos":1646606401749000000,"modifiedTimeMillis":1646609068715,"rawTimestampNanos":0},
        {"fitValue":[{"value":{"intVal":7}}],"originDataSourceId":"derived:com.google.activity.samples:com.google.android.gms:Google:Pixel 5a:0337e926fd1e924c:detailed","endTimeNanos":1646609033568000000,"dataTypeName":"com.google.activity.segment","startTimeNanos":1646608961793000000,"modifiedTimeMillis":1646609068715,"rawTimestampNanos":0},
        {"fitValue":[{"value":{"intVal":7}}],"originDataSourceId":"derived:com.google.activity.samples:com.google.android.gms:Google:Pixel 5a:0337e926fd1e924c:detailed","endTimeNanos":1646611807275000000,"dataTypeName":"com.google.activity.segment","startTimeNanos":1646609981183000000,"modifiedTimeMillis":1646612224908,"rawTimestampNanos":0},
        {"fitValue":[{"value":{"intVal":7}}],"originDataSourceId":"derived:com.google.activity.samples:com.google.android.gms:Google:Pixel 5a:0337e926fd1e924c:detailed","endTimeNanos":1646612677201000000,"dataTypeName":"com.google.activity.segment","startTimeNanos":1646612550814000000,"modifiedTimeMillis":1646615849583,"rawTimestampNanos":0},
        {"fitValue":[{"value":{"intVal":7}}],"originDataSourceId":"derived:com.google.activity.segment:com.fitbit.FitbitMobile:session_activity_segment","endTimeNanos":1676842365000000000,"dataTypeName":"com.google.activity.segment","startTimeNanos":1676840368000000000,"modifiedTimeMillis":1679090257665,"rawTimestampNanos":0},
        {"fitValue":[{"value":{"intVal":7}}],"originDataSourceId":"derived:com.google.activity.segment:com.fitbit.FitbitMobile:session_activity_segment","endTimeNanos":1676896061000000000,"dataTypeName":"com.google.activity.segment","startTimeNanos":1676894468000000000,"modifiedTimeMillis":1679090257665,"rawTimestampNanos":0},
        {"fitValue":[{"value":{"intVal":7}}],"originDataSourceId":"derived:com.google.activity.segment:com.fitbit.FitbitMobile:session_activity_segment","endTimeNanos":1676982845000000000,"dataTypeName":"com.google.activity.segment","startTimeNanos":1676981259000000000,"modifiedTimeMillis":1679090257665,"rawTimestampNanos":0},
        {"fitValue":[{"value":{"intVal":7}}],"originDataSourceId":"derived:com.google.activity.segment:com.fitbit.FitbitMobile:session_activity_segment","endTimeNanos":1677019097000000000,"dataTypeName":"com.google.activity.segment","startTimeNanos":1677017970000000000,"modifiedTimeMillis":1679090257665,"rawTimestampNanos":0},
        {"fitValue":[{"value":{"intVal":7}}],"originDataSourceId":"derived:com.google.activity.segment:com.fitbit.FitbitMobile:session_activity_segment","endTimeNanos":1677068177000000000,"dataTypeName":"com.google.activity.segment","startTimeNanos":1677066485000000000,"modifiedTimeMillis":1679090257665,"rawTimestampNanos":0},
        {"fitValue":[{"value":{"intVal":7}}],"originDataSourceId":"derived:com.google.activity.segment:com.fitbit.FitbitMobile:session_activity_segment","endTimeNanos":1677104245000000000,"dataTypeName":"com.google.activity.segment","startTimeNanos":1677103479000000000,"modifiedTimeMillis":1679090257665,"rawTimestampNanos":0},
        {"fitValue":[{"value":{"intVal":7}}],"originDataSourceId":"derived:com.google.activity.segment:com.fitbit.FitbitMobile:session_activity_segment","endTimeNanos":1677153936000000000,"dataTypeName":"com.google.activity.segment","startTimeNanos":1677152916000000000,"modifiedTimeMillis":1679090257665,"rawTimestampNanos":0},
        {"fitValue":[{"value":{"intVal":8}}],"originDataSourceId":"derived:com.google.activity.segment:com.fitbit.FitbitMobile:session_activity_segment","endTimeNanos":1677154655000000000,"dataTypeName":"com.google.activity.segment","startTimeNanos":1677153936000000000,"modifiedTimeMillis":1679090257665,"rawTimestampNanos":0},
        {"fitValue":[{"value":{"intVal":7}}],"originDataSourceId":"derived:com.google.activity.segment:com.fitbit.FitbitMobile:session_activity_segment","endTimeNanos":1677240596000000000,"dataTypeName":"com.google.activity.segment","startTimeNanos":1677239262000000000,"modifiedTimeMillis":1679090257665,"rawTimestampNanos":0},
        {"fitValue":[{"value":{"intVal":7}}],"originDataSourceId":"derived:com.google.activity.segment:com.fitbit.FitbitMobile:session_activity_segment","endTimeNanos":1677248845000000000,"dataTypeName":"com.google.activity.segment","startTimeNanos":1677248077000000000,"modifiedTimeMillis":1679090257665,"rawTimestampNanos":0},
        {"fitValue":[{"value":{"intVal":7}}],"originDataSourceId":"derived:com.google.activity.segment:com.fitbit.FitbitMobile:session_activity_segment","endTimeNanos":1677279163000000000,"dataTypeName":"com.google.activity.segment","startTimeNanos":1677278344000000000,"modifiedTimeMillis":1679090257665,"rawTimestampNanos":0},
        {"fitValue":[{"value":{"intVal":7}}],"originDataSourceId":"derived:com.google.activity.segment:com.fitbit.FitbitMobile:session_activity_segment","endTimeNanos":1677361354000000000,"dataTypeName":"com.google.activity.segment","startTimeNanos":1677359920000000000,"modifiedTimeMillis":1679090257665,"rawTimestampNanos":0},
        {"fitValue":[{"value":{"intVal":7}}],"originDataSourceId":"derived:com.google.activity.segment:com.fitbit.FitbitMobile:session_activity_segment","endTimeNanos":1677439491000000000,"dataTypeName":"com.google.activity.segment","startTimeNanos":1677438876000000000,"modifiedTimeMillis":1679090257665,"rawTimestampNanos":0},
        {"fitValue":[{"value":{"intVal":7}}],"originDataSourceId":"derived:com.google.activity.segment:com.fitbit.FitbitMobile:session_activity_segment","endTimeNanos":1677441850000000000,"dataTypeName":"com.google.activity.segment","startTimeNanos":1677440517000000000,"modifiedTimeMillis":1679090257665,"rawTimestampNanos":0},
        {"fitValue":[{"value":{"intVal":7}}],"originDataSourceId":"derived:com.google.activity.segment:com.fitbit.FitbitMobile:session_activity_segment","endTimeNanos":1677499075000000000,"dataTypeName":"com.google.activity.segment","startTimeNanos":1677498358000000000,"modifiedTimeMillis":1679090257665,"rawTimestampNanos":0},
        {"fitValue":[{"value":{"intVal":7}}],"originDataSourceId":"derived:com.google.activity.segment:com.fitbit.FitbitMobile:session_activity_segment","endTimeNanos":1677588181000000000,"dataTypeName":"com.google.activity.segment","startTimeNanos":1677585570000000000,"modifiedTimeMillis":1679090257665,"rawTimestampNanos":0},
        {"fitValue":[{"value":{"intVal":7}}],"originDataSourceId":"derived:com.google.activity.segment:com.fitbit.FitbitMobile:session_activity_segment","endTimeNanos":1677616807000000000,"dataTypeName":"com.google.activity.segment","startTimeNanos":1677616039000000000,"modifiedTimeMillis":1679090257665,"rawTimestampNanos":0},
        {"fitValue":[{"value":{"intVal":7}}],"originDataSourceId":"derived:com.google.activity.segment:com.fitbit.FitbitMobile:session_activity_segment","endTimeNanos":1677642522000000000,"dataTypeName":"com.google.activity.segment","startTimeNanos":1677641600000000000,"modifiedTimeMillis":1679090257665,"rawTimestampNanos":0},
        {"fitValue":[{"value":{"intVal":7}}],"originDataSourceId":"derived:com.google.activity.segment:com.fitbit.FitbitMobile:session_activity_segment","endTimeNanos":1677671978000000000,"dataTypeName":"com.google.activity.segment","startTimeNanos":1677670232000000000,"modifiedTimeMillis":1679090257665,"rawTimestampNanos":0},
        {"fitValue":[{"value":{"intVal":7}}],"originDataSourceId":"derived:com.google.activity.segment:com.fitbit.FitbitMobile:session_activity_segment","endTimeNanos":1677758978000000000,"dataTypeName":"com.google.activity.segment","startTimeNanos":1677757237000000000,"modifiedTimeMillis":1679090257665,"rawTimestampNanos":0},
        {"fitValue":[{"value":{"intVal":7}}],"originDataSourceId":"derived:com.google.activity.segment:com.fitbit.FitbitMobile:session_activity_segment","endTimeNanos":1677844392000000000,"dataTypeName":"com.google.activity.segment","startTimeNanos":1677842702000000000,"modifiedTimeMillis":1679090257665,"rawTimestampNanos":0},
        {"fitValue":[{"value":{"intVal":7}}],"originDataSourceId":"derived:com.google.activity.segment:com.fitbit.FitbitMobile:session_activity_segment","endTimeNanos":1677967149000000000,"dataTypeName":"com.google.activity.segment","startTimeNanos":1677966278000000000,"modifiedTimeMillis":1679090257665,"rawTimestampNanos":0},
        {"fitValue":[{"value":{"intVal":7}}],"originDataSourceId":"derived:com.google.activity.segment:com.fitbit.FitbitMobile:session_activity_segment","endTimeNanos":1678028564000000000,"dataTypeName":"com.google.activity.segment","startTimeNanos":1678026719000000000,"modifiedTimeMillis":1679090257665,"rawTimestampNanos":0},
        {"fitValue":[{"value":{"intVal":7}}],"originDataSourceId":"derived:com.google.activity.segment:com.fitbit.FitbitMobile:session_activity_segment","endTimeNanos":1678050648000000000,"dataTypeName":"com.google.activity.segment","startTimeNanos":1678049215000000000,"modifiedTimeMillis":1679090257665,"rawTimestampNanos":0},
        {"fitValue":[{"value":{"intVal":7}}],"originDataSourceId":"derived:com.google.activity.segment:com.fitbit.FitbitMobile:session_activity_segment","endTimeNanos":1678189808000000000,"dataTypeName":"com.google.activity.segment","startTimeNanos":1678189091000000000,"modifiedTimeMillis":1679090257665,"rawTimestampNanos":0},
        {"fitValue":[{"value":{"intVal":7}}],"originDataSourceId":"derived:com.google.activity.segment:com.fitbit.FitbitMobile:session_activity_segment","endTimeNanos":1678218126000000000,"dataTypeName":"com.google.activity.segment","startTimeNanos":1678217204000000000,"modifiedTimeMillis":1679090257665,"rawTimestampNanos":0},
        {"fitValue":[{"value":{"intVal":7}}],"originDataSourceId":"derived:com.google.activity.segment:com.fitbit.FitbitMobile:session_activity_segment","endTimeNanos":1678275379000000000,"dataTypeName":"com.google.activity.segment","startTimeNanos":1678274713000000000,"modifiedTimeMillis":1679090257665,"rawTimestampNanos":0},
        {"fitValue":[{"value":{"intVal":7}}],"originDataSourceId":"derived:com.google.activity.segment:com.fitbit.FitbitMobile:session_activity_segment","endTimeNanos":1678450323000000000,"dataTypeName":"com.google.activity.segment","startTimeNanos":1678449043000000000,"modifiedTimeMillis":1679090257665,"rawTimestampNanos":0},
        {"fitValue":[{"value":{"intVal":7}}],"originDataSourceId":"derived:com.google.activity.segment:com.fitbit.FitbitMobile:session_activity_segment","endTimeNanos":1678632044000000000,"dataTypeName":"com.google.activity.segment","startTimeNanos":1678630201000000000,"modifiedTimeMillis":1679090257665,"rawTimestampNanos":0},
        {"fitValue":[{"value":{"intVal":7}}],"originDataSourceId":"derived:com.google.activity.segment:com.fitbit.FitbitMobile:session_activity_segment","endTimeNanos":1678705677000000000,"dataTypeName":"com.google.activity.segment","startTimeNanos":1678704140000000000,"modifiedTimeMillis":1679090257665,"rawTimestampNanos":0},
        {"fitValue":[{"value":{"intVal":7}}],"originDataSourceId":"derived:com.google.activity.segment:com.fitbit.FitbitMobile:session_activity_segment","endTimeNanos":1678746100000000000,"dataTypeName":"com.google.activity.segment","startTimeNanos":1678745230000000000,"modifiedTimeMillis":1679090257665,"rawTimestampNanos":0},
        {"fitValue":[{"value":{"intVal":7}}],"originDataSourceId":"derived:com.google.activity.segment:com.fitbit.FitbitMobile:session_activity_segment","endTimeNanos":1678792270000000000,"dataTypeName":"com.google.activity.segment","startTimeNanos":1678790528000000000,"modifiedTimeMillis":1679090257665,"rawTimestampNanos":0},
        {"fitValue":[{"value":{"intVal":7}}],"originDataSourceId":"derived:com.google.activity.segment:com.fitbit.FitbitMobile:session_activity_segment","endTimeNanos":1678878965000000000,"dataTypeName":"com.google.activity.segment","startTimeNanos":1678877679000000000,"modifiedTimeMillis":1679090257665,"rawTimestampNanos":0},
        {"fitValue":[{"value":{"intVal":7}}],"originDataSourceId":"derived:com.google.activity.segment:com.fitbit.FitbitMobile:session_activity_segment","endTimeNanos":1678964642000000000,"dataTypeName":"com.google.activity.segment","startTimeNanos":1678963874000000000,"modifiedTimeMillis":1679090257665,"rawTimestampNanos":0},
        {"fitValue":[{"value":{"intVal":7}}],"originDataSourceId":"derived:com.google.activity.segment:com.fitbit.FitbitMobile:session_activity_segment","endTimeNanos":1679051549000000000,"dataTypeName":"com.google.activity.segment","startTimeNanos":1679050112000000000,"modifiedTimeMillis":1679090257665,"rawTimestampNanos":0},
        {"fitValue":[{"value":{"intVal":7}}],"originDataSourceId":"derived:com.google.activity.segment:com.fitbit.FitbitMobile:session_activity_segment","endTimeNanos":1679070092000000000,"dataTypeName":"com.google.activity.segment","startTimeNanos":1679066200000000000,"modifiedTimeMillis":1679090257665,"rawTimestampNanos":0},
        {"fitValue":[{"value":{"intVal":7}}],"originDataSourceId":"derived:com.google.activity.segment:com.fitbit.FitbitMobile:session_activity_segment","endTimeNanos":1679171020000000000,"dataTypeName":"com.google.activity.segment","startTimeNanos":1679169841000000000,"modifiedTimeMillis":1679174064821,"rawTimestampNanos":0}
    ]
}