{
    "Data Source": "derived:com.google.internal.goal:com.google.android.apps.fitness:com_google_step_count_delta.cumulative.day...sample",
    "Data Points": [
        {"fitValue":[{"blob":{"internalGoal":{"endTimeNanos":9223372036854000000,"dataTypeName":"com.google.step_count.delta","cumulativeObjective":{"objective":{"fieldName":"steps","value":{"intVal":10000},"operator":"GTE"}},"recurInterval":{"unit":"DAY","count":1},"startTimeNanos":1619362442479000000}}}],"originDataSourceId":"","endTimeNanos":1619362442479000000,"dataTypeName":"com.google.internal.goal","startTimeNanos":1619362442479000000,"modifiedTimeMillis":1619362448881,"rawTimestampNanos":0},
        {"fitValue":[{"blob":{"internalGoal":{"endTimeNanos":9223372036854000000,"dataTypeName":"com.google.step_count.delta","cumulativeObjective":{"objective":{"fieldName":"steps","value":{"intVal":10000},"operator":"GTE"}},"recurInterval":{"unit":"DAY","count":1},"startTimeNanos":1646432395926000000}}}],"originDataSourceId":"","endTimeNanos":1646432395926000000,"dataTypeName":"com.google.internal.goal","startTimeNanos":1646432395926000000,"modifiedTimeMillis":1646432431640,"rawTimestampNanos":0},
        {"fitValue":[{"blob":{"internalGoal":{"endTimeNanos":9223372036854000000,"dataTypeName":"com.google.step_count.delta","cumulativeObjective":{"objective":{"fieldName":"steps","value":{"intVal":10000},"operator":"GTE"}},"recurInterval":{"unit":"DAY","count":1},"startTimeNanos":1666793203832000000}}}],"originDataSourceId":"","endTimeNanos":1666793203832000000,"dataTypeName":"com.google.internal.goal","startTimeNanos":1666793203832000000,"modifiedTimeMillis":1666793258387,"rawTimestampNanos":0},
        {"fitValue":[{"blob":{"internalGoal":{"endTimeNanos":9223372036854000000,"dataTypeName":"com.google.step_count.delta","cumulativeObjective":{"objective":{"fieldName":"steps","value":{"intVal":10000},"operator":"GTE"}},"recurInterval":{"unit":"DAY","count":1},"startTimeNanos":1679087196477000000}}}],"originDataSourceId":"","endTimeNanos":1679087196477000000,"dataTypeName":"com.google.internal.goal","startTimeNanos":1679087196477000000,"modifiedTimeMillis":1679087233621,"rawTimestampNanos":0}
    ]
}