{
    "Data Source": "derived:com.google.step_count.delta:com.google.android.fit:Google:Pixel 5a:0337e926fd1e924c:top_level",
    "Data Points": [
        {"fitValue":[{"value":{"intVal":76}}],"originDataSourceId":"raw:com.google.step_count.cumulative:Google:Pixel 5a:0337e926fd1e924c:Step Counter","endTimeNanos":1646432659289616682,"dataTypeName":"com.google.step_count.delta","startTimeNanos":1646432507289612586,"modifiedTimeMillis":1646436999155,"rawTimestampNanos":0},
        {"fitValue":[{"value":{"intVal":30}}],"originDataSourceId":"raw:com.google.step_count.cumulative:Google:Pixel 5a:0337e926fd1e924c:Step Counter","endTimeNanos":1646432725024671741,"dataTypeName":"com.google.step_count.delta","startTimeNanos":1646432665024669693,"modifiedTimeMillis":1646436999155,"rawTimestampNanos":0},
        {"fitValue":[{"value":{"intVal":3}}],"originDataSourceId":"raw:com.google.step_count.cumulative:Google:Pixel 5a:0337e926fd1e924c:Step Counter","endTimeNanos":1646432726462658877,"dataTypeName":"com.google.step_count.delta","startTimeNanos":1646432725024671741,"modifiedTimeMillis":1646436999155,"rawTimestampNanos":0},
        {"fitValue":[{"value":{"intVal":30}}],"originDataSourceId":"raw:com.google.step_count.cumulative:Google:Pixel 5a:0337e926fd1e924c:Step Counter","endTimeNanos":1646432975098728814,"dataTypeName":"com.google.step_count.delta","startTimeNanos":1646432915098726766,"modifiedTimeMillis":1646436999155,"rawTimestampNanos":0},
        {"fitValue":[{"value":{"intVal":17}}],"originDataSourceId":"raw:com.google.step_count.cumulative:Google:Pixel 5a:0337e926fd1e924c:Step Counter","endTimeNanos":1646433104443442159,"dataTypeName":"com.google.step_count.delta","startTimeNanos":1646433044443442159,"modifiedTimeMillis":1646436999155,"rawTimestampNanos":0},
        {"fitValue":[{"value":{"intVal":15}}],"originDataSourceId":"raw:com.google.step_count.cumulative:Google:Pixel 5a:0337e926fd1e924c:Step Counter","endTimeNanos":1646433117227739138,"dataTypeName":"com.google.step_count.delta","startTimeNanos":1646433104443442159,"modifiedTimeMillis":1646436999155,"rawTimestampNanos":0},
        {"fitValue":[{"value":{"intVal":27}}],"originDataSourceId":"raw:com.google.step_count.cumulative:Google:Pixel 5a:0337e926fd1e924c:Step Counter","endTimeNanos":1646433244111243546,"dataTypeName":"com.google.step_count.delta","startTimeNanos":1646433184111243546,"modifiedTimeMillis":1646436999155,"rawTimestampNanos":0},
        {"fitValue":[{"value":{"intVal":9}}],"originDataSourceId":"raw:com.google.step_count.cumulative:Google:Pixel 5a:0337e926fd1e924c:Step Counter","endTimeNanos":1646433605668252688,"dataTypeName":"com.google.step_count.delta","startTimeNanos":1646433545668252688,"modifiedTimeMillis":1646436999155,"rawTimestampNanos":0},
        {"fitValue":[{"value":{"intVal":8}}],"originDataSourceId":"raw:com.google.step_count.cumulative:Google:Pixel 5a:0337e926fd1e924c:Step Counter","endTimeNanos":1646433643646047010,"dataTypeName":"com.google.step_count.delta","startTimeNanos":1646433605668252688,"modifiedTimeMillis":1646436999155,"rawTimestampNanos":0},
        {"fitValue":[{"value":{"intVal":8}}],"originDataSourceId":"raw:com.google.step_count.cumulative:Google:Pixel 5a:0337e926fd1e924c:Step Counter","endTimeNanos":1646433681941391060,"dataTypeName":"com.google.step_count.delta","startTimeNanos":1646433643646047010,"modifiedTimeMillis":1646436999155,"rawTimestampNanos":0},
        {"fitValue":[{"value":{"intVal":10}}],"originDataSourceId":"raw:com.google.step_count.cumulative:Google:Pixel 5a:0337e926fd1e924c:Step Counter","endTimeNanos":1646433855393179183,"dataTypeName":"com.google.step_count.delta","startTimeNanos":1646433795393179183,"modifiedTimeMillis":1646436999155,"rawTimestampNanos":0},
        {"fitValue":[{"value":{"intVal":3}}],"originDataSourceId":"raw:com.google.step_count.cumulative:Google:Pixel 5a:0337e926fd1e924c:Step Counter","endTimeNanos":1646433919745256394,"dataTypeName":"com.google.step_count.delta","startTimeNanos":1646433859745256394,"modifiedTimeMillis":1646436999155,"rawTimestampNanos":0},
        {"fitValue":[{"value":{"intVal":5}}],"originDataSourceId":"raw:com.google.step_count.cumulative:Google:Pixel 5a:0337e926fd1e924c:Step Counter","endTimeNanos":1646434289145730118,"dataTypeName":"com.google.step_count.delta","startTimeNanos":1646434229145730118,"modifiedTimeMillis":1646436999155,"rawTimestampNanos":0},
        {"fitValue":[{"value":{"intVal":20}}],"originDataSourceId":"raw:com.google.step_count.cumulative:Google:Pixel 5a:0337e926fd1e924c:Step Counter","endTimeNanos":1646434572687384302,"dataTypeName":"com.google.step_count.delta","startTimeNanos":1646434512687384302,"modifiedTimeMillis":1646436999155,"rawTimestampNanos":0},
        {"fitValue":[{"value":{"intVal":31}}],"originDataSourceId":"raw:com.google.step_count.cumulative:Google:Pixel 5a:0337e926fd1e924c:Step Counter","endTimeNanos":1646434783678291773,"dataTypeName":"com.google.step_count.delta","startTimeNanos":1646434721678290749,"modifiedTimeMillis":1646436999155,"rawTimestampNanos":0},
        {"fitValue":[{"value":{"intVal":61}}],"originDataSourceId":"raw:com.google.step_count.cumulative:Google:Pixel 5a:0337e926fd1e924c:Step Counter","endTimeNanos":1646434870557397888,"dataTypeName":"com.google.step_count.delta","startTimeNanos":1646434783678291773,"modifiedTimeMillis":1646436999155,"rawTimestampNanos":0},
        {"fitValue":[{"value":{"intVal":11}}],"originDataSourceId":"raw:com.google.step_count.cumulative:Google:Pixel 5a:0337e926fd1e924c:Step Counter","endTimeNanos":1646434911283837888,"dataTypeName":"com.google.step_count.delta","startTimeNanos":1646434870557397888,"modifiedTimeMillis":1646436999155,"rawTimestampNanos":0},
        {"fitValue":[{"value":{"intVal":21}}],"originDataSourceId":"raw:com.google.step_count.cumulative:Google:Pixel 5a:0337e926fd1e924c:Step Counter","endTimeNanos":1646434923687755095,"dataTypeName":"com.google.step_count.delta","startTimeNanos":1646434911283837888,"modifiedTimeMillis":1646436999155,"rawTimestampNanos":0},
        {"fitValue":[{"value":{"intVal":3}}],"originDataSourceId":"raw:com.google.step_count.cumulative:Google:Pixel 5a:0337e926fd1e924c:Step Counter","endTimeNanos":1646434961486755199,"dataTypeName":"com.google.step_count.delta","startTimeNanos":1646434923687755095,"modifiedTimeMillis":1646436999155,"rawTimestampNanos":0},
        {"fitValue":[{"value":{"intVal":50}}],"originDataSourceId":"raw:com.google.step_count.cumulative:Google:Pixel 5a:0337e926fd1e924c:Step Counter","endTimeNanos":1646435075812981449,"dataTypeName":"com.google.step_count.delta","startTimeNanos":1646434975812983497,"modifiedTimeMillis":1646436999155,"rawTimestampNanos":0},
        {"fitValue":[{"value":{"intVal":24}}],"originDataSourceId":"raw:com.google.step_count.cumulative:Google:Pixel 5a:0337e926fd1e924c:Step Counter","endTimeNanos":1646435096057412646,"dataTypeName":"com.google.step_count.delta","startTimeNanos":1646435075812981449,"modifiedTimeMillis":1646436999155,"rawTimestampNanos":0},
        {"fitValue":[{"value":{"intVal":1}}],"originDataSourceId":"raw:com.google.step_count.cumulative:Google:Pixel 5a:0337e926fd1e924c:Step Counter","endTimeNanos":1646435140068693468,"dataTypeName":"com.google.step_count.delta","startTimeNanos":1646435096057412646,"modifiedTimeMillis":1646436999155,"rawTimestampNanos":0},
        {"fitValue":[{"value":{"intVal":11}}],"originDataSourceId":"raw:com.google.step_count.cumulative:Google:Pixel 5a:0337e926fd1e924c:Step Counter","endTimeNanos":1646435193265140487,"dataTypeName":"com.google.step_count.delta","startTimeNanos":1646435140068693468,"modifiedTimeMillis":1646436999155,"rawTimestampNanos":0},
        {"fitValue":[{"value":{"intVal":3}}],"originDataSourceId":"raw:com.google.step_count.cumulative:Google:Pixel 5a:0337e926fd1e924c:Step Counter","endTimeNanos":1646435273266739855,"dataTypeName":"com.google.step_count.delta","startTimeNanos":1646435213266739855,"modifiedTimeMillis":1646436999155,"rawTimestampNanos":0},
        {"fitValue":[{"value":{"intVal":5}}],"originDataSourceId":"raw:com.google.step_count.cumulative:Google:Pixel 5a:0337e926fd1e924c:Step Counter","endTimeNanos":1646435550056192653,"dataTypeName":"com.google.step_count.delta","startTimeNanos":1646435490056192653,"modifiedTimeMillis":1646436999155,"rawTimestampNanos":0},
        {"fitValue":[{"value":{"intVal":43}}],"originDataSourceId":"raw:com.google.step_count.cumulative:Google:Pixel 5a:0337e926fd1e924c:Step Counter","endTimeNanos":1646436649136291908,"dataTypeName":"com.google.step_count.delta","startTimeNanos":1646436563136290884,"modifiedTimeMillis":1646436999155,"rawTimestampNanos":0},
        {"fitValue":[{"value":{"intVal":5}}],"originDataSourceId":"raw:com.google.step_count.cumulative:Google:Pixel 5a:0337e926fd1e924c:Step Counter","endTimeNanos":1646436659380324827,"dataTypeName":"com.google.step_count.delta","startTimeNanos":1646436649136291908,"modifiedTimeMillis":1646436999155,"rawTimestampNanos":0},
        {"fitValue":[{"value":{"intVal":11}}],"originDataSourceId":"raw:com.google.step_count.cumulative:Google:Pixel 5a:0337e926fd1e924c:Step Counter","endTimeNanos":1646436734854259973,"dataTypeName":"com.google.step_count.delta","startTimeNanos":1646436674854259973,"modifiedTimeMillis":1646436999155,"rawTimestampNanos":0},
        {"fitValue":[{"value":{"intVal":10}}],"originDataSourceId":"raw:com.google.step_count.cumulative:Google:Pixel 5a:0337e926fd1e924c:Step Counter","endTimeNanos":1646436827851198810,"dataTypeName":"com.google.step_count.delta","startTimeNanos":1646436767851198810,"modifiedTimeMillis":1646436999155,"rawTimestampNanos":0},
        {"fitValue":[{"value":{"intVal":6}}],"originDataSourceId":"raw:com.google.step_count.cumulative:Google:Pixel 5a:0337e926fd1e924c:Step Counter","endTimeNanos":1646436899521462028,"dataTypeName":"com.google.step_count.delta","startTimeNanos":1646436839521462028,"modifiedTimeMillis":1646436999155,"rawTimestampNanos":0},
        {"fitValue":[{"value":{"intVal":4}}],"originDataSourceId":"raw:com.google.step_count.cumulative:Google:Pixel 5a:0337e926fd1e924c:Step Counter","endTimeNanos":1646437113673507614,"dataTypeName":"com.google.step_count.delta","startTimeNanos":1646437053673507614,"modifiedTimeMillis":1646440002901,"rawTimestampNanos":0},
        {"fitValue":[{"value":{"intVal":7}}],"originDataSourceId":"raw:com.google.step_count.cumulative:Google:Pixel 5a:0337e926fd1e924c:Step Counter","endTimeNanos":1646437455935798047,"dataTypeName":"com.google.step_count.delta","startTimeNanos":1646437395935798047,"modifiedTimeMillis":1646440002901,"rawTimestampNanos":0},
        {"fitValue":[{"value":{"intVal":3}}],"originDataSourceId":"raw:com.google.step_count.cumulative:Google:Pixel 5a:0337e926fd1e924c:Step Counter","endTimeNanos":1646437495664842789,"dataTypeName":"com.google.step_count.delta","startTimeNanos":1646437455935798047,"modifiedTimeMillis":1646440002901,"rawTimestampNanos":0},
        {"fitValue":[{"value":{"intVal":8}}],"originDataSourceId":"raw:com.google.step_count.cumulative:Google:Pixel 5a:0337e926fd1e924c:Step Counter","endTimeNanos":1646437570818297978,"dataTypeName":"com.google.step_count.delta","startTimeNanos":1646437510818297978,"modifiedTimeMillis":1646440002901,"rawTimestampNanos":0},
        {"fitValue":[{"value":{"intVal":17}}],"originDataSourceId":"raw:com.google.step_count.cumulative:Google:Pixel 5a:0337e926fd1e924c:Step Counter","endTimeNanos":1646437841756013563,"dataTypeName":"com.google.step_count.delta","startTimeNanos":1646437781756013563,"modifiedTimeMillis":1646440002901,"rawTimestampNanos":0},
        {"fitValue":[{"value":{"intVal":41}}],"originDataSourceId":"raw:com.google.step_count.cumulative:Google:Pixel 5a:0337e926fd1e924c:Step Counter","endTimeNanos":1646439530535925411,"dataTypeName":"com.google.step_count.delta","startTimeNanos":1646439448535922339,"modifiedTimeMillis":1646440002901,"rawTimestampNanos":0},
        {"fitValue":[{"value":{"intVal":41}}],"originDataSourceId":"raw:com.google.step_count.cumulative:Google:Pixel 5a:0337e926fd1e924c:Step Counter","endTimeNanos":1646439719229077710,"dataTypeName":"com.google.step_count.delta","startTimeNanos":1646439637229074638,"modifiedTimeMillis":1646440002901,"rawTimestampNanos":0},
        {"fitValue":[{"value":{"intVal":15}}],"originDataSourceId":"raw:com.google.step_count.cumulative:Google:Pixel 5a:0337e926fd1e924c:Step Counter","endTimeNanos":1646439730530192918,"dataTypeName":"com.google.step_count.delta","startTimeNanos":1646439719229077710,"modifiedTimeMillis":1646440002901,"rawTimestampNanos":0},
        {"fitValue":[{"value":{"intVal":5}}],"originDataSourceId":"raw:com.google.step_count.cumulative:Google:Pixel 5a:0337e926fd1e924c:Step Counter","endTimeNanos":1646441853392711055,"dataTypeName":"com.google.step_count.delta","startTimeNanos":1646441793392711055,"modifiedTimeMillis":1646444362834,"rawTimestampNanos":0},
        {"fitValue":[{"value":{"intVal":58}}],"originDataSourceId":"raw:com.google.step_count.cumulative:Google:Pixel 5a:0337e926fd1e924c:Step Counter","endTimeNanos":1646444342295506020,"dataTypeName":"com.google.step_count.delta","startTimeNanos":1646444226295508068,"modifiedTimeMillis":1646444362834,"rawTimestampNanos":0},
        {"fitValue":[{"value":{"intVal":30}}],"originDataSourceId":"raw:com.google.step_count.cumulative:Google:Pixel 5a:0337e926fd1e924c:Step Counter","endTimeNanos":1646444358899814249,"dataTypeName":"com.google.step_count.delta","startTimeNanos":1646444342295506020,"modifiedTimeMillis":1646447294424,"rawTimestampNanos":0},
        {"fitValue":[{"value":{"intVal":17}}],"originDataSourceId":"raw:com.google.step_count.cumulative:Google:Pixel 5a:0337e926fd1e924c:Step Counter","endTimeNanos":1646444442882095039,"dataTypeName":"com.google.step_count.delta","startTimeNanos":1646444382882095039,"modifiedTimeMillis":1646447294424,"rawTimestampNanos":0},
        {"fitValue":[{"value":{"intVal":7}}],"originDataSourceId":"raw:com.google.step_count.cumulative:Google:Pixel 5a:0337e926fd1e924c:Step Counter","endTimeNanos":1646444553550250546,"dataTypeName":"com.google.step_count.delta","startTimeNanos":1646444493550250546,"modifiedTimeMillis":1646447294424,"rawTimestampNanos":0},
        {"fitValue":[{"value":{"intVal":1}}],"originDataSourceId":"raw:com.google.step_count.cumulative:Google:Pixel 5a:0337e926fd1e924c:Step Counter","endTimeNanos":1646444554553889713,"dataTypeName":"com.google.step_count.delta","startTimeNanos":1646444553550250546,"modifiedTimeMillis":1646447294424,"rawTimestampNanos":0},
        {"fitValue":[{"value":{"intVal":8}}],"originDataSourceId":"raw:com.google.step_count.cumulative:Google:Pixel 5a:0337e926fd1e924c:Step Counter","endTimeNanos":1646445394249251151,"dataTypeName":"com.google.step_count.delta","startTimeNanos":1646445334249251151,"modifiedTimeMillis":1646447294424,"rawTimestampNanos":0},
        {"fitValue":[{"value":{"intVal":3}}],"originDataSourceId":"raw:com.google.step_count.cumulative:Google:Pixel 5a:0337e926fd1e924c:Step Counter","endTimeNanos":1646446730152521322,"dataTypeName":"com.google.step_count.delta","startTimeNanos":1646446670152521322,"modifiedTimeMillis":1646447294424,"rawTimestampNanos":0},
        {"fitValue":[{"value":{"intVal":2}}],"originDataSourceId":"raw:com.google.step_count.cumulative:Google:Pixel 5a:0337e926fd1e924c:Step Counter","endTimeNanos":1646447298578449702,"dataTypeName":"com.google.step_count.delta","startTimeNanos":1646447238578449702,"modifiedTimeMillis":1646452183295,"rawTimestampNanos":0},
        {"fitValue":[{"value":{"intVal":7}}],"originDataSourceId":"raw:com.google.step_count.cumulative:Google:Pixel 5a:0337e926fd1e924c:Step Counter","endTimeNanos":1646459236404474173,"dataTypeName":"com.google.step_count.delta","startTimeNanos":1646459176404474173,"modifiedTimeMillis":1646460936624,"rawTimestampNanos":0},
        {"fitValue":[{"value":{"intVal":21}}],"originDataSourceId":"raw:com.google.step_count.cumulative:Google:Pixel 5a:0337e926fd1e924c:Step Counter","endTimeNanos":1646459346311827477,"dataTypeName":"com.google.step_count.delta","startTimeNanos":1646459286311827477,"modifiedTimeMillis":1646460936624,"rawTimestampNanos":0},
        {"fitValue":[{"value":{"intVal":60}}],"originDataSourceId":"raw:com.google.step_count.cumulative:Google:Pixel 5a:0337e926fd1e924c:Step Counter","endTimeNanos":1646459422164622022,"dataTypeName":"com.google.step_count.delta","startTimeNanos":1646459346311827477,"modifiedTimeMillis":1646460936624,"rawTimestampNanos":0},
        {"fitValue":[{"value":{"intVal":8}}],"originDataSourceId":"raw:com.google.step_count.cumulative:Google:Pixel 5a:0337e926fd1e924c:Step Counter","endTimeNanos":1646459443512938210,"dataTypeName":"com.google.step_count.delta","startTimeNanos":1646459422164622022,"modifiedTimeMillis":1646460936624,"rawTimestampNanos":0},
        {"fitValue":[{"value":{"intVal":4}}],"originDataSourceId":"raw:com.google.step_count.cumulative:Google:Pixel 5a:0337e926fd1e924c:Step Counter","endTimeNanos":1646483391487067742,"dataTypeName":"com.google.step_count.delta","startTimeNanos":1646483331487067742,"modifiedTimeMillis":1646486416594,"rawTimestampNanos":0},
        {"fitValue":[{"value":{"intVal":32}}],"originDataSourceId":"raw:com.google.step_count.cumulative:Google:Pixel 5a:0337e926fd1e924c:Step Counter","endTimeNanos":1646483585278288557,"dataTypeName":"com.google.step_count.delta","startTimeNanos":1646483521278284461,"modifiedTimeMillis":1646486416594,"rawTimestampNanos":0},
        {"fitValue":[{"value":{"intVal":50}}],"originDataSourceId":"raw:com.google.step_count.cumulative:Google:Pixel 5a:0337e926fd1e924c:Step Counter","endTimeNanos":1646483909976253493,"dataTypeName":"com.google.step_count.delta","startTimeNanos":1646483809976255541,"modifiedTimeMillis":1646486416594,"rawTimestampNanos":0},
        {"fitValue":[{"value":{"intVal":7}}],"originDataSourceId":"raw:com.google.step_count.cumulative:Google:Pixel 5a:0337e926fd1e924c:Step Counter","endTimeNanos":1646483916830611827,"dataTypeName":"com.google.step_count.delta","startTimeNanos":1646483909976253493,"modifiedTimeMillis":1646486416594,"rawTimestampNanos":0},
        {"fitValue":[{"value":{"intVal":47}}],"originDataSourceId":"raw:com.google.step_count.cumulative:Google:Pixel 5a:0337e926fd1e924c:Step Counter","endTimeNanos":1646498192673542815,"dataTypeName":"com.google.step_count.delta","startTimeNanos":1646498098673537695,"modifiedTimeMillis":1646501276849,"rawTimestampNanos":0},
        {"fitValue":[{"value":{"intVal":26}}],"originDataSourceId":"raw:com.google.step_count.cumulative:Google:Pixel 5a:0337e926fd1e924c:Step Counter","endTimeNanos":1646498263608873288,"dataTypeName":"com.google.step_count.delta","startTimeNanos":1646498203608873288,"modifiedTimeMillis":1646501276849,"rawTimestampNanos":0},
        {"fitValue":[{"value":{"intVal":16}}],"originDataSourceId":"raw:com.google.step_count.cumulative:Google:Pixel 5a:0337e926fd1e924c:Step Counter","endTimeNanos":1646498324452636245,"dataTypeName":"com.google.step_count.delta","startTimeNanos":1646498264452636245,"modifiedTimeMillis":1646501276849,"rawTimestampNanos":0},
        {"fitValue":[{"value":{"intVal":40}}],"originDataSourceId":"raw:com.google.step_count.cumulative:Google:Pixel 5a:0337e926fd1e924c:Step Counter","endTimeNanos":1646498379370179742,"dataTypeName":"com.google.step_count.delta","startTimeNanos":1646498324452636245,"modifiedTimeMillis":1646501276849,"rawTimestampNanos":0},
        {"fitValue":[{"value":{"intVal":14}}],"originDataSourceId":"raw:com.google.step_count.cumulative:Google:Pixel 5a:0337e926fd1e924c:Step Counter","endTimeNanos":1646498403515262450,"dataTypeName":"com.google.step_count.delta","startTimeNanos":1646498379370179742,"modifiedTimeMillis":1646501276849,"rawTimestampNanos":0},
        {"fitValue":[{"value":{"intVal":6}}],"originDataSourceId":"raw:com.google.step_count.cumulative:Google:Pixel 5a:0337e926fd1e924c:Step Counter","endTimeNanos":1646498508031672972,"dataTypeName":"com.google.step_count.delta","startTimeNanos":1646498448031672972,"modifiedTimeMillis":1646501276849,"rawTimestampNanos":0},
        {"fitValue":[{"value":{"intVal":10}}],"originDataSourceId":"raw:com.google.step_count.cumulative:Google:Pixel 5a:0337e926fd1e924c:Step Counter","endTimeNanos":1646498657348056338,"dataTypeName":"com.google.step_count.delta","startTimeNanos":1646498597348056338,"modifiedTimeMillis":1646501276849,"rawTimestampNanos":0},
        {"fitValue":[{"value":{"intVal":25}}],"originDataSourceId":"raw:com.google.step_count.cumulative:Google:Pixel 5a:0337e926fd1e924c:Step Counter","endTimeNanos":1646498718964241301,"dataTypeName":"com.google.step_count.delta","startTimeNanos":1646498658964241301,"modifiedTimeMillis":1646501276849,"rawTimestampNanos":0},
        {"fitValue":[{"value":{"intVal":20}}],"originDataSourceId":"raw:com.google.step_count.cumulative:Google:Pixel 5a:0337e926fd1e924c:Step Counter","endTimeNanos":1646499225972189498,"dataTypeName":"com.google.step_count.delta","startTimeNanos":1646499165972189498,"modifiedTimeMillis":1646501276849,"rawTimestampNanos":0},
        {"fitValue":[{"value":{"intVal":11}}],"originDataSourceId":"raw:com.google.step_count.cumulative:Google:Pixel 5a:0337e926fd1e924c:Step Counter","endTimeNanos":1646499249376704847,"dataTypeName":"com.google.step_count.delta","startTimeNanos":1646499225972189498,"modifiedTimeMillis":1646501276849,"rawTimestampNanos":0},
        {"fitValue":[{"value":{"intVal":24}}],"originDataSourceId":"raw:com.google.step_count.cumulative:Google:Pixel 5a:0337e926fd1e924c:Step Counter","endTimeNanos":1646499371266847611,"dataTypeName":"com.google.step_count.delta","startTimeNanos":1646499311266847611,"modifiedTimeMillis":1646501276849,"rawTimestampNanos":0},
        {"fitValue":[{"value":{"intVal":7}}],"originDataSourceId":"raw:com.google.step_count.cumulative:Google:Pixel 5a:0337e926fd1e924c:Step Counter","endTimeNanos":1646499441146390858,"dataTypeName":"com.google.step_count.delta","startTimeNanos":1646499381146390858,"modifiedTimeMillis":1646501276849,"rawTimestampNanos":0},
        {"fitValue":[{"value":{"intVal":58}}],"originDataSourceId":"raw:com.google.step_count.cumulative:Google:Pixel 5a:0337e926fd1e924c:Step Counter","endTimeNanos":1646499564194511977,"dataTypeName":"com.google.step_count.delta","startTimeNanos":1646499448194514025,"modifiedTimeMillis":1646501276849,"rawTimestampNanos":0},
        {"fitValue":[{"value":{"intVal":10}}],"originDataSourceId":"raw:com.google.step_count.cumulative:Google:Pixel 5a:0337e926fd1e924c:Step Counter","endTimeNanos":1646499570899023852,"dataTypeName":"com.google.step_count.delta","startTimeNanos":1646499564194511977,"modifiedTimeMillis":1646501276849,"rawTimestampNanos":0},
        {"fitValue":[{"value":{"intVal":12}}],"originDataSourceId":"raw:com.google.step_count.cumulative:Google:Pixel 5a:0337e926fd1e924c:Step Counter","endTimeNanos":1646499997846335105,"dataTypeName":"com.google.step_count.delta","startTimeNanos":1646499937846335105,"modifiedTimeMillis":1646501276849,"rawTimestampNanos":0},
        {"fitValue":[{"value":{"intVal":23}}],"originDataSourceId":"raw:com.google.step_count.cumulative:Google:Pixel 5a:0337e926fd1e924c:Step Counter","endTimeNanos":1646500249551690702,"dataTypeName":"com.google.step_count.delta","startTimeNanos":1646500189551690702,"modifiedTimeMillis":1646501276849,"rawTimestampNanos":0},
        {"fitValue":[{"value":{"intVal":9}}],"originDataSourceId":"raw:com.google.step_count.cumulative:Google:Pixel 5a:0337e926fd1e924c:Step Counter","endTimeNanos":1646501283137619661,"dataTypeName":"com.google.step_count.delta","startTimeNanos":1646501223137619661,"modifiedTimeMillis":1646504988732,"rawTimestampNanos":0},
        {"fitValue":[{"value":{"intVal":24}}],"originDataSourceId":"raw:com.google.step_count.cumulative:Google:Pixel 5a:0337e926fd1e924c:Step Counter","endTimeNanos":1646505027675288800,"dataTypeName":"com.google.step_count.delta","startTimeNanos":1646504967675288800,"modifiedTimeMillis":1646509638935,"rawTimestampNanos":0},
        {"fitValue":[{"value":{"intVal":40}}],"originDataSourceId":"raw:com.google.step_count.cumulative:Google:Pixel 5a:0337e926fd1e924c:Step Counter","endTimeNanos":1646507357248185532,"dataTypeName":"com.google.step_count.delta","startTimeNanos":1646507277248177340,"modifiedTimeMillis":1646509638935,"rawTimestampNanos":0},
        {"fitValue":[{"value":{"intVal":29}}],"originDataSourceId":"raw:com.google.step_count.cumulative:Google:Pixel 5a:0337e926fd1e924c:Step Counter","endTimeNanos":1646511122030538976,"dataTypeName":"com.google.step_count.delta","startTimeNanos":1646511062030538976,"modifiedTimeMillis":1646512104424,"rawTimestampNanos":0},
        {"fitValue":[{"value":{"intVal":25}}],"originDataSourceId":"raw:com.google.step_count.cumulative:Google:Pixel 5a:0337e926fd1e924c:Step Counter","endTimeNanos":1646511220298613500,"dataTypeName":"com.google.step_count.delta","startTimeNanos":1646511160298613500,"modifiedTimeMillis":1646512104424,"rawTimestampNanos":0},
        {"fitValue":[{"value":{"intVal":15}}],"originDataSourceId":"raw:com.google.step_count.cumulative:Google:Pixel 5a:0337e926fd1e924c:Step Counter","endTimeNanos":1646511307778608700,"dataTypeName":"com.google.step_count.delta","startTimeNanos":1646511247778608700,"modifiedTimeMillis":1646512104424,"rawTimestampNanos":0},
        {"fitValue":[{"value":{"intVal":32}}],"originDataSourceId":"raw:com.google.step_count.cumulative:Google:Pixel 5a:0337e926fd1e924c:Step Counter","endTimeNanos":1646511325446120523,"dataTypeName":"com.google.step_count.delta","startTimeNanos":1646511307778608700,"modifiedTimeMillis":1646512104424,"rawTimestampNanos":0},
        {"fitValue":[{"value":{"intVal":72}}],"originDataSourceId":"raw:com.google.step_count.cumulative:Google:Pixel 5a:0337e926fd1e924c:Step Counter","endTimeNanos":1646513151507942833,"dataTypeName":"com.google.step_count.delta","startTimeNanos":1646513007507934641,"modifiedTimeMillis":1646516097374,"rawTimestampNanos":0},
        {"fitValue":[{"value":{"intVal":6}}],"originDataSourceId":"raw:com.google.step_count.cumulative:Google:Pixel 5a:0337e926fd1e924c:Step Counter","endTimeNanos":1646513156193280906,"dataTypeName":"com.google.step_count.delta","startTimeNanos":1646513151507942833,"modifiedTimeMillis":1646516097374,"rawTimestampNanos":0},
        {"fitValue":[{"value":{"intVal":45}}],"originDataSourceId":"raw:com.google.step_count.cumulative:Google:Pixel 5a:0337e926fd1e924c:Step Counter","endTimeNanos":1646515883775796095,"dataTypeName":"com.google.step_count.delta","startTimeNanos":1646515793775797119,"modifiedTimeMillis":1646516097374,"rawTimestampNanos":0},
        {"fitValue":[{"value":{"intVal":14}}],"originDataSourceId":"raw:com.google.step_count.cumulative:Google:Pixel 5a:0337e926fd1e924c:Step Counter","endTimeNanos":1646515950765161486,"dataTypeName":"com.google.step_count.delta","startTimeNanos":1646515890765161486,"modifiedTimeMillis":1646516097374,"rawTimestampNanos":0},
        {"fitValue":[{"value":{"intVal":6}}],"originDataSourceId":"raw:com.google.step_count.cumulative:Google:Pixel 5a:0337e926fd1e924c:Step Counter","endTimeNanos":1646516065421528666,"dataTypeName":"com.google.step_count.delta","startTimeNanos":1646516005421528666,"modifiedTimeMillis":1646516097374,"rawTimestampNanos":0},
        {"fitValue":[{"value":{"intVal":8}}],"originDataSourceId":"raw:com.google.step_count.cumulative:Google:Pixel 5a:0337e926fd1e924c:Step Counter","endTimeNanos":1646516087892517781,"dataTypeName":"com.google.step_count.delta","startTimeNanos":1646516065421528666,"modifiedTimeMillis":1646520480240,"rawTimestampNanos":0},
        {"fitValue":[{"value":{"intVal":74}}],"originDataSourceId":"raw:com.google.step_count.cumulative:Google:Pixel 5a:0337e926fd1e924c:Step Counter","endTimeNanos":1646517051070159064,"dataTypeName":"com.google.step_count.delta","startTimeNanos":1646516903070144728,"modifiedTimeMillis":1646520480240,"rawTimestampNanos":0},
        {"fitValue":[{"value":{"intVal":7}}],"originDataSourceId":"raw:com.google.step_count.cumulative:Google:Pixel 5a:0337e926fd1e924c:Step Counter","endTimeNanos":1646517055429892293,"dataTypeName":"com.google.step_count.delta","startTimeNanos":1646517051070159064,"modifiedTimeMillis":1646520480240,"rawTimestampNanos":0},
        {"fitValue":[{"value":{"intVal":21}}],"originDataSourceId":"raw:com.google.step_count.cumulative:Google:Pixel 5a:0337e926fd1e924c:Step Counter","endTimeNanos":1646520646334916217,"dataTypeName":"com.google.step_count.delta","startTimeNanos":1646520586334916217,"modifiedTimeMillis":1646528811377,"rawTimestampNanos":0},
        {"fitValue":[{"value":{"intVal":2}}],"originDataSourceId":"raw:com.google.step_count.cumulative:Google:Pixel 5a:0337e926fd1e924c:Step Counter","endTimeNanos":1646521073815134344,"dataTypeName":"com.google.step_count.delta","startTimeNanos":1646521013815134344,"modifiedTimeMillis":1646528811377,"rawTimestampNanos":0},
        {"fitValue":[{"value":{"intVal":71}}],"originDataSourceId":"raw:com.google.step_count.cumulative:Google:Pixel 5a:0337e926fd1e924c:Step Counter","endTimeNanos":1646521199029300639,"dataTypeName":"com.google.step_count.delta","startTimeNanos":1646521073815134344,"modifiedTimeMillis":1646528811377,"rawTimestampNanos":0},
        {"fitValue":[{"value":{"intVal":28}}],"originDataSourceId":"raw:com.google.step_count.cumulative:Google:Pixel 5a:0337e926fd1e924c:Step Counter","endTimeNanos":1646521220136896107,"dataTypeName":"com.google.step_count.delta","startTimeNanos":1646521199029300639,"modifiedTimeMillis":1646528811377,"rawTimestampNanos":0},
        {"fitValue":[{"value":{"intVal":13}}],"originDataSourceId":"raw:com.google.step_count.cumulative:Google:Pixel 5a:0337e926fd1e924c:Step Counter","endTimeNanos":1646521278500541588,"dataTypeName":"com.google.step_count.delta","startTimeNanos":1646521220136896107,"modifiedTimeMillis":1646528811377,"rawTimestampNanos":0},
        {"fitValue":[{"value":{"intVal":14}}],"originDataSourceId":"raw:com.google.step_count.cumulative:Google:Pixel 5a:0337e926fd1e924c:Step Counter","endTimeNanos":1646521288441220911,"dataTypeName":"com.google.step_count.delta","startTimeNanos":1646521278500541588,"modifiedTimeMillis":1646528811377,"rawTimestampNanos":0},
        {"fitValue":[{"value":{"intVal":8}}],"originDataSourceId":"raw:com.google.step_count.cumulative:Google:Pixel 5a:0337e926fd1e924c:Step Counter","endTimeNanos":1646522007991637589,"dataTypeName":"com.google.step_count.delta","startTimeNanos":1646521947991637589,"modifiedTimeMillis":1646528811377,"rawTimestampNanos":0},
        {"fitValue":[{"value":{"intVal":8}}],"originDataSourceId":"raw:com.google.step_count.cumulative:Google:Pixel 5a:0337e926fd1e924c:Step Counter","endTimeNanos":1646522226962486005,"dataTypeName":"com.google.step_count.delta","startTimeNanos":1646522166962486005,"modifiedTimeMillis":1646528811377,"rawTimestampNanos":0},
        {"fitValue":[{"value":{"intVal":65}}],"originDataSourceId":"raw:com.google.step_count.cumulative:Google:Pixel 5a:0337e926fd1e924c:Step Counter","endTimeNanos":1646522352220617919,"dataTypeName":"com.google.step_count.delta","startTimeNanos":1646522226962486005,"modifiedTimeMillis":1646528811377,"rawTimestampNanos":0},
        {"fitValue":[{"value":{"intVal":35}}],"originDataSourceId":"raw:com.google.step_count.cumulative:Google:Pixel 5a:0337e926fd1e924c:Step Counter","endTimeNanos":1646522371798997450,"dataTypeName":"com.google.step_count.delta","startTimeNanos":1646522352220617919,"modifiedTimeMillis":1646528811377,"rawTimestampNanos":0},
        {"fitValue":[{"value":{"intVal":5}}],"originDataSourceId":"raw:com.google.step_count.cumulative:Google:Pixel 5a:0337e926fd1e924c:Step Counter","endTimeNanos":1646522464736943934,"dataTypeName":"com.google.step_count.delta","startTimeNanos":1646522404736943934,"modifiedTimeMillis":1646528811377,"rawTimestampNanos":0},
        {"fitValue":[{"value":{"intVal":2}}],"originDataSourceId":"raw:com.google.step_count.cumulative:Google:Pixel 5a:0337e926fd1e924c:Step Counter","endTimeNanos":1646522951829349162,"dataTypeName":"com.google.step_count.delta","startTimeNanos":1646522891829349162,"modifiedTimeMillis":1646528811377,"rawTimestampNanos":0},
        {"fitValue":[{"value":{"intVal":32}}],"originDataSourceId":"raw:com.google.step_count.cumulative:Google:Pixel 5a:0337e926fd1e924c:Step Counter","endTimeNanos":1646523022630699358,"dataTypeName":"com.google.step_count.delta","startTimeNanos":1646522958630695262,"modifiedTimeMillis":1646528811377,"rawTimestampNanos":0},
        {"fitValue":[{"value":{"intVal":33}}],"originDataSourceId":"raw:com.google.step_count.cumulative:Google:Pixel 5a:0337e926fd1e924c:Step Counter","endTimeNanos":1646528881830873494,"dataTypeName":"com.google.step_count.delta","startTimeNanos":1646528815830870422,"modifiedTimeMillis":1646532426383,"rawTimestampNanos":0},
        {"fitValue":[{"value":{"intVal":20}}],"originDataSourceId":"raw:com.google.step_count.cumulative:Google:Pixel 5a:0337e926fd1e924c:Step Counter","endTimeNanos":1646528933655535972,"dataTypeName":"com.google.step_count.delta","startTimeNanos":1646528881830873494,"modifiedTimeMillis":1646532426383,"rawTimestampNanos":0},
        {"fitValue":[{"value":{"intVal":2}}],"originDataSourceId":"raw:com.google.step_count.cumulative:Google:Pixel 5a:0337e926fd1e924c:Step Counter","endTimeNanos":1646529714537660193,"dataTypeName":"com.google.step_count.delta","startTimeNanos":1646529654537660193,"modifiedTimeMillis":1646532426383,"rawTimestampNanos":0},
        {"fitValue":[{"value":{"intVal":81}}],"originDataSourceId":"raw:com.google.step_count.cumulative:Google:Pixel 5a:0337e926fd1e924c:Step Counter","endTimeNanos":1646539229802624286,"dataTypeName":"com.google.step_count.delta","startTimeNanos":1646539067802613022,"modifiedTimeMillis":1646540276151,"rawTimestampNanos":0},
        {"fitValue":[{"value":{"intVal":33}}],"originDataSourceId":"raw:com.google.step_count.cumulative:Google:Pixel 5a:0337e926fd1e924c:Step Counter","endTimeNanos":1646539476098546937,"dataTypeName":"com.google.step_count.delta","startTimeNanos":1646539410098543865,"modifiedTimeMillis":1646540276151,"rawTimestampNanos":0},
        {"fitValue":[{"value":{"intVal":34}}],"originDataSourceId":"raw:com.google.step_count.cumulative:Google:Pixel 5a:0337e926fd1e924c:Step Counter","endTimeNanos":1646568492273150523,"dataTypeName":"com.google.step_count.delta","startTimeNanos":1646568424273148475,"modifiedTimeMillis":1646569895237,"rawTimestampNanos":0},
        {"fitValue":[{"value":{"intVal":16}}],"originDataSourceId":"raw:com.google.step_count.cumulative:Google:Pixel 5a:0337e926fd1e924c:Step Counter","endTimeNanos":1646568819613365300,"dataTypeName":"com.google.step_count.delta","startTimeNanos":1646568759613365300,"modifiedTimeMillis":1646569895237,"rawTimestampNanos":0},
        {"fitValue":[{"value":{"intVal":45}}],"originDataSourceId":"raw:com.google.step_count.cumulative:Google:Pixel 5a:0337e926fd1e924c:Step Counter","endTimeNanos":1646568930906455637,"dataTypeName":"com.google.step_count.delta","startTimeNanos":1646568840906456661,"modifiedTimeMillis":1646569895237,"rawTimestampNanos":0},
        {"fitValue":[{"value":{"intVal":24}}],"originDataSourceId":"raw:com.google.step_count.cumulative:Google:Pixel 5a:0337e926fd1e924c:Step Counter","endTimeNanos":1646569717246297267,"dataTypeName":"com.google.step_count.delta","startTimeNanos":1646569657246297267,"modifiedTimeMillis":1646569895237,"rawTimestampNanos":0},
        {"fitValue":[{"value":{"intVal":31}}],"originDataSourceId":"raw:com.google.step_count.cumulative:Google:Pixel 5a:0337e926fd1e924c:Step Counter","endTimeNanos":1646569788652392311,"dataTypeName":"com.google.step_count.delta","startTimeNanos":1646569726652391287,"modifiedTimeMillis":1646569895237,"rawTimestampNanos":0},
        {"fitValue":[{"value":{"intVal":4}}],"originDataSourceId":"raw:com.google.step_count.cumulative:Google:Pixel 5a:0337e926fd1e924c:Step Counter","endTimeNanos":1646569830707196530,"dataTypeName":"com.google.step_count.delta","startTimeNanos":1646569788652392311,"modifiedTimeMillis":1646569895237,"rawTimestampNanos":0},
        {"fitValue":[{"value":{"intVal":29}}],"originDataSourceId":"raw:com.google.step_count.cumulative:Google:Pixel 5a:0337e926fd1e924c:Step Counter","endTimeNanos":1646571600399338566,"dataTypeName":"com.google.step_count.delta","startTimeNanos":1646571540399338566,"modifiedTimeMillis":1646573507741,"rawTimestampNanos":0},
        {"fitValue":[{"value":{"intVal":3}}],"originDataSourceId":"raw:com.google.step_count.cumulative:Google:Pixel 5a:0337e926fd1e924c:Step Counter","endTimeNanos":1646571671976192113,"dataTypeName":"com.google.step_count.delta","startTimeNanos":1646571611976192113,"modifiedTimeMillis":1646573507741,"rawTimestampNanos":0},
        {"fitValue":[{"value":{"intVal":12}}],"originDataSourceId":"raw:com.google.step_count.cumulative:Google:Pixel 5a:0337e926fd1e924c:Step Counter","endTimeNanos":1646576380863228880,"dataTypeName":"com.google.step_count.delta","startTimeNanos":1646576320863228880,"modifiedTimeMillis":1646578026235,"rawTimestampNanos":0},
        {"fitValue":[{"value":{"intVal":6}}],"originDataSourceId":"raw:com.google.step_count.cumulative:Google:Pixel 5a:0337e926fd1e924c:Step Counter","endTimeNanos":1646576386348318568,"dataTypeName":"com.google.step_count.delta","startTimeNanos":1646576380863228880,"modifiedTimeMillis":1646578026235,"rawTimestampNanos":0},
        {"fitValue":[{"value":{"intVal":24}}],"originDataSourceId":"raw:com.google.step_count.cumulative:Google:Pixel 5a:0337e926fd1e924c:Step Counter","endTimeNanos":1646576584670700754,"dataTypeName":"com.google.step_count.delta","startTimeNanos":1646576524670700754,"modifiedTimeMillis":1646578026235,"rawTimestampNanos":0},
        {"fitValue":[{"value":{"intVal":21}}],"originDataSourceId":"raw:com.google.step_count.cumulative:Google:Pixel 5a:0337e926fd1e924c:Step Counter","endTimeNanos":1646576631830696072,"dataTypeName":"com.google.step_count.delta","startTimeNanos":1646576584670700754,"modifiedTimeMillis":1646578026235,"rawTimestampNanos":0},
        {"fitValue":[{"value":{"intVal":11}}],"originDataSourceId":"raw:com.google.step_count.cumulative:Google:Pixel 5a:0337e926fd1e924c:Step Counter","endTimeNanos":1646578445106154484,"dataTypeName":"com.google.step_count.delta","startTimeNanos":1646578385106154484,"modifiedTimeMillis":1646581175614,"rawTimestampNanos":0},
        {"fitValue":[{"value":{"intVal":23}}],"originDataSourceId":"raw:com.google.step_count.cumulative:Google:Pixel 5a:0337e926fd1e924c:Step Counter","endTimeNanos":1646578464080385393,"dataTypeName":"com.google.step_count.delta","startTimeNanos":1646578445106154484,"modifiedTimeMillis":1646581175614,"rawTimestampNanos":0},
        {"fitValue":[{"value":{"intVal":26}}],"originDataSourceId":"raw:com.google.step_count.cumulative:Google:Pixel 5a:0337e926fd1e924c:Step Counter","endTimeNanos":1646578488657033622,"dataTypeName":"com.google.step_count.delta","startTimeNanos":1646578464080385393,"modifiedTimeMillis":1646581175614,"rawTimestampNanos":0},
        {"fitValue":[{"value":{"intVal":26}}],"originDataSourceId":"raw:com.google.step_count.cumulative:Google:Pixel 5a:0337e926fd1e924c:Step Counter","endTimeNanos":1646578512836431851,"dataTypeName":"com.google.step_count.delta","startTimeNanos":1646578488657033622,"modifiedTimeMillis":1646581175614,"rawTimestampNanos":0},
        {"fitValue":[{"value":{"intVal":28}}],"originDataSourceId":"raw:com.google.step_count.cumulative:Google:Pixel 5a:0337e926fd1e924c:Step Counter","endTimeNanos":1646578537072977971,"dataTypeName":"com.google.step_count.delta","startTimeNanos":1646578512836431851,"modifiedTimeMillis":1646581175614,"rawTimestampNanos":0},
        {"fitValue":[{"value":{"intVal":24}}],"originDataSourceId":"raw:com.google.step_count.cumulative:Google:Pixel 5a:0337e926fd1e924c:Step Counter","endTimeNanos":1646578568635286044,"dataTypeName":"com.google.step_count.delta","startTimeNanos":1646578537072977971,"modifiedTimeMillis":1646581175614,"rawTimestampNanos":0},
        {"fitValue":[{"value":{"intVal":50}}],"originDataSourceId":"raw:com.google.step_count.cumulative:Google:Pixel 5a:0337e926fd1e924c:Step Counter","endTimeNanos":1646578769112719566,"dataTypeName":"com.google.step_count.delta","startTimeNanos":1646578669112721614,"modifiedTimeMillis":1646581175614,"rawTimestampNanos":0},
        {"fitValue":[{"value":{"intVal":15}}],"originDataSourceId":"raw:com.google.step_count.cumulative:Google:Pixel 5a:0337e926fd1e924c:Step Counter","endTimeNanos":1646578899761186001,"dataTypeName":"com.google.step_count.delta","startTimeNanos":1646578839761186001,"modifiedTimeMillis":1646581175614,"rawTimestampNanos":0},
        {"fitValue":[{"value":{"intVal":8}}],"originDataSourceId":"raw:com.google.step_count.cumulative:Google:Pixel 5a:0337e926fd1e924c:Step Counter","endTimeNanos":1646578936998078307,"dataTypeName":"com.google.step_count.delta","startTimeNanos":1646578899761186001,"modifiedTimeMillis":1646581175614,"rawTimestampNanos":0},
        {"fitValue":[{"value":{"intVal":16}}],"originDataSourceId":"raw:com.google.step_count.cumulative:Google:Pixel 5a:0337e926fd1e924c:Step Counter","endTimeNanos":1646579202929741903,"dataTypeName":"com.google.step_count.delta","startTimeNanos":1646579142929741903,"modifiedTimeMillis":1646581175614,"rawTimestampNanos":0},
        {"fitValue":[{"value":{"intVal":17}}],"originDataSourceId":"raw:com.google.step_count.cumulative:Google:Pixel 5a:0337e926fd1e924c:Step Counter","endTimeNanos":1646579389634441809,"dataTypeName":"com.google.step_count.delta","startTimeNanos":1646579329634441809,"modifiedTimeMillis":1646581175614,"rawTimestampNanos":0},
        {"fitValue":[{"value":{"intVal":15}}],"originDataSourceId":"raw:com.google.step_count.cumulative:Google:Pixel 5a:0337e926fd1e924c:Step Counter","endTimeNanos":1646580151840529196,"dataTypeName":"com.google.step_count.delta","startTimeNanos":1646580091840529196,"modifiedTimeMillis":1646581175614,"rawTimestampNanos":0},
        {"fitValue":[{"value":{"intVal":10}}],"originDataSourceId":"raw:com.google.step_count.cumulative:Google:Pixel 5a:0337e926fd1e924c:Step Counter","endTimeNanos":1646580249414438912,"dataTypeName":"com.google.step_count.delta","startTimeNanos":1646580189414438912,"modifiedTimeMillis":1646581175614,"rawTimestampNanos":0},
        {"fitValue":[{"value":{"intVal":21}}],"originDataSourceId":"raw:com.google.step_count.cumulative:Google:Pixel 5a:0337e926fd1e924c:Step Counter","endTimeNanos":1646580437466758077,"dataTypeName":"com.google.step_count.delta","startTimeNanos":1646580377466758077,"modifiedTimeMillis":1646581175614,"rawTimestampNanos":0},
        {"fitValue":[{"value":{"intVal":29}}],"originDataSourceId":"raw:com.google.step_count.cumulative:Google:Pixel 5a:0337e926fd1e924c:Step Counter","endTimeNanos":1646580475465778485,"dataTypeName":"com.google.step_count.delta","startTimeNanos":1646580437466758077,"modifiedTimeMillis":1646581175614,"rawTimestampNanos":0},
        {"fitValue":[{"value":{"intVal":5}}],"originDataSourceId":"raw:com.google.step_count.cumulative:Google:Pixel 5a:0337e926fd1e924c:Step Counter","endTimeNanos":1646580607543790518,"dataTypeName":"com.google.step_count.delta","startTimeNanos":1646580547543790518,"modifiedTimeMillis":1646581175614,"rawTimestampNanos":0},
        {"fitValue":[{"value":{"intVal":2}}],"originDataSourceId":"raw:com.google.step_count.cumulative:Google:Pixel 5a:0337e926fd1e924c:Step Counter","endTimeNanos":1646580629177283804,"dataTypeName":"com.google.step_count.delta","startTimeNanos":1646580607543790518,"modifiedTimeMillis":1646581175614,"rawTimestampNanos":0},
        {"fitValue":[{"value":{"intVal":20}}],"originDataSourceId":"raw:com.google.step_count.cumulative:Google:Pixel 5a:0337e926fd1e924c:Step Counter","endTimeNanos":1646580804322307626,"dataTypeName":"com.google.step_count.delta","startTimeNanos":1646580744322307626,"modifiedTimeMillis":1646581175614,"rawTimestampNanos":0},
        {"fitValue":[{"value":{"intVal":3}}],"originDataSourceId":"raw:com.google.step_count.cumulative:Google:Pixel 5a:0337e926fd1e924c:Step Counter","endTimeNanos":1646580876030414374,"dataTypeName":"com.google.step_count.delta","startTimeNanos":1646580816030414374,"modifiedTimeMillis":1646581175614,"rawTimestampNanos":0},
        {"fitValue":[{"value":{"intVal":16}}],"originDataSourceId":"raw:com.google.step_count.cumulative:Google:Pixel 5a:0337e926fd1e924c:Step Counter","endTimeNanos":1646581163983085972,"dataTypeName":"com.google.step_count.delta","startTimeNanos":1646581103983085972,"modifiedTimeMillis":1646581175614,"rawTimestampNanos":0},
        {"fitValue":[{"value":{"intVal":21}}],"originDataSourceId":"raw:com.google.step_count.cumulative:Google:Pixel 5a:0337e926fd1e924c:Step Counter","endTimeNanos":1646581176986168317,"dataTypeName":"com.google.step_count.delta","startTimeNanos":1646581163983085972,"modifiedTimeMillis":1646589659427,"rawTimestampNanos":0},
        {"fitValue":[{"value":{"intVal":13}}],"originDataSourceId":"raw:com.google.step_count.cumulative:Google:Pixel 5a:0337e926fd1e924c:Step Counter","endTimeNanos":1646581542272513863,"dataTypeName":"com.google.step_count.delta","startTimeNanos":1646581482272513863,"modifiedTimeMillis":1646589659427,"rawTimestampNanos":0},
        {"fitValue":[{"value":{"intVal":16}}],"originDataSourceId":"raw:com.google.step_count.cumulative:Google:Pixel 5a:0337e926fd1e924c:Step Counter","endTimeNanos":1646581551612119175,"dataTypeName":"com.google.step_count.delta","startTimeNanos":1646581542272513863,"modifiedTimeMillis":1646589659427,"rawTimestampNanos":0},
        {"fitValue":[{"value":{"intVal":14}}],"originDataSourceId":"raw:com.google.step_count.cumulative:Google:Pixel 5a:0337e926fd1e924c:Step Counter","endTimeNanos":1646582445252592015,"dataTypeName":"com.google.step_count.delta","startTimeNanos":1646582385252592015,"modifiedTimeMillis":1646589659427,"rawTimestampNanos":0},
        {"fitValue":[{"value":{"intVal":36}}],"originDataSourceId":"raw:com.google.step_count.cumulative:Google:Pixel 5a:0337e926fd1e924c:Step Counter","endTimeNanos":1646582610070261251,"dataTypeName":"com.google.step_count.delta","startTimeNanos":1646582538070257155,"modifiedTimeMillis":1646589659427,"rawTimestampNanos":0},
        {"fitValue":[{"value":{"intVal":13}}],"originDataSourceId":"raw:com.google.step_count.cumulative:Google:Pixel 5a:0337e926fd1e924c:Step Counter","endTimeNanos":1646583222986322798,"dataTypeName":"com.google.step_count.delta","startTimeNanos":1646583162986322798,"modifiedTimeMillis":1646589659427,"rawTimestampNanos":0},
        {"fitValue":[{"value":{"intVal":6}}],"originDataSourceId":"raw:com.google.step_count.cumulative:Google:Pixel 5a:0337e926fd1e924c:Step Counter","endTimeNanos":1646583269628924621,"dataTypeName":"com.google.step_count.delta","startTimeNanos":1646583222986322798,"modifiedTimeMillis":1646589659427,"rawTimestampNanos":0},
        {"fitValue":[{"value":{"intVal":19}}],"originDataSourceId":"raw:com.google.step_count.cumulative:Google:Pixel 5a:0337e926fd1e924c:Step Counter","endTimeNanos":1646583370739878251,"dataTypeName":"com.google.step_count.delta","startTimeNanos":1646583310739878251,"modifiedTimeMillis":1646589659427,"rawTimestampNanos":0},
        {"fitValue":[{"value":{"intVal":15}}],"originDataSourceId":"raw:com.google.step_count.cumulative:Google:Pixel 5a:0337e926fd1e924c:Step Counter","endTimeNanos":1646583433100793209,"dataTypeName":"com.google.step_count.delta","startTimeNanos":1646583373100793209,"modifiedTimeMillis":1646589659427,"rawTimestampNanos":0},
        {"fitValue":[{"value":{"intVal":11}}],"originDataSourceId":"raw:com.google.step_count.cumulative:Google:Pixel 5a:0337e926fd1e924c:Step Counter","endTimeNanos":1646583471341714147,"dataTypeName":"com.google.step_count.delta","startTimeNanos":1646583433100793209,"modifiedTimeMillis":1646589659427,"rawTimestampNanos":0},
        {"fitValue":[{"value":{"intVal":5}}],"originDataSourceId":"raw:com.google.step_count.cumulative:Google:Pixel 5a:0337e926fd1e924c:Step Counter","endTimeNanos":1646583514216784113,"dataTypeName":"com.google.step_count.delta","startTimeNanos":1646583471341714147,"modifiedTimeMillis":1646589659427,"rawTimestampNanos":0},
        {"fitValue":[{"value":{"intVal":37}}],"originDataSourceId":"raw:com.google.step_count.cumulative:Google:Pixel 5a:0337e926fd1e924c:Step Counter","endTimeNanos":1646583550797232185,"dataTypeName":"com.google.step_count.delta","startTimeNanos":1646583514216784113,"modifiedTimeMillis":1646589659427,"rawTimestampNanos":0},
        {"fitValue":[{"value":{"intVal":8}}],"originDataSourceId":"raw:com.google.step_count.cumulative:Google:Pixel 5a:0337e926fd1e924c:Step Counter","endTimeNanos":1646583594055860383,"dataTypeName":"com.google.step_count.delta","startTimeNanos":1646583550797232185,"modifiedTimeMillis":1646589659427,"rawTimestampNanos":0},
        {"fitValue":[{"value":{"intVal":10}}],"originDataSourceId":"raw:com.google.step_count.cumulative:Google:Pixel 5a:0337e926fd1e924c:Step Counter","endTimeNanos":1646585831069899710,"dataTypeName":"com.google.step_count.delta","startTimeNanos":1646585771069899710,"modifiedTimeMillis":1646589659427,"rawTimestampNanos":0},
        {"fitValue":[{"value":{"intVal":16}}],"originDataSourceId":"raw:com.google.step_count.cumulative:Google:Pixel 5a:0337e926fd1e924c:Step Counter","endTimeNanos":1646585850358729033,"dataTypeName":"com.google.step_count.delta","startTimeNanos":1646585831069899710,"modifiedTimeMillis":1646589659427,"rawTimestampNanos":0},
        {"fitValue":[{"value":{"intVal":76}}],"originDataSourceId":"raw:com.google.step_count.cumulative:Google:Pixel 5a:0337e926fd1e924c:Step Counter","endTimeNanos":1646585910770092254,"dataTypeName":"com.google.step_count.delta","startTimeNanos":1646585850358729033,"modifiedTimeMillis":1646589659427,"rawTimestampNanos":0},
        {"fitValue":[{"value":{"intVal":17}}],"originDataSourceId":"raw:com.google.step_count.cumulative:Google:Pixel 5a:0337e926fd1e924c:Step Counter","endTimeNanos":1646585925377409911,"dataTypeName":"com.google.step_count.delta","startTimeNanos":1646585910770092254,"modifiedTimeMillis":1646589659427,"rawTimestampNanos":0},
        {"fitValue":[{"value":{"intVal":48}}],"originDataSourceId":"raw:com.google.step_count.cumulative:Google:Pixel 5a:0337e926fd1e924c:Step Counter","endTimeNanos":1646585968652724318,"dataTypeName":"com.google.step_count.delta","startTimeNanos":1646585925377409911,"modifiedTimeMillis":1646589659427,"rawTimestampNanos":0},
        {"fitValue":[{"value":{"intVal":14}}],"originDataSourceId":"raw:com.google.step_count.cumulative:Google:Pixel 5a:0337e926fd1e924c:Step Counter","endTimeNanos":1646585975446426610,"dataTypeName":"com.google.step_count.delta","startTimeNanos":1646585968652724318,"modifiedTimeMillis":1646589659427,"rawTimestampNanos":0},
        {"fitValue":[{"value":{"intVal":80}}],"originDataSourceId":"raw:com.google.step_count.cumulative:Google:Pixel 5a:0337e926fd1e924c:Step Counter","endTimeNanos":1646586048395779485,"dataTypeName":"com.google.step_count.delta","startTimeNanos":1646585975446426610,"modifiedTimeMillis":1646589659427,"rawTimestampNanos":0},
        {"fitValue":[{"value":{"intVal":16}}],"originDataSourceId":"raw:com.google.step_count.cumulative:Google:Pixel 5a:0337e926fd1e924c:Step Counter","endTimeNanos":1646586060762033079,"dataTypeName":"com.google.step_count.delta","startTimeNanos":1646586048395779485,"modifiedTimeMillis":1646589659427,"rawTimestampNanos":0},
        {"fitValue":[{"value":{"intVal":15}}],"originDataSourceId":"raw:com.google.step_count.cumulative:Google:Pixel 5a:0337e926fd1e924c:Step Counter","endTimeNanos":1646588175453024791,"dataTypeName":"com.google.step_count.delta","startTimeNanos":1646588115453024791,"modifiedTimeMillis":1646589659427,"rawTimestampNanos":0},
        {"fitValue":[{"value":{"intVal":23}}],"originDataSourceId":"raw:com.google.step_count.cumulative:Google:Pixel 5a:0337e926fd1e924c:Step Counter","endTimeNanos":1646588912842250182,"dataTypeName":"com.google.step_count.delta","startTimeNanos":1646588852842250182,"modifiedTimeMillis":1646589659427,"rawTimestampNanos":0},
        {"fitValue":[{"value":{"intVal":12}}],"originDataSourceId":"raw:com.google.step_count.cumulative:Google:Pixel 5a:0337e926fd1e924c:Step Counter","endTimeNanos":1646588919453022057,"dataTypeName":"com.google.step_count.delta","startTimeNanos":1646588912842250182,"modifiedTimeMillis":1646589659427,"rawTimestampNanos":0},
        {"fitValue":[{"value":{"intVal":20}}],"originDataSourceId":"raw:com.google.step_count.cumulative:Google:Pixel 5a:0337e926fd1e924c:Step Counter","endTimeNanos":1646590181808110464,"dataTypeName":"com.google.step_count.delta","startTimeNanos":1646590121808110464,"modifiedTimeMillis":1646594377249,"rawTimestampNanos":0},
        {"fitValue":[{"value":{"intVal":30}}],"originDataSourceId":"raw:com.google.step_count.cumulative:Google:Pixel 5a:0337e926fd1e924c:Step Counter","endTimeNanos":1646590207458471193,"dataTypeName":"com.google.step_count.delta","startTimeNanos":1646590181808110464,"modifiedTimeMillis":1646594377249,"rawTimestampNanos":0},
        {"fitValue":[{"value":{"intVal":4}}],"originDataSourceId":"raw:com.google.step_count.cumulative:Google:Pixel 5a:0337e926fd1e924c:Step Counter","endTimeNanos":1646590239011459609,"dataTypeName":"com.google.step_count.delta","startTimeNanos":1646590207458471193,"modifiedTimeMillis":1646594377249,"rawTimestampNanos":0},
        {"fitValue":[{"value":{"intVal":43}}],"originDataSourceId":"raw:com.google.step_count.cumulative:Google:Pixel 5a:0337e926fd1e924c:Step Counter","endTimeNanos":1646595360039683563,"dataTypeName":"com.google.step_count.delta","startTimeNanos":1646595274039682539,"modifiedTimeMillis":1646598251655,"rawTimestampNanos":0},
        {"fitValue":[{"value":{"intVal":87}}],"originDataSourceId":"raw:com.google.step_count.cumulative:Google:Pixel 5a:0337e926fd1e924c:Step Counter","endTimeNanos":1646598248961483174,"dataTypeName":"com.google.step_count.delta","startTimeNanos":1646598074961469862,"modifiedTimeMillis":1646600834101,"rawTimestampNanos":0},
        {"fitValue":[{"value":{"intVal":6}}],"originDataSourceId":"raw:com.google.step_count.cumulative:Google:Pixel 5a:0337e926fd1e924c:Step Counter","endTimeNanos":1646598595730368147,"dataTypeName":"com.google.step_count.delta","startTimeNanos":1646598535730368147,"modifiedTimeMillis":1646600834101,"rawTimestampNanos":0},
        {"fitValue":[{"value":{"intVal":42}}],"originDataSourceId":"raw:com.google.step_count.cumulative:Google:Pixel 5a:0337e926fd1e924c:Step Counter","endTimeNanos":1646598670533196515,"dataTypeName":"com.google.step_count.delta","startTimeNanos":1646598595730368147,"modifiedTimeMillis":1646600834101,"rawTimestampNanos":0},
        {"fitValue":[{"value":{"intVal":11}}],"originDataSourceId":"raw:com.google.step_count.cumulative:Google:Pixel 5a:0337e926fd1e924c:Step Counter","endTimeNanos":1646598753934392522,"dataTypeName":"com.google.step_count.delta","startTimeNanos":1646598693934392522,"modifiedTimeMillis":1646600834101,"rawTimestampNanos":0},
        {"fitValue":[{"value":{"intVal":62}}],"originDataSourceId":"raw:com.google.step_count.cumulative:Google:Pixel 5a:0337e926fd1e924c:Step Counter","endTimeNanos":1646599624481739027,"dataTypeName":"com.google.step_count.delta","startTimeNanos":1646599500481736979,"modifiedTimeMillis":1646600834101,"rawTimestampNanos":0},
        {"fitValue":[{"value":{"intVal":29}}],"originDataSourceId":"raw:com.google.step_count.cumulative:Google:Pixel 5a:0337e926fd1e924c:Step Counter","endTimeNanos":1646599645087305329,"dataTypeName":"com.google.step_count.delta","startTimeNanos":1646599624481739027,"modifiedTimeMillis":1646600834101,"rawTimestampNanos":0},
        {"fitValue":[{"value":{"intVal":46}}],"originDataSourceId":"raw:com.google.step_count.cumulative:Google:Pixel 5a:0337e926fd1e924c:Step Counter","endTimeNanos":1646599791781809931,"dataTypeName":"com.google.step_count.delta","startTimeNanos":1646599699781807883,"modifiedTimeMillis":1646600834101,"rawTimestampNanos":0},
        {"fitValue":[{"value":{"intVal":34}}],"originDataSourceId":"raw:com.google.step_count.cumulative:Google:Pixel 5a:0337e926fd1e924c:Step Counter","endTimeNanos":1646599838990560418,"dataTypeName":"com.google.step_count.delta","startTimeNanos":1646599791781809931,"modifiedTimeMillis":1646600834101,"rawTimestampNanos":0},
        {"fitValue":[{"value":{"intVal":6}}],"originDataSourceId":"raw:com.google.step_count.cumulative:Google:Pixel 5a:0337e926fd1e924c:Step Counter","endTimeNanos":1646599874193778158,"dataTypeName":"com.google.step_count.delta","startTimeNanos":1646599838990560418,"modifiedTimeMillis":1646600834101,"rawTimestampNanos":0},
        {"fitValue":[{"value":{"intVal":1}}],"originDataSourceId":"raw:com.google.step_count.cumulative:Google:Pixel 5a:0337e926fd1e924c:Step Counter","endTimeNanos":1646599875765557220,"dataTypeName":"com.google.step_count.delta","startTimeNanos":1646599874193778158,"modifiedTimeMillis":1646600834101,"rawTimestampNanos":0},
        {"fitValue":[{"value":{"intVal":3}}],"originDataSourceId":"raw:com.google.step_count.cumulative:Google:Pixel 5a:0337e926fd1e924c:Step Counter","endTimeNanos":1646600862068034466,"dataTypeName":"com.google.step_count.delta","startTimeNanos":1646600802068034466,"modifiedTimeMillis":1646604584260,"rawTimestampNanos":0},
        {"fitValue":[{"value":{"intVal":5}}],"originDataSourceId":"raw:com.google.step_count.cumulative:Google:Pixel 5a:0337e926fd1e924c:Step Counter","endTimeNanos":1646601134782161741,"dataTypeName":"com.google.step_count.delta","startTimeNanos":1646601074782161741,"modifiedTimeMillis":1646604584260,"rawTimestampNanos":0},
        {"fitValue":[{"value":{"intVal":22}}],"originDataSourceId":"raw:com.google.step_count.cumulative:Google:Pixel 5a:0337e926fd1e924c:Step Counter","endTimeNanos":1646601147023779866,"dataTypeName":"com.google.step_count.delta","startTimeNanos":1646601134782161741,"modifiedTimeMillis":1646604584260,"rawTimestampNanos":0},
        {"fitValue":[{"value":{"intVal":10}}],"originDataSourceId":"raw:com.google.step_count.cumulative:Google:Pixel 5a:0337e926fd1e924c:Step Counter","endTimeNanos":1646601293113057432,"dataTypeName":"com.google.step_count.delta","startTimeNanos":1646601233113057432,"modifiedTimeMillis":1646604584260,"rawTimestampNanos":0},
        {"fitValue":[{"value":{"intVal":73}}],"originDataSourceId":"raw:com.google.step_count.cumulative:Google:Pixel 5a:0337e926fd1e924c:Step Counter","endTimeNanos":1646601547336487419,"dataTypeName":"com.google.step_count.delta","startTimeNanos":1646601401336484347,"modifiedTimeMillis":1646604584260,"rawTimestampNanos":0},
        {"fitValue":[{"value":{"intVal":93}}],"originDataSourceId":"raw:com.google.step_count.cumulative:Google:Pixel 5a:0337e926fd1e924c:Step Counter","endTimeNanos":1646601603091908669,"dataTypeName":"com.google.step_count.delta","startTimeNanos":1646601547336487419,"modifiedTimeMillis":1646604584260,"rawTimestampNanos":0},
        {"fitValue":[{"value":{"intVal":31}}],"originDataSourceId":"raw:com.google.step_count.cumulative:Google:Pixel 5a:0337e926fd1e924c:Step Counter","endTimeNanos":1646601702190770453,"dataTypeName":"com.google.step_count.delta","startTimeNanos":1646601640190769429,"modifiedTimeMillis":1646604584260,"rawTimestampNanos":0},
        {"fitValue":[{"value":{"intVal":5}}],"originDataSourceId":"raw:com.google.step_count.cumulative:Google:Pixel 5a:0337e926fd1e924c:Step Counter","endTimeNanos":1646601852521083571,"dataTypeName":"com.google.step_count.delta","startTimeNanos":1646601792521083571,"modifiedTimeMillis":1646604584260,"rawTimestampNanos":0},
        {"fitValue":[{"value":{"intVal":8}}],"originDataSourceId":"raw:com.google.step_count.cumulative:Google:Pixel 5a:0337e926fd1e924c:Step Counter","endTimeNanos":1646601882113423102,"dataTypeName":"com.google.step_count.delta","startTimeNanos":1646601852521083571,"modifiedTimeMillis":1646604584260,"rawTimestampNanos":0},
        {"fitValue":[{"value":{"intVal":12}}],"originDataSourceId":"raw:com.google.step_count.cumulative:Google:Pixel 5a:0337e926fd1e924c:Step Counter","endTimeNanos":1646602038965184429,"dataTypeName":"com.google.step_count.delta","startTimeNanos":1646601978965184429,"modifiedTimeMillis":1646604584260,"rawTimestampNanos":0},
        {"fitValue":[{"value":{"intVal":7}}],"originDataSourceId":"raw:com.google.step_count.cumulative:Google:Pixel 5a:0337e926fd1e924c:Step Counter","endTimeNanos":1646602060376990575,"dataTypeName":"com.google.step_count.delta","startTimeNanos":1646602038965184429,"modifiedTimeMillis":1646604584260,"rawTimestampNanos":0},
        {"fitValue":[{"value":{"intVal":98}}],"originDataSourceId":"raw:com.google.step_count.cumulative:Google:Pixel 5a:0337e926fd1e924c:Step Counter","endTimeNanos":1646602194996670922,"dataTypeName":"com.google.step_count.delta","startTimeNanos":1646602060376990575,"modifiedTimeMillis":1646604584260,"rawTimestampNanos":0},
        {"fitValue":[{"value":{"intVal":28}}],"originDataSourceId":"raw:com.google.step_count.cumulative:Google:Pixel 5a:0337e926fd1e924c:Step Counter","endTimeNanos":1646602211717478422,"dataTypeName":"com.google.step_count.delta","startTimeNanos":1646602194996670922,"modifiedTimeMillis":1646604584260,"rawTimestampNanos":0},
        {"fitValue":[{"value":{"intVal":15}}],"originDataSourceId":"raw:com.google.step_count.cumulative:Google:Pixel 5a:0337e926fd1e924c:Step Counter","endTimeNanos":1646602281853128380,"dataTypeName":"com.google.step_count.delta","startTimeNanos":1646602221853128380,"modifiedTimeMillis":1646604584260,"rawTimestampNanos":0},
        {"fitValue":[{"value":{"intVal":25}}],"originDataSourceId":"raw:com.google.step_count.cumulative:Google:Pixel 5a:0337e926fd1e924c:Step Counter","endTimeNanos":1646602364118900410,"dataTypeName":"com.google.step_count.delta","startTimeNanos":1646602304118900410,"modifiedTimeMillis":1646604584260,"rawTimestampNanos":0},
        {"fitValue":[{"value":{"intVal":3}}],"originDataSourceId":"raw:com.google.step_count.cumulative:Google:Pixel 5a:0337e926fd1e924c:Step Counter","endTimeNanos":1646602366077076921,"dataTypeName":"com.google.step_count.delta","startTimeNanos":1646602364118900410,"modifiedTimeMillis":1646604584260,"rawTimestampNanos":0},
        {"fitValue":[{"value":{"intVal":37}}],"originDataSourceId":"raw:com.google.step_count.cumulative:Google:Pixel 5a:0337e926fd1e924c:Step Counter","endTimeNanos":1646602498145525732,"dataTypeName":"com.google.step_count.delta","startTimeNanos":1646602424145518564,"modifiedTimeMillis":1646604584260,"rawTimestampNanos":0},
        {"fitValue":[{"value":{"intVal":29}}],"originDataSourceId":"raw:com.google.step_count.cumulative:Google:Pixel 5a:0337e926fd1e924c:Step Counter","endTimeNanos":1646602521204014326,"dataTypeName":"com.google.step_count.delta","startTimeNanos":1646602498145525732,"modifiedTimeMillis":1646604584260,"rawTimestampNanos":0},
        {"fitValue":[{"value":{"intVal":17}}],"originDataSourceId":"raw:com.google.step_count.cumulative:Google:Pixel 5a:0337e926fd1e924c:Step Counter","endTimeNanos":1646603116916859315,"dataTypeName":"com.google.step_count.delta","startTimeNanos":1646603056916859315,"modifiedTimeMillis":1646604584260,"rawTimestampNanos":0},
        {"fitValue":[{"value":{"intVal":60}}],"originDataSourceId":"raw:com.google.step_count.cumulative:Google:Pixel 5a:0337e926fd1e924c:Step Counter","endTimeNanos":1646603187322010125,"dataTypeName":"com.google.step_count.delta","startTimeNanos":1646603116916859315,"modifiedTimeMillis":1646604584260,"rawTimestampNanos":0},
        {"fitValue":[{"value":{"intVal":35}}],"originDataSourceId":"raw:com.google.step_count.cumulative:Google:Pixel 5a:0337e926fd1e924c:Step Counter","endTimeNanos":1646603265317769399,"dataTypeName":"com.google.step_count.delta","startTimeNanos":1646603195317768375,"modifiedTimeMillis":1646604584260,"rawTimestampNanos":0},
        {"fitValue":[{"value":{"intVal":90}}],"originDataSourceId":"raw:com.google.step_count.cumulative:Google:Pixel 5a:0337e926fd1e924c:Step Counter","endTimeNanos":1646603325924260885,"dataTypeName":"com.google.step_count.delta","startTimeNanos":1646603265317769399,"modifiedTimeMillis":1646604584260,"rawTimestampNanos":0},
        {"fitValue":[{"value":{"intVal":32}}],"originDataSourceId":"raw:com.google.step_count.cumulative:Google:Pixel 5a:0337e926fd1e924c:Step Counter","endTimeNanos":1646603489451204308,"dataTypeName":"com.google.step_count.delta","startTimeNanos":1646603425451200212,"modifiedTimeMillis":1646604584260,"rawTimestampNanos":0},
        {"fitValue":[{"value":{"intVal":6}}],"originDataSourceId":"raw:com.google.step_count.cumulative:Google:Pixel 5a:0337e926fd1e924c:Step Counter","endTimeNanos":1646603772389522621,"dataTypeName":"com.google.step_count.delta","startTimeNanos":1646603712389522621,"modifiedTimeMillis":1646604584260,"rawTimestampNanos":0},
        {"fitValue":[{"value":{"intVal":17}}],"originDataSourceId":"raw:com.google.step_count.cumulative:Google:Pixel 5a:0337e926fd1e924c:Step Counter","endTimeNanos":1646603837522811162,"dataTypeName":"com.google.step_count.delta","startTimeNanos":1646603777522811162,"modifiedTimeMillis":1646604584260,"rawTimestampNanos":0},
        {"fitValue":[{"value":{"intVal":17}}],"originDataSourceId":"raw:com.google.step_count.cumulative:Google:Pixel 5a:0337e926fd1e924c:Step Counter","endTimeNanos":1646604124553496408,"dataTypeName":"com.google.step_count.delta","startTimeNanos":1646604064553496408,"modifiedTimeMillis":1646604584260,"rawTimestampNanos":0},
        {"fitValue":[{"value":{"intVal":20}}],"originDataSourceId":"raw:com.google.step_count.cumulative:Google:Pixel 5a:0337e926fd1e924c:Step Counter","endTimeNanos":1646604339699016312,"dataTypeName":"com.google.step_count.delta","startTimeNanos":1646604279699016312,"modifiedTimeMillis":1646604584260,"rawTimestampNanos":0},
        {"fitValue":[{"value":{"intVal":3}}],"originDataSourceId":"raw:com.google.step_count.cumulative:Google:Pixel 5a:0337e926fd1e924c:Step Counter","endTimeNanos":1646604411501453749,"dataTypeName":"com.google.step_count.delta","startTimeNanos":1646604364169000000,"modifiedTimeMillis":1646612676370,"rawTimestampNanos":0},
        {"fitValue":[{"value":{"intVal":8}}],"originDataSourceId":"raw:com.google.step_count.cumulative:Google:Pixel 5a:0337e926fd1e924c:Step Counter","endTimeNanos":1646604469948542017,"dataTypeName":"com.google.step_count.delta","startTimeNanos":1646604411501453749,"modifiedTimeMillis":1646604584260,"rawTimestampNanos":0},
        {"fitValue":[{"value":{"intVal":31}}],"originDataSourceId":"raw:com.google.step_count.cumulative:Google:Pixel 5a:0337e926fd1e924c:Step Counter","endTimeNanos":1646604497126837329,"dataTypeName":"com.google.step_count.delta","startTimeNanos":1646604469948542017,"modifiedTimeMillis":1646604584260,"rawTimestampNanos":0},
        {"fitValue":[{"value":{"intVal":6}}],"originDataSourceId":"raw:com.google.step_count.cumulative:Google:Pixel 5a:0337e926fd1e924c:Step Counter","endTimeNanos":1646604583043977853,"dataTypeName":"com.google.step_count.delta","startTimeNanos":1646604523043977853,"modifiedTimeMillis":1646609063520,"rawTimestampNanos":0},
        {"fitValue":[{"value":{"intVal":41}}],"originDataSourceId":"raw:com.google.step_count.cumulative:Google:Pixel 5a:0337e926fd1e924c:Step Counter","endTimeNanos":1646604625885723113,"dataTypeName":"com.google.step_count.delta","startTimeNanos":1646604583043977853,"modifiedTimeMillis":1646609063520,"rawTimestampNanos":0},
        {"fitValue":[{"value":{"intVal":10}}],"originDataSourceId":"raw:com.google.step_count.cumulative:Google:Pixel 5a:0337e926fd1e924c:Step Counter","endTimeNanos":1646604632571452280,"dataTypeName":"com.google.step_count.delta","startTimeNanos":1646604625885723113,"modifiedTimeMillis":1646609063520,"rawTimestampNanos":0},
        {"fitValue":[{"value":{"intVal":6}}],"originDataSourceId":"raw:com.google.step_count.cumulative:Google:Pixel 5a:0337e926fd1e924c:Step Counter","endTimeNanos":1646605096231780187,"dataTypeName":"com.google.step_count.delta","startTimeNanos":1646605036231780187,"modifiedTimeMillis":1646609063520,"rawTimestampNanos":0},
        {"fitValue":[{"value":{"intVal":44}}],"originDataSourceId":"raw:com.google.step_count.cumulative:Google:Pixel 5a:0337e926fd1e924c:Step Counter","endTimeNanos":1646605915429227664,"dataTypeName":"com.google.step_count.delta","startTimeNanos":1646605827429223568,"modifiedTimeMillis":1646609063520,"rawTimestampNanos":0},
        {"fitValue":[{"value":{"intVal":2}}],"originDataSourceId":"raw:com.google.step_count.cumulative:Google:Pixel 5a:0337e926fd1e924c:Step Counter","endTimeNanos":1646605916527823914,"dataTypeName":"com.google.step_count.delta","startTimeNanos":1646605915429227664,"modifiedTimeMillis":1646609063520,"rawTimestampNanos":0},
        {"fitValue":[{"value":{"intVal":14}}],"originDataSourceId":"raw:com.google.step_count.cumulative:Google:Pixel 5a:0337e926fd1e924c:Step Counter","endTimeNanos":1646606097813615063,"dataTypeName":"com.google.step_count.delta","startTimeNanos":1646606037813615063,"modifiedTimeMillis":1646609063520,"rawTimestampNanos":0},
        {"fitValue":[{"value":{"intVal":7}}],"originDataSourceId":"raw:com.google.step_count.cumulative:Google:Pixel 5a:0337e926fd1e924c:Step Counter","endTimeNanos":1646606185447105731,"dataTypeName":"com.google.step_count.delta","startTimeNanos":1646606125447105731,"modifiedTimeMillis":1646609063520,"rawTimestampNanos":0},
        {"fitValue":[{"value":{"intVal":6}}],"originDataSourceId":"raw:com.google.step_count.cumulative:Google:Pixel 5a:0337e926fd1e924c:Step Counter","endTimeNanos":1646606207434660627,"dataTypeName":"com.google.step_count.delta","startTimeNanos":1646606185447105731,"modifiedTimeMillis":1646609063520,"rawTimestampNanos":0},
        {"fitValue":[{"value":{"intVal":5}}],"originDataSourceId":"raw:com.google.step_count.cumulative:Google:Pixel 5a:0337e926fd1e924c:Step Counter","endTimeNanos":1646606774860346613,"dataTypeName":"com.google.step_count.delta","startTimeNanos":1646606714860346613,"modifiedTimeMillis":1646609063520,"rawTimestampNanos":0},
        {"fitValue":[{"value":{"intVal":3}}],"originDataSourceId":"raw:com.google.step_count.cumulative:Google:Pixel 5a:0337e926fd1e924c:Step Counter","endTimeNanos":1646607062693622366,"dataTypeName":"com.google.step_count.delta","startTimeNanos":1646607002693622366,"modifiedTimeMillis":1646609063520,"rawTimestampNanos":0},
        {"fitValue":[{"value":{"intVal":3}}],"originDataSourceId":"raw:com.google.step_count.cumulative:Google:Pixel 5a:0337e926fd1e924c:Step Counter","endTimeNanos":1646607167580890420,"dataTypeName":"com.google.step_count.delta","startTimeNanos":1646607107580890420,"modifiedTimeMillis":1646609063520,"rawTimestampNanos":0},
        {"fitValue":[{"value":{"intVal":9}}],"originDataSourceId":"raw:com.google.step_count.cumulative:Google:Pixel 5a:0337e926fd1e924c:Step Counter","endTimeNanos":1646607487848702062,"dataTypeName":"com.google.step_count.delta","startTimeNanos":1646607427848702062,"modifiedTimeMillis":1646609063520,"rawTimestampNanos":0},
        {"fitValue":[{"value":{"intVal":23}}],"originDataSourceId":"raw:com.google.step_count.cumulative:Google:Pixel 5a:0337e926fd1e924c:Step Counter","endTimeNanos":1646607584837635624,"dataTypeName":"com.google.step_count.delta","startTimeNanos":1646607524837635624,"modifiedTimeMillis":1646609063520,"rawTimestampNanos":0},
        {"fitValue":[{"value":{"intVal":29}}],"originDataSourceId":"raw:com.google.step_count.cumulative:Google:Pixel 5a:0337e926fd1e924c:Step Counter","endTimeNanos":1646607831301174189,"dataTypeName":"com.google.step_count.delta","startTimeNanos":1646607771301174189,"modifiedTimeMillis":1646609063520,"rawTimestampNanos":0},
        {"fitValue":[{"value":{"intVal":18}}],"originDataSourceId":"raw:com.google.step_count.cumulative:Google:Pixel 5a:0337e926fd1e924c:Step Counter","endTimeNanos":1646608959445402074,"dataTypeName":"com.google.step_count.delta","startTimeNanos":1646608899445402074,"modifiedTimeMillis":1646609063520,"rawTimestampNanos":0},
        {"fitValue":[{"value":{"intVal":2}}],"originDataSourceId":"raw:com.google.step_count.cumulative:Google:Pixel 5a:0337e926fd1e924c:Step Counter","endTimeNanos":1646608960748636605,"dataTypeName":"com.google.step_count.delta","startTimeNanos":1646608959445402074,"modifiedTimeMillis":1646609063520,"rawTimestampNanos":0},
        {"fitValue":[{"value":{"intVal":34}}],"originDataSourceId":"raw:com.google.step_count.cumulative:Google:Pixel 5a:0337e926fd1e924c:Step Counter","endTimeNanos":1646609046767290632,"dataTypeName":"com.google.step_count.delta","startTimeNanos":1646608978767288584,"modifiedTimeMillis":1646609063520,"rawTimestampNanos":0},
        {"fitValue":[{"value":{"intVal":10}}],"originDataSourceId":"raw:com.google.step_count.cumulative:Google:Pixel 5a:0337e926fd1e924c:Step Counter","endTimeNanos":1646609053318938704,"dataTypeName":"com.google.step_count.delta","startTimeNanos":1646609046767290632,"modifiedTimeMillis":1646609063520,"rawTimestampNanos":0},
        {"fitValue":[{"value":{"intVal":27}}],"originDataSourceId":"raw:com.google.step_count.cumulative:Google:Pixel 5a:0337e926fd1e924c:Step Counter","endTimeNanos":1646609860371490852,"dataTypeName":"com.google.step_count.delta","startTimeNanos":1646609800371490852,"modifiedTimeMillis":1646612219749,"rawTimestampNanos":0},
        {"fitValue":[{"value":{"intVal":53}}],"originDataSourceId":"raw:com.google.step_count.cumulative:Google:Pixel 5a:0337e926fd1e924c:Step Counter","endTimeNanos":1646610010569562497,"dataTypeName":"com.google.step_count.delta","startTimeNanos":1646609904569563521,"modifiedTimeMillis":1646612219749,"rawTimestampNanos":0},
        {"fitValue":[{"value":{"intVal":34}}],"originDataSourceId":"raw:com.google.step_count.cumulative:Google:Pixel 5a:0337e926fd1e924c:Step Counter","endTimeNanos":1646610088801436027,"dataTypeName":"com.google.step_count.delta","startTimeNanos":1646610020801433979,"modifiedTimeMillis":1646612219749,"rawTimestampNanos":0},
        {"fitValue":[{"value":{"intVal":10}}],"originDataSourceId":"raw:com.google.step_count.cumulative:Google:Pixel 5a:0337e926fd1e924c:Step Counter","endTimeNanos":1646610121886491392,"dataTypeName":"com.google.step_count.delta","startTimeNanos":1646610088801436027,"modifiedTimeMillis":1646612219749,"rawTimestampNanos":0},
        {"fitValue":[{"value":{"intVal":41}}],"originDataSourceId":"raw:com.google.step_count.cumulative:Google:Pixel 5a:0337e926fd1e924c:Step Counter","endTimeNanos":1646610506126783673,"dataTypeName":"com.google.step_count.delta","startTimeNanos":1646610424126780601,"modifiedTimeMillis":1646612219749,"rawTimestampNanos":0},
        {"fitValue":[{"value":{"intVal":22}}],"originDataSourceId":"raw:com.google.step_count.cumulative:Google:Pixel 5a:0337e926fd1e924c:Step Counter","endTimeNanos":1646610593220897039,"dataTypeName":"com.google.step_count.delta","startTimeNanos":1646610533220897039,"modifiedTimeMillis":1646612219749,"rawTimestampNanos":0},
        {"fitValue":[{"value":{"intVal":15}}],"originDataSourceId":"raw:com.google.step_count.cumulative:Google:Pixel 5a:0337e926fd1e924c:Step Counter","endTimeNanos":1646610610513525945,"dataTypeName":"com.google.step_count.delta","startTimeNanos":1646610593220897039,"modifiedTimeMillis":1646612219749,"rawTimestampNanos":0},
        {"fitValue":[{"value":{"intVal":13}}],"originDataSourceId":"raw:com.google.step_count.cumulative:Google:Pixel 5a:0337e926fd1e924c:Step Counter","endTimeNanos":1646610632939124695,"dataTypeName":"com.google.step_count.delta","startTimeNanos":1646610610513525945,"modifiedTimeMillis":1646612219749,"rawTimestampNanos":0},
        {"fitValue":[{"value":{"intVal":28}}],"originDataSourceId":"raw:com.google.step_count.cumulative:Google:Pixel 5a:0337e926fd1e924c:Step Counter","endTimeNanos":1646610653925193230,"dataTypeName":"com.google.step_count.delta","startTimeNanos":1646610632939124695,"modifiedTimeMillis":1646612219749,"rawTimestampNanos":0},
        {"fitValue":[{"value":{"intVal":4}}],"originDataSourceId":"raw:com.google.step_count.cumulative:Google:Pixel 5a:0337e926fd1e924c:Step Counter","endTimeNanos":1646610687582420625,"dataTypeName":"com.google.step_count.delta","startTimeNanos":1646610653925193230,"modifiedTimeMillis":1646612219749,"rawTimestampNanos":0},
        {"fitValue":[{"value":{"intVal":7}}],"originDataSourceId":"raw:com.google.step_count.cumulative:Google:Pixel 5a:0337e926fd1e924c:Step Counter","endTimeNanos":1646610691427363959,"dataTypeName":"com.google.step_count.delta","startTimeNanos":1646610687582420625,"modifiedTimeMillis":1646612219749,"rawTimestampNanos":0},
        {"fitValue":[{"value":{"intVal":5}}],"originDataSourceId":"raw:com.google.step_count.cumulative:Google:Pixel 5a:0337e926fd1e924c:Step Counter","endTimeNanos":1646611067915339968,"dataTypeName":"com.google.step_count.delta","startTimeNanos":1646611007915339968,"modifiedTimeMillis":1646612219749,"rawTimestampNanos":0},
        {"fitValue":[{"value":{"intVal":7}}],"originDataSourceId":"raw:com.google.step_count.cumulative:Google:Pixel 5a:0337e926fd1e924c:Step Counter","endTimeNanos":1646611490883314950,"dataTypeName":"com.google.step_count.delta","startTimeNanos":1646611430883314950,"modifiedTimeMillis":1646612219749,"rawTimestampNanos":0},
        {"fitValue":[{"value":{"intVal":2}}],"originDataSourceId":"raw:com.google.step_count.cumulative:Google:Pixel 5a:0337e926fd1e924c:Step Counter","endTimeNanos":1646611859078740013,"dataTypeName":"com.google.step_count.delta","startTimeNanos":1646611799078740013,"modifiedTimeMillis":1646612219749,"rawTimestampNanos":0},
        {"fitValue":[{"value":{"intVal":34}}],"originDataSourceId":"raw:com.google.step_count.cumulative:Google:Pixel 5a:0337e926fd1e924c:Step Counter","endTimeNanos":1646612126255611959,"dataTypeName":"com.google.step_count.delta","startTimeNanos":1646612058255609911,"modifiedTimeMillis":1646612219749,"rawTimestampNanos":0},
        {"fitValue":[{"value":{"intVal":36}}],"originDataSourceId":"raw:com.google.step_count.cumulative:Google:Pixel 5a:0337e926fd1e924c:Step Counter","endTimeNanos":1646612202564344713,"dataTypeName":"com.google.step_count.delta","startTimeNanos":1646612130564340617,"modifiedTimeMillis":1646612219749,"rawTimestampNanos":0},
        {"fitValue":[{"value":{"intVal":24}}],"originDataSourceId":"raw:com.google.step_count.cumulative:Google:Pixel 5a:0337e926fd1e924c:Step Counter","endTimeNanos":1646612537727558811,"dataTypeName":"com.google.step_count.delta","startTimeNanos":1646612477727558811,"modifiedTimeMillis":1646612676370,"rawTimestampNanos":0},
        {"fitValue":[{"value":{"intVal":5}}],"originDataSourceId":"raw:com.google.step_count.cumulative:Google:Pixel 5a:0337e926fd1e924c:Step Counter","endTimeNanos":1646612652569941916,"dataTypeName":"com.google.step_count.delta","startTimeNanos":1646612592569941916,"modifiedTimeMillis":1646612676370,"rawTimestampNanos":0}
    ]
}