{
    "Data Source": "derived:com.google.height:com.google.android.gms:merge_height",
    "Data Points": [
        {"fitValue":[{"value":{"fpVal":1.8288036584854126}}],"originDataSourceId":"raw:com.google.height:com.google.android.apps.fitness:user_input","endTimeNanos":1417969252711000000,"dataTypeName":"com.google.height","startTimeNanos":1417969252711000000,"modifiedTimeMillis":1417969796092,"rawTimestampNanos":0},
        {"fitValue":[{"value":{"fpVal":1.8288036584854126}}],"originDataSourceId":"raw:com.google.height:com.google.android.apps.fitness:user_input","endTimeNanos":1417969254904000000,"dataTypeName":"com.google.height","startTimeNanos":1417969254904000000,"modifiedTimeMillis":1417969802000,"rawTimestampNanos":0},
        {"fitValue":[{"value":{"fpVal":1.8288036584854126}}],"originDataSourceId":"raw:com.google.height:com.google.android.apps.fitness:user_input","endTimeNanos":1417969258313000000,"dataTypeName":"com.google.height","startTimeNanos":1417969258313000000,"modifiedTimeMillis":1417969802000,"rawTimestampNanos":0},
        {"fitValue":[{"value":{"fpVal":1.8288036584854126}}],"originDataSourceId":"raw:com.google.height:com.google.android.apps.fitness:user_input","endTimeNanos":1417969304759000000,"dataTypeName":"com.google.height","startTimeNanos":1417969304759000000,"modifiedTimeMillis":1417969860098,"rawTimestampNanos":0},
        {"fitValue":[{"value":{"fpVal":1.8288036584854126}}],"originDataSourceId":"raw:com.google.height:com.google.android.apps.fitness:user_input","endTimeNanos":1417969306225000000,"dataTypeName":"com.google.height","startTimeNanos":1417969306225000000,"modifiedTimeMillis":1417969860098,"rawTimestampNanos":0},
        {"fitValue":[{"value":{"fpVal":1.8288036584854126}}],"originDataSourceId":"raw:com.google.height:com.google.android.apps.fitness:user_input","endTimeNanos":1417969307560000000,"dataTypeName":"com.google.height","startTimeNanos":1417969307560000000,"modifiedTimeMillis":1417969860098,"rawTimestampNanos":0},
        {"fitValue":[{"value":{"fpVal":1.8288036584854126}}],"originDataSourceId":"raw:com.google.height:com.google.android.apps.fitness:user_input","endTimeNanos":1417969320252000000,"dataTypeName":"com.google.height","startTimeNanos":1417969320252000000,"modifiedTimeMillis":1417969874639,"rawTimestampNanos":0},
        {"fitValue":[{"value":{"fpVal":1.8288036584854126}}],"originDataSourceId":"raw:com.google.height:com.google.android.apps.fitness:user_input","endTimeNanos":1417969321359000000,"dataTypeName":"com.google.height","startTimeNanos":1417969321359000000,"modifiedTimeMillis":1417969874639,"rawTimestampNanos":0},
        {"fitValue":[{"value":{"fpVal":1.8288036584854126}}],"originDataSourceId":"raw:com.google.height:com.google.android.apps.fitness:user_input","endTimeNanos":1417969323769000000,"dataTypeName":"com.google.height","startTimeNanos":1417969323769000000,"modifiedTimeMillis":1417969874639,"rawTimestampNanos":0},
        {"fitValue":[{"value":{"fpVal":1.854200005531311}}],"originDataSourceId":"raw:com.google.height:com.google.android.apps.fitness:user_input","endTimeNanos":1666793229707000000,"dataTypeName":"com.google.height","startTimeNanos":1666793229707000000,"modifiedTimeMillis":1666793263695,"rawTimestampNanos":0}
    ]
}