{
    "Data Source": "derived:com.google.calories.expended:com.google.android.gms:merge_calories_expended",
    "Data Points": [
        {"fitValue":[{"value":{"fpVal":231.1552276611328}}],"originDataSourceId":"derived:com.google.calories.expended:com.google.android.gms:merge_calories_expended","endTimeNanos":1619365556957000000,"dataTypeName":"com.google.calories.expended","startTimeNanos":1619355158306000000,"modifiedTimeMillis":1619365934086,"rawTimestampNanos":0},
        {"fitValue":[{"value":{"fpVal":3.9739718437194824}}],"originDataSourceId":"derived:com.google.calories.expended:com.google.android.gms:from_activities","endTimeNanos":1619365594395000000,"dataTypeName":"com.google.calories.expended","startTimeNanos":1619365556957000000,"modifiedTimeMillis":1619365934086,"rawTimestampNanos":0},
        {"fitValue":[{"value":{"fpVal":37.25345230102539}}],"originDataSourceId":"derived:com.google.calories.expended:com.google.android.gms:merge_calories_expended","endTimeNanos":1619367270263000000,"dataTypeName":"com.google.calories.expended","startTimeNanos":1619365594395000000,"modifiedTimeMillis":1619369536903,"rawTimestampNanos":0},
        {"fitValue":[{"value":{"fpVal":4518.95947265625}}],"originDataSourceId":"derived:com.google.calories.expended:com.google.android.gms:merge_calories_expended","endTimeNanos":1645969868000000000,"dataTypeName":"com.google.calories.expended","startTimeNanos":1645766580000000000,"modifiedTimeMillis":1646440004444,"rawTimestampNanos":0},
        {"fitValue":[{"value":{"fpVal":192}}],"originDataSourceId":"raw:com.google.calories.expended:fitapp.fittofit:Walk - calories","endTimeNanos":1645971251000000000,"dataTypeName":"com.google.calories.expended","startTimeNanos":1645969868000000000,"modifiedTimeMillis":1646440004444,"rawTimestampNanos":0},
        {"fitValue":[{"value":{"fpVal":1713.3046875}}],"originDataSourceId":"derived:com.google.calories.expended:com.google.android.gms:merge_calories_expended","endTimeNanos":1646048325000000000,"dataTypeName":"com.google.calories.expended","startTimeNanos":1645971251000000000,"modifiedTimeMillis":1646440004444,"rawTimestampNanos":0},
        {"fitValue":[{"value":{"fpVal":322}}],"originDataSourceId":"raw:com.google.calories.expended:fitapp.fittofit:Walk - calories","endTimeNanos":1646050368000000000,"dataTypeName":"com.google.calories.expended","startTimeNanos":1646048325000000000,"modifiedTimeMillis":1646440004444,"rawTimestampNanos":0},
        {"fitValue":[{"value":{"fpVal":1884.826416015625}}],"originDataSourceId":"derived:com.google.calories.expended:com.google.android.gms:merge_calories_expended","endTimeNanos":1646135158000000000,"dataTypeName":"com.google.calories.expended","startTimeNanos":1646050368000000000,"modifiedTimeMillis":1646440004444,"rawTimestampNanos":0},
        {"fitValue":[{"value":{"fpVal":201}}],"originDataSourceId":"raw:com.google.calories.expended:fitapp.fittofit:Run - calories","endTimeNanos":1646136123000000000,"dataTypeName":"com.google.calories.expended","startTimeNanos":1646135158000000000,"modifiedTimeMillis":1646440004444,"rawTimestampNanos":0},
        {"fitValue":[{"value":{"fpVal":1911.3682861328125}}],"originDataSourceId":"derived:com.google.calories.expended:com.google.android.gms:merge_calories_expended","endTimeNanos":1646222107000000000,"dataTypeName":"com.google.calories.expended","startTimeNanos":1646136123000000000,"modifiedTimeMillis":1646440004444,"rawTimestampNanos":0},
        {"fitValue":[{"value":{"fpVal":284}}],"originDataSourceId":"raw:com.google.calories.expended:fitapp.fittofit:Walk - calories","endTimeNanos":1646223990000000000,"dataTypeName":"com.google.calories.expended","startTimeNanos":1646222107000000000,"modifiedTimeMillis":1646440004444,"rawTimestampNanos":0},
        {"fitValue":[{"value":{"fpVal":3788.814453125}}],"originDataSourceId":"derived:com.google.calories.expended:com.google.android.gms:merge_calories_expended","endTimeNanos":1646394432000000000,"dataTypeName":"com.google.calories.expended","startTimeNanos":1646223990000000000,"modifiedTimeMillis":1646440004444,"rawTimestampNanos":0},
        {"fitValue":[{"value":{"fpVal":157}}],"originDataSourceId":"raw:com.google.calories.expended:fitapp.fittofit:Walk - calories","endTimeNanos":1646395458000000000,"dataTypeName":"com.google.calories.expended","startTimeNanos":1646394432000000000,"modifiedTimeMillis":1646440004444,"rawTimestampNanos":0},
        {"fitValue":[{"value":{"fpVal":825.408203125}}],"originDataSourceId":"derived:com.google.calories.expended:com.google.android.gms:merge_calories_expended","endTimeNanos":1646432589465000000,"dataTypeName":"com.google.calories.expended","startTimeNanos":1646395458000000000,"modifiedTimeMillis":1646440004444,"rawTimestampNanos":0},
        {"fitValue":[{"value":{"fpVal":7.625784397125244}}],"originDataSourceId":"derived:com.google.calories.expended:com.google.android.fit:Google:Pixel 5a:0337e926fd1e924c:top_level","endTimeNanos":1646432661306000000,"dataTypeName":"com.google.calories.expended","startTimeNanos":1646432589465000000,"modifiedTimeMillis":1646437004347,"rawTimestampNanos":0},
        {"fitValue":[{"value":{"fpVal":7.045369625091553}}],"originDataSourceId":"derived:com.google.calories.expended:com.google.android.gms:merge_calories_expended","endTimeNanos":1646432978246000000,"dataTypeName":"com.google.calories.expended","startTimeNanos":1646432661306000000,"modifiedTimeMillis":1646437004347,"rawTimestampNanos":0},
        {"fitValue":[{"value":{"fpVal":13.639286041259766}}],"originDataSourceId":"derived:com.google.calories.expended:com.google.android.fit:Google:Pixel 5a:0337e926fd1e924c:top_level","endTimeNanos":1646433106739000000,"dataTypeName":"com.google.calories.expended","startTimeNanos":1646432978246000000,"modifiedTimeMillis":1646437004347,"rawTimestampNanos":0},
        {"fitValue":[{"value":{"fpVal":1.1133594512939453}}],"originDataSourceId":"derived:com.google.calories.expended:com.google.android.fit:Google:Pixel 5a:0337e926fd1e924c:top_level","endTimeNanos":1646433117227739138,"dataTypeName":"com.google.calories.expended","startTimeNanos":1646433106739000000,"modifiedTimeMillis":1646437004347,"rawTimestampNanos":0},
        {"fitValue":[{"value":{"fpVal":39.23316192626953}}],"originDataSourceId":"derived:com.google.calories.expended:com.google.android.gms:merge_calories_expended","endTimeNanos":1646434882154000000,"dataTypeName":"com.google.calories.expended","startTimeNanos":1646433117227739138,"modifiedTimeMillis":1646437004347,"rawTimestampNanos":0},
        {"fitValue":[{"value":{"fpVal":72.50519561767578}}],"originDataSourceId":"derived:com.google.calories.expended:com.google.android.fit:Google:Pixel 5a:0337e926fd1e924c:top_level","endTimeNanos":1646435565211000000,"dataTypeName":"com.google.calories.expended","startTimeNanos":1646434882154000000,"modifiedTimeMillis":1646437004347,"rawTimestampNanos":0},
        {"fitValue":[{"value":{"fpVal":46.98746109008789}}],"originDataSourceId":"derived:com.google.calories.expended:com.google.android.gms:merge_calories_expended","endTimeNanos":1646437678969000000,"dataTypeName":"com.google.calories.expended","startTimeNanos":1646435565211000000,"modifiedTimeMillis":1646440004444,"rawTimestampNanos":0},
        {"fitValue":[{"value":{"fpVal":7.173912525177002}}],"originDataSourceId":"derived:com.google.calories.expended:com.google.android.fit:Google:Pixel 5a:0337e926fd1e924c:top_level","endTimeNanos":1646437746553000000,"dataTypeName":"com.google.calories.expended","startTimeNanos":1646437678969000000,"modifiedTimeMillis":1646440004444,"rawTimestampNanos":0},
        {"fitValue":[{"value":{"fpVal":39.31006622314453}}],"originDataSourceId":"derived:com.google.calories.expended:com.google.android.gms:merge_calories_expended","endTimeNanos":1646439514939000000,"dataTypeName":"com.google.calories.expended","startTimeNanos":1646437746553000000,"modifiedTimeMillis":1646440004444,"rawTimestampNanos":0},
        {"fitValue":[{"value":{"fpVal":43.68365478515625}}],"originDataSourceId":"derived:com.google.calories.expended:com.google.android.fit:Google:Pixel 5a:0337e926fd1e924c:top_level","endTimeNanos":1646439926474000000,"dataTypeName":"com.google.calories.expended","startTimeNanos":1646439514939000000,"modifiedTimeMillis":1646440004444,"rawTimestampNanos":0},
        {"fitValue":[{"value":{"fpVal":97.00634002685547}}],"originDataSourceId":"derived:com.google.calories.expended:com.google.android.gms:merge_calories_expended","endTimeNanos":1646444290360000000,"dataTypeName":"com.google.calories.expended","startTimeNanos":1646439926474000000,"modifiedTimeMillis":1646447299619,"rawTimestampNanos":0},
        {"fitValue":[{"value":{"fpVal":44.3651237487793}}],"originDataSourceId":"derived:com.google.calories.expended:com.google.android.fit:Google:Pixel 5a:0337e926fd1e924c:top_level","endTimeNanos":1646444708315000000,"dataTypeName":"com.google.calories.expended","startTimeNanos":1646444290360000000,"modifiedTimeMillis":1646447299619,"rawTimestampNanos":0},
        {"fitValue":[{"value":{"fpVal":184.34097290039062}}],"originDataSourceId":"derived:com.google.calories.expended:com.google.android.gms:merge_calories_expended","endTimeNanos":1646453001000000000,"dataTypeName":"com.google.calories.expended","startTimeNanos":1646444708315000000,"modifiedTimeMillis":1646457341975,"rawTimestampNanos":0},
        {"fitValue":[{"value":{"fpVal":141.80113220214844}}],"originDataSourceId":"derived:com.google.calories.expended:com.google.android.gms:merge_calories_expended","endTimeNanos":1646459380006000000,"dataTypeName":"com.google.calories.expended","startTimeNanos":1646453001000000000,"modifiedTimeMillis":1646460941774,"rawTimestampNanos":0},
        {"fitValue":[{"value":{"fpVal":25.201679229736328}}],"originDataSourceId":"derived:com.google.calories.expended:com.google.android.fit:Google:Pixel 5a:0337e926fd1e924c:top_level","endTimeNanos":1646459617426000000,"dataTypeName":"com.google.calories.expended","startTimeNanos":1646459380006000000,"modifiedTimeMillis":1646460941774,"rawTimestampNanos":0},
        {"fitValue":[{"value":{"fpVal":532.220703125}}],"originDataSourceId":"derived:com.google.calories.expended:com.google.android.gms:merge_calories_expended","endTimeNanos":1646483559679000000,"dataTypeName":"com.google.calories.expended","startTimeNanos":1646459617426000000,"modifiedTimeMillis":1646486421823,"rawTimestampNanos":0},
        {"fitValue":[{"value":{"fpVal":7.53258752822876}}],"originDataSourceId":"derived:com.google.calories.expended:com.google.android.fit:Google:Pixel 5a:0337e926fd1e924c:top_level","endTimeNanos":1646483630642000000,"dataTypeName":"com.google.calories.expended","startTimeNanos":1646483559679000000,"modifiedTimeMillis":1646486421823,"rawTimestampNanos":0},
        {"fitValue":[{"value":{"fpVal":5.641942024230957}}],"originDataSourceId":"derived:com.google.calories.expended:com.google.android.gms:merge_calories_expended","endTimeNanos":1646483884448000000,"dataTypeName":"com.google.calories.expended","startTimeNanos":1646483630642000000,"modifiedTimeMillis":1646486421823,"rawTimestampNanos":0},
        {"fitValue":[{"value":{"fpVal":6.464736461639404}}],"originDataSourceId":"derived:com.google.calories.expended:com.google.android.fit:Google:Pixel 5a:0337e926fd1e924c:top_level","endTimeNanos":1646483945351000000,"dataTypeName":"com.google.calories.expended","startTimeNanos":1646483884448000000,"modifiedTimeMillis":1646486421823,"rawTimestampNanos":0},
        {"fitValue":[{"value":{"fpVal":315.8021240234375}}],"originDataSourceId":"derived:com.google.calories.expended:com.google.android.gms:merge_calories_expended","endTimeNanos":1646498151892000000,"dataTypeName":"com.google.calories.expended","startTimeNanos":1646483945351000000,"modifiedTimeMillis":1646501282032,"rawTimestampNanos":0},
        {"fitValue":[{"value":{"fpVal":34.4693603515625}}],"originDataSourceId":"derived:com.google.calories.expended:com.google.android.fit:Google:Pixel 5a:0337e926fd1e924c:top_level","endTimeNanos":1646498476621000000,"dataTypeName":"com.google.calories.expended","startTimeNanos":1646498151892000000,"modifiedTimeMillis":1646501282032,"rawTimestampNanos":0},
        {"fitValue":[{"value":{"fpVal":5.71385383605957}}],"originDataSourceId":"derived:com.google.calories.expended:com.google.android.gms:merge_calories_expended","endTimeNanos":1646498733662000000,"dataTypeName":"com.google.calories.expended","startTimeNanos":1646498476621000000,"modifiedTimeMillis":1646501282032,"rawTimestampNanos":0},
        {"fitValue":[{"value":{"fpVal":93.57453155517578}}],"originDataSourceId":"derived:com.google.calories.expended:com.google.android.fit:Google:Pixel 5a:0337e926fd1e924c:top_level","endTimeNanos":1646499615209000000,"dataTypeName":"com.google.calories.expended","startTimeNanos":1646498733662000000,"modifiedTimeMillis":1646501282032,"rawTimestampNanos":0},
        {"fitValue":[{"value":{"fpVal":7.244277477264404}}],"originDataSourceId":"derived:com.google.calories.expended:com.google.android.gms:merge_calories_expended","endTimeNanos":1646499941097000000,"dataTypeName":"com.google.calories.expended","startTimeNanos":1646499615209000000,"modifiedTimeMillis":1646501282032,"rawTimestampNanos":0},
        {"fitValue":[{"value":{"fpVal":6.630646228790283}}],"originDataSourceId":"derived:com.google.calories.expended:com.google.android.fit:Google:Pixel 5a:0337e926fd1e924c:top_level","endTimeNanos":1646500003563000000,"dataTypeName":"com.google.calories.expended","startTimeNanos":1646499941097000000,"modifiedTimeMillis":1646501282032,"rawTimestampNanos":0},
        {"fitValue":[{"value":{"fpVal":5.748398303985596}}],"originDataSourceId":"derived:com.google.calories.expended:com.google.android.gms:merge_calories_expended","endTimeNanos":1646500262158000000,"dataTypeName":"com.google.calories.expended","startTimeNanos":1646500003563000000,"modifiedTimeMillis":1646501282032,"rawTimestampNanos":0},
        {"fitValue":[{"value":{"fpVal":7.176990509033203}}],"originDataSourceId":"derived:com.google.calories.expended:com.google.android.fit:Google:Pixel 5a:0337e926fd1e924c:top_level","endTimeNanos":1646500329771000000,"dataTypeName":"com.google.calories.expended","startTimeNanos":1646500262158000000,"modifiedTimeMillis":1646501282032,"rawTimestampNanos":0},
        {"fitValue":[{"value":{"fpVal":155.13839721679688}}],"originDataSourceId":"derived:com.google.calories.expended:com.google.android.gms:merge_calories_expended","endTimeNanos":1646507308761000000,"dataTypeName":"com.google.calories.expended","startTimeNanos":1646500329771000000,"modifiedTimeMillis":1646543631178,"rawTimestampNanos":0},
        {"fitValue":[{"value":{"fpVal":13.783647537231445}}],"originDataSourceId":"derived:com.google.calories.expended:com.google.android.fit:Google:Pixel 5a:0337e926fd1e924c:top_level","endTimeNanos":1646507438614000000,"dataTypeName":"com.google.calories.expended","startTimeNanos":1646507308761000000,"modifiedTimeMillis":1646509644090,"rawTimestampNanos":0},
        {"fitValue":[{"value":{"fpVal":80.60305786132812}}],"originDataSourceId":"derived:com.google.calories.expended:com.google.android.gms:merge_calories_expended","endTimeNanos":1646511064589000000,"dataTypeName":"com.google.calories.expended","startTimeNanos":1646507438614000000,"modifiedTimeMillis":1646512109514,"rawTimestampNanos":0},
        {"fitValue":[{"value":{"fpVal":34.60002899169922}}],"originDataSourceId":"derived:com.google.calories.expended:com.google.android.fit:Google:Pixel 5a:0337e926fd1e924c:top_level","endTimeNanos":1646511390549000000,"dataTypeName":"com.google.calories.expended","startTimeNanos":1646511064589000000,"modifiedTimeMillis":1646512109514,"rawTimestampNanos":0},
        {"fitValue":[{"value":{"fpVal":37.99222183227539}}],"originDataSourceId":"derived:com.google.calories.expended:com.google.android.gms:merge_calories_expended","endTimeNanos":1646513099651000000,"dataTypeName":"com.google.calories.expended","startTimeNanos":1646511390549000000,"modifiedTimeMillis":1646516102534,"rawTimestampNanos":0},
        {"fitValue":[{"value":{"fpVal":13.792033195495605}}],"originDataSourceId":"derived:com.google.calories.expended:com.google.android.fit:Google:Pixel 5a:0337e926fd1e924c:top_level","endTimeNanos":1646513229583000000,"dataTypeName":"com.google.calories.expended","startTimeNanos":1646513099651000000,"modifiedTimeMillis":1646516102534,"rawTimestampNanos":0},
        {"fitValue":[{"value":{"fpVal":85.0484848022461}}],"originDataSourceId":"derived:com.google.calories.expended:com.google.android.gms:merge_calories_expended","endTimeNanos":1646517055538000000,"dataTypeName":"com.google.calories.expended","startTimeNanos":1646513229583000000,"modifiedTimeMillis":1646520485307,"rawTimestampNanos":0},
        {"fitValue":[{"value":{"fpVal":6.251591682434082}}],"originDataSourceId":"derived:com.google.calories.expended:com.google.android.fit:Google:Pixel 5a:0337e926fd1e924c:top_level","endTimeNanos":1646517114433000000,"dataTypeName":"com.google.calories.expended","startTimeNanos":1646517055538000000,"modifiedTimeMillis":1646520485307,"rawTimestampNanos":0},
        {"fitValue":[{"value":{"fpVal":92.87467956542969}}],"originDataSourceId":"derived:com.google.calories.expended:com.google.android.gms:merge_calories_expended","endTimeNanos":1646521292454000000,"dataTypeName":"com.google.calories.expended","startTimeNanos":1646517114433000000,"modifiedTimeMillis":1646528816556,"rawTimestampNanos":0},
        {"fitValue":[{"value":{"fpVal":78.16447448730469}}],"originDataSourceId":"derived:com.google.calories.expended:com.google.android.fit:Google:Pixel 5a:0337e926fd1e924c:top_level","endTimeNanos":1646522028826000000,"dataTypeName":"com.google.calories.expended","startTimeNanos":1646521292454000000,"modifiedTimeMillis":1646528816556,"rawTimestampNanos":0},
        {"fitValue":[{"value":{"fpVal":7.188851833343506}}],"originDataSourceId":"derived:com.google.calories.expended:com.google.android.gms:merge_calories_expended","endTimeNanos":1646522352220617919,"dataTypeName":"com.google.calories.expended","startTimeNanos":1646522028826000000,"modifiedTimeMillis":1646528816556,"rawTimestampNanos":0},
        {"fitValue":[{"value":{"fpVal":1.6102008819580078}}],"originDataSourceId":"derived:com.google.calories.expended:com.google.android.fit:Google:Pixel 5a:0337e926fd1e924c:top_level","endTimeNanos":1646522367390000000,"dataTypeName":"com.google.calories.expended","startTimeNanos":1646522352220617919,"modifiedTimeMillis":1646528816556,"rawTimestampNanos":0},
        {"fitValue":[{"value":{"fpVal":7.176990509033203}}],"originDataSourceId":"derived:com.google.calories.expended:com.google.android.fit:Google:Pixel 5a:0337e926fd1e924c:top_level","endTimeNanos":1646522435003000000,"dataTypeName":"com.google.calories.expended","startTimeNanos":1646522367390000000,"modifiedTimeMillis":1646528816556,"rawTimestampNanos":0},
        {"fitValue":[{"value":{"fpVal":145.32107543945312}}],"originDataSourceId":"derived:com.google.calories.expended:com.google.android.gms:merge_calories_expended","endTimeNanos":1646528972355000000,"dataTypeName":"com.google.calories.expended","startTimeNanos":1646522435003000000,"modifiedTimeMillis":1646543631178,"rawTimestampNanos":0},
        {"fitValue":[{"value":{"fpVal":7.171895503997803}}],"originDataSourceId":"derived:com.google.calories.expended:com.google.android.fit:Google:Pixel 5a:0337e926fd1e924c:top_level","endTimeNanos":1646529039920000000,"dataTypeName":"com.google.calories.expended","startTimeNanos":1646528972355000000,"modifiedTimeMillis":1646532431527,"rawTimestampNanos":0},
        {"fitValue":[{"value":{"fpVal":229.85818481445312}}],"originDataSourceId":"derived:com.google.calories.expended:com.google.android.gms:merge_calories_expended","endTimeNanos":1646539380223000000,"dataTypeName":"com.google.calories.expended","startTimeNanos":1646529039920000000,"modifiedTimeMillis":1646543631178,"rawTimestampNanos":0},
        {"fitValue":[{"value":{"fpVal":13.692891120910645}}],"originDataSourceId":"derived:com.google.calories.expended:com.google.android.fit:Google:Pixel 5a:0337e926fd1e924c:top_level","endTimeNanos":1646539509221000000,"dataTypeName":"com.google.calories.expended","startTimeNanos":1646539380223000000,"modifiedTimeMillis":1646540281299,"rawTimestampNanos":0},
        {"fitValue":[{"value":{"fpVal":9.131348609924316}}],"originDataSourceId":"derived:com.google.calories.expended:com.google.android.gms:merge_calories_expended","endTimeNanos":1646539920000000000,"dataTypeName":"com.google.calories.expended","startTimeNanos":1646539509221000000,"modifiedTimeMillis":1646543631178,"rawTimestampNanos":0},
        {"fitValue":[{"value":{"fpVal":634.57080078125}}],"originDataSourceId":"derived:com.google.calories.expended:com.google.android.gms:merge_calories_expended","endTimeNanos":1646568466534000000,"dataTypeName":"com.google.calories.expended","startTimeNanos":1646539920000000000,"modifiedTimeMillis":1646569900431,"rawTimestampNanos":0},
        {"fitValue":[{"value":{"fpVal":52.18547439575195}}],"originDataSourceId":"derived:com.google.calories.expended:com.google.android.fit:Google:Pixel 5a:0337e926fd1e924c:top_level","endTimeNanos":1646568958163000000,"dataTypeName":"com.google.calories.expended","startTimeNanos":1646568466534000000,"modifiedTimeMillis":1646569900431,"rawTimestampNanos":0},
        {"fitValue":[{"value":{"fpVal":15.824540138244629}}],"originDataSourceId":"derived:com.google.calories.expended:com.google.android.gms:merge_calories_expended","endTimeNanos":1646569670039000000,"dataTypeName":"com.google.calories.expended","startTimeNanos":1646568958163000000,"modifiedTimeMillis":1646569900431,"rawTimestampNanos":0},
        {"fitValue":[{"value":{"fpVal":31.898242950439453}}],"originDataSourceId":"derived:com.google.calories.expended:com.google.android.fit:Google:Pixel 5a:0337e926fd1e924c:top_level","endTimeNanos":1646569970546000000,"dataTypeName":"com.google.calories.expended","startTimeNanos":1646569670039000000,"modifiedTimeMillis":1646573512911,"rawTimestampNanos":0},
        {"fitValue":[{"value":{"fpVal":36.03290557861328}}],"originDataSourceId":"derived:com.google.calories.expended:com.google.android.gms:merge_calories_expended","endTimeNanos":1646571591507000000,"dataTypeName":"com.google.calories.expended","startTimeNanos":1646569970546000000,"modifiedTimeMillis":1646573512911,"rawTimestampNanos":0},
        {"fitValue":[{"value":{"fpVal":7.5352396965026855}}],"originDataSourceId":"derived:com.google.calories.expended:com.google.android.fit:Google:Pixel 5a:0337e926fd1e924c:top_level","endTimeNanos":1646571662495000000,"dataTypeName":"com.google.calories.expended","startTimeNanos":1646571591507000000,"modifiedTimeMillis":1646573512911,"rawTimestampNanos":0},
        {"fitValue":[{"value":{"fpVal":0.21076072752475739}}],"originDataSourceId":"derived:com.google.calories.expended:com.google.android.gms:merge_calories_expended","endTimeNanos":1646571671976192113,"dataTypeName":"com.google.calories.expended","startTimeNanos":1646571662495000000,"modifiedTimeMillis":1646573512911,"rawTimestampNanos":0},
        {"fitValue":[{"value":{"fpVal":110.25432586669922}}],"originDataSourceId":"derived:com.google.calories.expended:com.google.android.gms:merge_calories_expended","endTimeNanos":1646576631830696072,"dataTypeName":"com.google.calories.expended","startTimeNanos":1646571671976192113,"modifiedTimeMillis":1646578031434,"rawTimestampNanos":0},
        {"fitValue":[{"value":{"fpVal":40.30792999267578}}],"originDataSourceId":"derived:com.google.calories.expended:com.google.android.gms:merge_calories_expended","endTimeNanos":1646578445106154484,"dataTypeName":"com.google.calories.expended","startTimeNanos":1646576631830696072,"modifiedTimeMillis":1646581180747,"rawTimestampNanos":0},
        {"fitValue":[{"value":{"fpVal":0.022380847483873367}}],"originDataSourceId":"derived:com.google.calories.expended:com.google.android.fit:Google:Pixel 5a:0337e926fd1e924c:top_level","endTimeNanos":1646578445317000000,"dataTypeName":"com.google.calories.expended","startTimeNanos":1646578445106154484,"modifiedTimeMillis":1646581180747,"rawTimestampNanos":0},
        {"fitValue":[{"value":{"fpVal":21.51632308959961}}],"originDataSourceId":"derived:com.google.calories.expended:com.google.android.fit:Google:Pixel 5a:0337e926fd1e924c:top_level","endTimeNanos":1646578648018000000,"dataTypeName":"com.google.calories.expended","startTimeNanos":1646578445317000000,"modifiedTimeMillis":1646581180747,"rawTimestampNanos":0},
        {"fitValue":[{"value":{"fpVal":88.22532653808594}}],"originDataSourceId":"derived:com.google.calories.expended:com.google.android.gms:merge_calories_expended","endTimeNanos":1646582616885000000,"dataTypeName":"com.google.calories.expended","startTimeNanos":1646578648018000000,"modifiedTimeMillis":1646589664463,"rawTimestampNanos":0},
        {"fitValue":[{"value":{"fpVal":7.320714950561523}}],"originDataSourceId":"derived:com.google.calories.expended:com.google.android.fit:Google:Pixel 5a:0337e926fd1e924c:top_level","endTimeNanos":1646582685852000000,"dataTypeName":"com.google.calories.expended","startTimeNanos":1646582616885000000,"modifiedTimeMillis":1646589664463,"rawTimestampNanos":0},
        {"fitValue":[{"value":{"fpVal":12.203378677368164}}],"originDataSourceId":"derived:com.google.calories.expended:com.google.android.gms:merge_calories_expended","endTimeNanos":1646583234828000000,"dataTypeName":"com.google.calories.expended","startTimeNanos":1646582685852000000,"modifiedTimeMillis":1646589664463,"rawTimestampNanos":0},
        {"fitValue":[{"value":{"fpVal":43.794681549072266}}],"originDataSourceId":"derived:com.google.calories.expended:com.google.android.fit:Google:Pixel 5a:0337e926fd1e924c:top_level","endTimeNanos":1646583647409000000,"dataTypeName":"com.google.calories.expended","startTimeNanos":1646583234828000000,"modifiedTimeMillis":1646589664463,"rawTimestampNanos":0},
        {"fitValue":[{"value":{"fpVal":26.874235153198242}}],"originDataSourceId":"derived:com.google.calories.expended:com.google.android.gms:merge_calories_expended","endTimeNanos":1646584856362000000,"dataTypeName":"com.google.calories.expended","startTimeNanos":1646583647409000000,"modifiedTimeMillis":1646589664463,"rawTimestampNanos":0},
        {"fitValue":[{"value":{"fpVal":1.9177772998809814}}],"originDataSourceId":"derived:com.google.calories.expended:com.google.android.fit:Google:Pixel 5a:0337e926fd1e924c:top_level","endTimeNanos":1646584874429000000,"dataTypeName":"com.google.calories.expended","startTimeNanos":1646584856362000000,"modifiedTimeMillis":1646589664463,"rawTimestampNanos":0},
        {"fitValue":[{"value":{"fpVal":20.98523712158203}}],"originDataSourceId":"derived:com.google.calories.expended:com.google.android.gms:merge_calories_expended","endTimeNanos":1646585818462000000,"dataTypeName":"com.google.calories.expended","startTimeNanos":1646584874429000000,"modifiedTimeMillis":1646589664463,"rawTimestampNanos":0},
        {"fitValue":[{"value":{"fpVal":9.801502227783203}}],"originDataSourceId":"derived:com.google.calories.expended:com.google.android.fit:Google:Pixel 5a:0337e926fd1e924c:top_level","endTimeNanos":1646585910800000000,"dataTypeName":"com.google.calories.expended","startTimeNanos":1646585818462000000,"modifiedTimeMillis":1646589664463,"rawTimestampNanos":0},
        {"fitValue":[{"value":{"fpVal":15.918182373046875}}],"originDataSourceId":"derived:com.google.calories.expended:com.google.android.fit:Google:Pixel 5a:0337e926fd1e924c:top_level","endTimeNanos":1646586060762033079,"dataTypeName":"com.google.calories.expended","startTimeNanos":1646585910800000000,"modifiedTimeMillis":1646589664463,"rawTimestampNanos":0},
        {"fitValue":[{"value":{"fpVal":63.39988708496094}}],"originDataSourceId":"derived:com.google.calories.expended:com.google.android.gms:merge_calories_expended","endTimeNanos":1646588912842250182,"dataTypeName":"com.google.calories.expended","startTimeNanos":1646586060762033079,"modifiedTimeMillis":1646589664463,"rawTimestampNanos":0},
        {"fitValue":[{"value":{"fpVal":0.5765697956085205}}],"originDataSourceId":"derived:com.google.calories.expended:com.google.android.fit:Google:Pixel 5a:0337e926fd1e924c:top_level","endTimeNanos":1646588918274000000,"dataTypeName":"com.google.calories.expended","startTimeNanos":1646588912842250182,"modifiedTimeMillis":1646589664463,"rawTimestampNanos":0},
        {"fitValue":[{"value":{"fpVal":7.594365119934082}}],"originDataSourceId":"derived:com.google.calories.expended:com.google.android.fit:Google:Pixel 5a:0337e926fd1e924c:top_level","endTimeNanos":1646588989819000000,"dataTypeName":"com.google.calories.expended","startTimeNanos":1646588918274000000,"modifiedTimeMillis":1646589664463,"rawTimestampNanos":0},
        {"fitValue":[{"value":{"fpVal":26.434894561767578}}],"originDataSourceId":"derived:com.google.calories.expended:com.google.android.gms:merge_calories_expended","endTimeNanos":1646590179008000000,"dataTypeName":"com.google.calories.expended","startTimeNanos":1646588989819000000,"modifiedTimeMillis":1646594382445,"rawTimestampNanos":0},
        {"fitValue":[{"value":{"fpVal":7.509871482849121}}],"originDataSourceId":"derived:com.google.calories.expended:com.google.android.fit:Google:Pixel 5a:0337e926fd1e924c:top_level","endTimeNanos":1646590249757000000,"dataTypeName":"com.google.calories.expended","startTimeNanos":1646590179008000000,"modifiedTimeMillis":1646594382445,"rawTimestampNanos":0},
        {"fitValue":[{"value":{"fpVal":7.510673999786377}}],"originDataSourceId":"derived:com.google.calories.expended:com.google.android.gms:merge_calories_expended","endTimeNanos":1646590587629000000,"dataTypeName":"com.google.calories.expended","startTimeNanos":1646590249757000000,"modifiedTimeMillis":1646594382445,"rawTimestampNanos":0},
        {"fitValue":[{"value":{"fpVal":14.344002723693848}}],"originDataSourceId":"derived:com.google.calories.expended:com.google.android.fit:Google:Pixel 5a:0337e926fd1e924c:top_level","endTimeNanos":1646590722761000000,"dataTypeName":"com.google.calories.expended","startTimeNanos":1646590587629000000,"modifiedTimeMillis":1646594382445,"rawTimestampNanos":0},
        {"fitValue":[{"value":{"fpVal":103.08367919921875}}],"originDataSourceId":"derived:com.google.calories.expended:com.google.android.gms:merge_calories_expended","endTimeNanos":1646595360039683563,"dataTypeName":"com.google.calories.expended","startTimeNanos":1646590722761000000,"modifiedTimeMillis":1646598256823,"rawTimestampNanos":0},
        {"fitValue":[{"value":{"fpVal":63.099082946777344}}],"originDataSourceId":"derived:com.google.calories.expended:com.google.android.gms:merge_calories_expended","endTimeNanos":1646598198588000000,"dataTypeName":"com.google.calories.expended","startTimeNanos":1646595360039683563,"modifiedTimeMillis":1646600839318,"rawTimestampNanos":0},
        {"fitValue":[{"value":{"fpVal":57.6522102355957}}],"originDataSourceId":"derived:com.google.calories.expended:com.google.android.fit:Google:Pixel 5a:0337e926fd1e924c:top_level","endTimeNanos":1646598741718000000,"dataTypeName":"com.google.calories.expended","startTimeNanos":1646598198588000000,"modifiedTimeMillis":1646600839318,"rawTimestampNanos":0},
        {"fitValue":[{"value":{"fpVal":19.009605407714844}}],"originDataSourceId":"derived:com.google.calories.expended:com.google.android.gms:merge_calories_expended","endTimeNanos":1646599596876000000,"dataTypeName":"com.google.calories.expended","startTimeNanos":1646598741718000000,"modifiedTimeMillis":1646600839318,"rawTimestampNanos":0},
        {"fitValue":[{"value":{"fpVal":36.3565673828125}}],"originDataSourceId":"derived:com.google.calories.expended:com.google.android.fit:Google:Pixel 5a:0337e926fd1e924c:top_level","endTimeNanos":1646599939384000000,"dataTypeName":"com.google.calories.expended","startTimeNanos":1646599596876000000,"modifiedTimeMillis":1646600839318,"rawTimestampNanos":0},
        {"fitValue":[{"value":{"fpVal":26.572921752929688}}],"originDataSourceId":"derived:com.google.calories.expended:com.google.android.gms:merge_calories_expended","endTimeNanos":1646601134782161741,"dataTypeName":"com.google.calories.expended","startTimeNanos":1646599939384000000,"modifiedTimeMillis":1646604589459,"rawTimestampNanos":0},
        {"fitValue":[{"value":{"fpVal":1.0246304273605347}}],"originDataSourceId":"derived:com.google.calories.expended:com.google.android.fit:Google:Pixel 5a:0337e926fd1e924c:top_level","endTimeNanos":1646601144435000000,"dataTypeName":"com.google.calories.expended","startTimeNanos":1646601134782161741,"modifiedTimeMillis":1646604589459,"rawTimestampNanos":0},
        {"fitValue":[{"value":{"fpVal":57.12794494628906}}],"originDataSourceId":"derived:com.google.calories.expended:com.google.android.fit:Google:Pixel 5a:0337e926fd1e924c:top_level","endTimeNanos":1646601682626000000,"dataTypeName":"com.google.calories.expended","startTimeNanos":1646601144435000000,"modifiedTimeMillis":1646604589459,"rawTimestampNanos":0},
        {"fitValue":[{"value":{"fpVal":32.186317443847656}}],"originDataSourceId":"derived:com.google.calories.expended:com.google.android.gms:merge_calories_expended","endTimeNanos":1646603130546000000,"dataTypeName":"com.google.calories.expended","startTimeNanos":1646601682626000000,"modifiedTimeMillis":1646604589459,"rawTimestampNanos":0},
        {"fitValue":[{"value":{"fpVal":21.82691192626953}}],"originDataSourceId":"derived:com.google.calories.expended:com.google.android.fit:Google:Pixel 5a:0337e926fd1e924c:top_level","endTimeNanos":1646603336173000000,"dataTypeName":"com.google.calories.expended","startTimeNanos":1646603130546000000,"modifiedTimeMillis":1646604589459,"rawTimestampNanos":0},
        {"fitValue":[{"value":{"fpVal":22.851680755615234}}],"originDataSourceId":"derived:com.google.calories.expended:com.google.android.gms:merge_calories_expended","endTimeNanos":1646604364169000000,"dataTypeName":"com.google.calories.expended","startTimeNanos":1646603336173000000,"modifiedTimeMillis":1646604589459,"rawTimestampNanos":0},
        {"fitValue":[{"value":{"fpVal":79.45152282714844}}],"originDataSourceId":"derived:com.google.calories.expended:com.google.android.fit:Google:Pixel 5a:0337e926fd1e924c:top_level","endTimeNanos":1646605112666000000,"dataTypeName":"com.google.calories.expended","startTimeNanos":1646604364169000000,"modifiedTimeMillis":1646609068715,"rawTimestampNanos":0},
        {"fitValue":[{"value":{"fpVal":18.036026000976562}}],"originDataSourceId":"derived:com.google.calories.expended:com.google.android.gms:merge_calories_expended","endTimeNanos":1646605924027000000,"dataTypeName":"com.google.calories.expended","startTimeNanos":1646605112666000000,"modifiedTimeMillis":1646609068715,"rawTimestampNanos":0},
        {"fitValue":[{"value":{"fpVal":7.307871341705322}}],"originDataSourceId":"derived:com.google.calories.expended:com.google.android.fit:Google:Pixel 5a:0337e926fd1e924c:top_level","endTimeNanos":1646605992873000000,"dataTypeName":"com.google.calories.expended","startTimeNanos":1646605924027000000,"modifiedTimeMillis":1646609068715,"rawTimestampNanos":0},
        {"fitValue":[{"value":{"fpVal":9.089046478271484}}],"originDataSourceId":"derived:com.google.calories.expended:com.google.android.gms:merge_calories_expended","endTimeNanos":1646606401749000000,"dataTypeName":"com.google.calories.expended","startTimeNanos":1646605992873000000,"modifiedTimeMillis":1646609068715,"rawTimestampNanos":0},
        {"fitValue":[{"value":{"fpVal":14.527852058410645}}],"originDataSourceId":"derived:com.google.calories.expended:com.google.android.fit:Google:Pixel 5a:0337e926fd1e924c:top_level","endTimeNanos":1646606538613000000,"dataTypeName":"com.google.calories.expended","startTimeNanos":1646606401749000000,"modifiedTimeMillis":1646609068715,"rawTimestampNanos":0},
        {"fitValue":[{"value":{"fpVal":53.8657112121582}}],"originDataSourceId":"derived:com.google.calories.expended:com.google.android.gms:merge_calories_expended","endTimeNanos":1646608961793000000,"dataTypeName":"com.google.calories.expended","startTimeNanos":1646606538613000000,"modifiedTimeMillis":1646609068715,"rawTimestampNanos":0},
        {"fitValue":[{"value":{"fpVal":7.618779182434082}}],"originDataSourceId":"derived:com.google.calories.expended:com.google.android.fit:Google:Pixel 5a:0337e926fd1e924c:top_level","endTimeNanos":1646609033568000000,"dataTypeName":"com.google.calories.expended","startTimeNanos":1646608961793000000,"modifiedTimeMillis":1646609068715,"rawTimestampNanos":0},
        {"fitValue":[{"value":{"fpVal":21.064863204956055}}],"originDataSourceId":"derived:com.google.calories.expended:com.google.android.gms:merge_calories_expended","endTimeNanos":1646609981183000000,"dataTypeName":"com.google.calories.expended","startTimeNanos":1646609033568000000,"modifiedTimeMillis":1646612681419,"rawTimestampNanos":0},
        {"fitValue":[{"value":{"fpVal":193.83616638183594}}],"originDataSourceId":"derived:com.google.calories.expended:com.google.android.fit:Google:Pixel 5a:0337e926fd1e924c:top_level","endTimeNanos":1646611807275000000,"dataTypeName":"com.google.calories.expended","startTimeNanos":1646609981183000000,"modifiedTimeMillis":1646612224902,"rawTimestampNanos":0},
        {"fitValue":[{"value":{"fpVal":16.52838706970215}}],"originDataSourceId":"derived:com.google.calories.expended:com.google.android.gms:merge_calories_expended","endTimeNanos":1646612550814000000,"dataTypeName":"com.google.calories.expended","startTimeNanos":1646611807275000000,"modifiedTimeMillis":1646612681419,"rawTimestampNanos":0},
        {"fitValue":[{"value":{"fpVal":13.415739059448242}}],"originDataSourceId":"derived:com.google.calories.expended:com.google.android.fit:Google:Pixel 5a:0337e926fd1e924c:top_level","endTimeNanos":1646612677201000000,"dataTypeName":"com.google.calories.expended","startTimeNanos":1646612550814000000,"modifiedTimeMillis":1646615849583,"rawTimestampNanos":0},
        {"fitValue":[{"value":{"fpVal":3841.3541513170253}}],"originDataSourceId":"derived:com.google.calories.expended:com.google.android.gms:merge_calories_expended","endTimeNanos":1666793229707000001,"dataTypeName":"com.google.calories.expended","startTimeNanos":1666620424187000000,"modifiedTimeMillis":1666793263739,"rawTimestampNanos":0},
        {"fitValue":[{"value":{"fpVal":11678.200573617949}}],"originDataSourceId":"derived:com.google.calories.expended:com.google.android.gms:merge_calories_expended","endTimeNanos":1676840368000000000,"dataTypeName":"com.google.calories.expended","startTimeNanos":1676323200000000000,"modifiedTimeMillis":1679090257451,"rawTimestampNanos":0},
        {"fitValue":[{"value":{"fpVal":215.0373999112447}}],"originDataSourceId":"derived:com.google.calories.expended:com.google.android.gms:from_third_party_activities","endTimeNanos":1676842365000000000,"dataTypeName":"com.google.calories.expended","startTimeNanos":1676840368000000000,"modifiedTimeMillis":1679090257451,"rawTimestampNanos":0},
        {"fitValue":[{"value":{"fpVal":1176.540861938898}}],"originDataSourceId":"derived:com.google.calories.expended:com.google.android.gms:merge_calories_expended","endTimeNanos":1676894468000000000,"dataTypeName":"com.google.calories.expended","startTimeNanos":1676842365000000000,"modifiedTimeMillis":1679090257451,"rawTimestampNanos":0},
        {"fitValue":[{"value":{"fpVal":171.53459091567993}}],"originDataSourceId":"derived:com.google.calories.expended:com.google.android.gms:from_third_party_activities","endTimeNanos":1676896061000000000,"dataTypeName":"com.google.calories.expended","startTimeNanos":1676894468000000000,"modifiedTimeMillis":1679090257451,"rawTimestampNanos":0},
        {"fitValue":[{"value":{"fpVal":1923.8609745210492}}],"originDataSourceId":"derived:com.google.calories.expended:com.google.android.gms:merge_calories_expended","endTimeNanos":1676981259000000000,"dataTypeName":"com.google.calories.expended","startTimeNanos":1676896061000000000,"modifiedTimeMillis":1679090257451,"rawTimestampNanos":0},
        {"fitValue":[{"value":{"fpVal":170.78082937367753}}],"originDataSourceId":"derived:com.google.calories.expended:com.google.android.gms:from_third_party_activities","endTimeNanos":1676982845000000000,"dataTypeName":"com.google.calories.expended","startTimeNanos":1676981259000000000,"modifiedTimeMillis":1679090257451,"rawTimestampNanos":0},
        {"fitValue":[{"value":{"fpVal":793.1596602038998}}],"originDataSourceId":"derived:com.google.calories.expended:com.google.android.gms:merge_calories_expended","endTimeNanos":1677017970000000000,"dataTypeName":"com.google.calories.expended","startTimeNanos":1676982845000000000,"modifiedTimeMillis":1679090257451,"rawTimestampNanos":0},
        {"fitValue":[{"value":{"fpVal":121.35560826237996}}],"originDataSourceId":"derived:com.google.calories.expended:com.google.android.gms:from_third_party_activities","endTimeNanos":1677019097000000000,"dataTypeName":"com.google.calories.expended","startTimeNanos":1677017970000000000,"modifiedTimeMillis":1679090257451,"rawTimestampNanos":0},
        {"fitValue":[{"value":{"fpVal":1070.0711737435558}}],"originDataSourceId":"derived:com.google.calories.expended:com.google.android.gms:merge_calories_expended","endTimeNanos":1677066485000000000,"dataTypeName":"com.google.calories.expended","startTimeNanos":1677019097000000000,"modifiedTimeMillis":1679090257451,"rawTimestampNanos":0},
        {"fitValue":[{"value":{"fpVal":182.19493272399902}}],"originDataSourceId":"derived:com.google.calories.expended:com.google.android.gms:from_third_party_activities","endTimeNanos":1677068177000000000,"dataTypeName":"com.google.calories.expended","startTimeNanos":1677066485000000000,"modifiedTimeMillis":1679090257451,"rawTimestampNanos":0},
        {"fitValue":[{"value":{"fpVal":797.1565074595892}}],"originDataSourceId":"derived:com.google.calories.expended:com.google.android.gms:merge_calories_expended","endTimeNanos":1677103479000000000,"dataTypeName":"com.google.calories.expended","startTimeNanos":1677068177000000000,"modifiedTimeMillis":1679090257451,"rawTimestampNanos":0},
        {"fitValue":[{"value":{"fpVal":82.48304873911539}}],"originDataSourceId":"derived:com.google.calories.expended:com.google.android.gms:from_third_party_activities","endTimeNanos":1677104245000000000,"dataTypeName":"com.google.calories.expended","startTimeNanos":1677103479000000000,"modifiedTimeMillis":1679090257451,"rawTimestampNanos":0},
        {"fitValue":[{"value":{"fpVal":1099.0426710828187}}],"originDataSourceId":"derived:com.google.calories.expended:com.google.android.gms:merge_calories_expended","endTimeNanos":1677152916000000000,"dataTypeName":"com.google.calories.expended","startTimeNanos":1677104245000000000,"modifiedTimeMillis":1679090257451,"rawTimestampNanos":0},
        {"fitValue":[{"value":{"fpVal":109.83382469177245}}],"originDataSourceId":"derived:com.google.calories.expended:com.google.android.gms:from_third_party_activities","endTimeNanos":1677153936000000000,"dataTypeName":"com.google.calories.expended","startTimeNanos":1677152916000000000,"modifiedTimeMillis":1679090257451,"rawTimestampNanos":0},
        {"fitValue":[{"value":{"fpVal":152.80673365592958}}],"originDataSourceId":"derived:com.google.calories.expended:com.google.android.gms:from_third_party_activities","endTimeNanos":1677154655000000000,"dataTypeName":"com.google.calories.expended","startTimeNanos":1677153936000000000,"modifiedTimeMillis":1679090257451,"rawTimestampNanos":0},
        {"fitValue":[{"value":{"fpVal":1910.5155692774758}}],"originDataSourceId":"derived:com.google.calories.expended:com.google.android.gms:merge_calories_expended","endTimeNanos":1677239262000000000,"dataTypeName":"com.google.calories.expended","startTimeNanos":1677154655000000000,"modifiedTimeMillis":1679090257451,"rawTimestampNanos":0},
        {"fitValue":[{"value":{"fpVal":143.6454138615926}}],"originDataSourceId":"derived:com.google.calories.expended:com.google.android.gms:from_third_party_activities","endTimeNanos":1677240596000000000,"dataTypeName":"com.google.calories.expended","startTimeNanos":1677239262000000000,"modifiedTimeMillis":1679090257451,"rawTimestampNanos":0},
        {"fitValue":[{"value":{"fpVal":168.92889446221707}}],"originDataSourceId":"derived:com.google.calories.expended:com.google.android.gms:merge_calories_expended","endTimeNanos":1677248077000000000,"dataTypeName":"com.google.calories.expended","startTimeNanos":1677240596000000000,"modifiedTimeMillis":1679090257451,"rawTimestampNanos":0},
        {"fitValue":[{"value":{"fpVal":82.69840917968749}}],"originDataSourceId":"derived:com.google.calories.expended:com.google.android.gms:from_third_party_activities","endTimeNanos":1677248845000000000,"dataTypeName":"com.google.calories.expended","startTimeNanos":1677248077000000000,"modifiedTimeMillis":1679090257451,"rawTimestampNanos":0},
        {"fitValue":[{"value":{"fpVal":666.1186282236253}}],"originDataSourceId":"derived:com.google.calories.expended:com.google.android.gms:merge_calories_expended","endTimeNanos":1677278344000000000,"dataTypeName":"com.google.calories.expended","startTimeNanos":1677248845000000000,"modifiedTimeMillis":1679090257451,"rawTimestampNanos":0},
        {"fitValue":[{"value":{"fpVal":88.19010041427612}}],"originDataSourceId":"derived:com.google.calories.expended:com.google.android.gms:from_third_party_activities","endTimeNanos":1677279163000000000,"dataTypeName":"com.google.calories.expended","startTimeNanos":1677278344000000000,"modifiedTimeMillis":1679090257451,"rawTimestampNanos":0},
        {"fitValue":[{"value":{"fpVal":1823.5784962017462}}],"originDataSourceId":"derived:com.google.calories.expended:com.google.android.gms:merge_calories_expended","endTimeNanos":1677359920000000000,"dataTypeName":"com.google.calories.expended","startTimeNanos":1677279163000000000,"modifiedTimeMillis":1679090257451,"rawTimestampNanos":0},
        {"fitValue":[{"value":{"fpVal":154.41343589019775}}],"originDataSourceId":"derived:com.google.calories.expended:com.google.android.gms:from_third_party_activities","endTimeNanos":1677361354000000000,"dataTypeName":"com.google.calories.expended","startTimeNanos":1677359920000000000,"modifiedTimeMillis":1679090257451,"rawTimestampNanos":0},
        {"fitValue":[{"value":{"fpVal":1750.5287737601911}}],"originDataSourceId":"derived:com.google.calories.expended:com.google.android.gms:merge_calories_expended","endTimeNanos":1677438876000000000,"dataTypeName":"com.google.calories.expended","startTimeNanos":1677361354000000000,"modifiedTimeMillis":1679090257451,"rawTimestampNanos":0},
        {"fitValue":[{"value":{"fpVal":66.22333547592162}}],"originDataSourceId":"derived:com.google.calories.expended:com.google.android.gms:from_third_party_activities","endTimeNanos":1677439491000000000,"dataTypeName":"com.google.calories.expended","startTimeNanos":1677438876000000000,"modifiedTimeMillis":1679090257451,"rawTimestampNanos":0},
        {"fitValue":[{"value":{"fpVal":23.168165448233484}}],"originDataSourceId":"derived:com.google.calories.expended:com.google.android.gms:merge_calories_expended","endTimeNanos":1677440517000000000,"dataTypeName":"com.google.calories.expended","startTimeNanos":1677439491000000000,"modifiedTimeMillis":1679090257451,"rawTimestampNanos":0},
        {"fitValue":[{"value":{"fpVal":143.53773364130654}}],"originDataSourceId":"derived:com.google.calories.expended:com.google.android.gms:from_third_party_activities","endTimeNanos":1677441850000000000,"dataTypeName":"com.google.calories.expended","startTimeNanos":1677440517000000000,"modifiedTimeMillis":1679090257451,"rawTimestampNanos":0},
        {"fitValue":[{"value":{"fpVal":1276.010422172298}}],"originDataSourceId":"derived:com.google.calories.expended:com.google.android.gms:merge_calories_expended","endTimeNanos":1677498358000000000,"dataTypeName":"com.google.calories.expended","startTimeNanos":1677441850000000000,"modifiedTimeMillis":1679090257451,"rawTimestampNanos":0},
        {"fitValue":[{"value":{"fpVal":77.20671794509887}}],"originDataSourceId":"derived:com.google.calories.expended:com.google.android.gms:from_third_party_activities","endTimeNanos":1677499075000000000,"dataTypeName":"com.google.calories.expended","startTimeNanos":1677498358000000000,"modifiedTimeMillis":1679090257451,"rawTimestampNanos":0},
        {"fitValue":[{"value":{"fpVal":1953.1486066714963}}],"originDataSourceId":"derived:com.google.calories.expended:com.google.android.gms:merge_calories_expended","endTimeNanos":1677585570000000000,"dataTypeName":"com.google.calories.expended","startTimeNanos":1677499075000000000,"modifiedTimeMillis":1679090257451,"rawTimestampNanos":0},
        {"fitValue":[{"value":{"fpVal":271.5265840814378}}],"originDataSourceId":"derived:com.google.calories.expended:com.google.android.gms:from_third_party_activities","endTimeNanos":1677588181000000000,"dataTypeName":"com.google.calories.expended","startTimeNanos":1677585570000000000,"modifiedTimeMillis":1679090257451,"rawTimestampNanos":0},
        {"fitValue":[{"value":{"fpVal":617.8011170269963}}],"originDataSourceId":"derived:com.google.calories.expended:com.google.android.gms:merge_calories_expended","endTimeNanos":1677616039000000000,"dataTypeName":"com.google.calories.expended","startTimeNanos":1677588181000000000,"modifiedTimeMillis":1679090257451,"rawTimestampNanos":0},
        {"fitValue":[{"value":{"fpVal":79.1680830078125}}],"originDataSourceId":"derived:com.google.calories.expended:com.google.android.gms:from_third_party_activities","endTimeNanos":1677616807000000000,"dataTypeName":"com.google.calories.expended","startTimeNanos":1677616039000000000,"modifiedTimeMillis":1679090257451,"rawTimestampNanos":0},
        {"fitValue":[{"value":{"fpVal":547.355685063497}}],"originDataSourceId":"derived:com.google.calories.expended:com.google.android.gms:merge_calories_expended","endTimeNanos":1677641600000000000,"dataTypeName":"com.google.calories.expended","startTimeNanos":1677616807000000000,"modifiedTimeMillis":1679090257451,"rawTimestampNanos":0},
        {"fitValue":[{"value":{"fpVal":95.04293298594156}}],"originDataSourceId":"derived:com.google.calories.expended:com.google.android.gms:from_third_party_activities","endTimeNanos":1677642522000000000,"dataTypeName":"com.google.calories.expended","startTimeNanos":1677641600000000000,"modifiedTimeMillis":1679090257451,"rawTimestampNanos":0},
        {"fitValue":[{"value":{"fpVal":611.754367487174}}],"originDataSourceId":"derived:com.google.calories.expended:com.google.android.gms:merge_calories_expended","endTimeNanos":1677670232000000000,"dataTypeName":"com.google.calories.expended","startTimeNanos":1677642522000000000,"modifiedTimeMillis":1679090257451,"rawTimestampNanos":0},
        {"fitValue":[{"value":{"fpVal":179.98368871307372}}],"originDataSourceId":"derived:com.google.calories.expended:com.google.android.gms:from_third_party_activities","endTimeNanos":1677671978000000000,"dataTypeName":"com.google.calories.expended","startTimeNanos":1677670232000000000,"modifiedTimeMillis":1679090257451,"rawTimestampNanos":0},
        {"fitValue":[{"value":{"fpVal":1882.2650890504858}}],"originDataSourceId":"derived:com.google.calories.expended:com.google.android.gms:merge_calories_expended","endTimeNanos":1677757237000000000,"dataTypeName":"com.google.calories.expended","startTimeNanos":1677671978000000000,"modifiedTimeMillis":1679090257451,"rawTimestampNanos":0},
        {"fitValue":[{"value":{"fpVal":178.05139485126074}}],"originDataSourceId":"derived:com.google.calories.expended:com.google.android.gms:from_third_party_activities","endTimeNanos":1677758978000000000,"dataTypeName":"com.google.calories.expended","startTimeNanos":1677757237000000000,"modifiedTimeMillis":1679090257451,"rawTimestampNanos":0},
        {"fitValue":[{"value":{"fpVal":1840.9056890990503}}],"originDataSourceId":"derived:com.google.calories.expended:com.google.android.gms:merge_calories_expended","endTimeNanos":1677842702000000000,"dataTypeName":"com.google.calories.expended","startTimeNanos":1677758978000000000,"modifiedTimeMillis":1679090257451,"rawTimestampNanos":0},
        {"fitValue":[{"value":{"fpVal":171.5405449973212}}],"originDataSourceId":"derived:com.google.calories.expended:com.google.android.gms:from_third_party_activities","endTimeNanos":1677844392000000000,"dataTypeName":"com.google.calories.expended","startTimeNanos":1677842702000000000,"modifiedTimeMillis":1679090257451,"rawTimestampNanos":0},
        {"fitValue":[{"value":{"fpVal":2669.7619320072595}}],"originDataSourceId":"derived:com.google.calories.expended:com.google.android.gms:merge_calories_expended","endTimeNanos":1677966278000000000,"dataTypeName":"com.google.calories.expended","startTimeNanos":1677844392000000000,"modifiedTimeMillis":1679090257451,"rawTimestampNanos":0},
        {"fitValue":[{"value":{"fpVal":88.70171718809338}}],"originDataSourceId":"derived:com.google.calories.expended:com.google.android.gms:from_third_party_activities","endTimeNanos":1677967149000000000,"dataTypeName":"com.google.calories.expended","startTimeNanos":1677966278000000000,"modifiedTimeMillis":1679090257451,"rawTimestampNanos":0},
        {"fitValue":[{"value":{"fpVal":1306.9995606256994}}],"originDataSourceId":"derived:com.google.calories.expended:com.google.android.gms:merge_calories_expended","endTimeNanos":1678026719000000000,"dataTypeName":"com.google.calories.expended","startTimeNanos":1677967149000000000,"modifiedTimeMillis":1679090257451,"rawTimestampNanos":0},
        {"fitValue":[{"value":{"fpVal":187.89284524917602}}],"originDataSourceId":"derived:com.google.calories.expended:com.google.android.gms:from_third_party_activities","endTimeNanos":1678028564000000000,"dataTypeName":"com.google.calories.expended","startTimeNanos":1678026719000000000,"modifiedTimeMillis":1679090257451,"rawTimestampNanos":0},
        {"fitValue":[{"value":{"fpVal":453.09464372135835}}],"originDataSourceId":"derived:com.google.calories.expended:com.google.android.gms:merge_calories_expended","endTimeNanos":1678049215000000000,"dataTypeName":"com.google.calories.expended","startTimeNanos":1678028564000000000,"modifiedTimeMillis":1679090257451,"rawTimestampNanos":0},
        {"fitValue":[{"value":{"fpVal":146.82613653352524}}],"originDataSourceId":"derived:com.google.calories.expended:com.google.android.gms:from_third_party_activities","endTimeNanos":1678050648000000000,"dataTypeName":"com.google.calories.expended","startTimeNanos":1678049215000000000,"modifiedTimeMillis":1679090257451,"rawTimestampNanos":0},
        {"fitValue":[{"value":{"fpVal":3046.9557921538517}}],"originDataSourceId":"derived:com.google.calories.expended:com.google.android.gms:merge_calories_expended","endTimeNanos":1678189091000000000,"dataTypeName":"com.google.calories.expended","startTimeNanos":1678050648000000000,"modifiedTimeMillis":1679090257451,"rawTimestampNanos":0},
        {"fitValue":[{"value":{"fpVal":73.22453154627482}}],"originDataSourceId":"derived:com.google.calories.expended:com.google.android.gms:from_third_party_activities","endTimeNanos":1678189808000000000,"dataTypeName":"com.google.calories.expended","startTimeNanos":1678189091000000000,"modifiedTimeMillis":1679090257451,"rawTimestampNanos":0},
        {"fitValue":[{"value":{"fpVal":601.9468720843892}}],"originDataSourceId":"derived:com.google.calories.expended:com.google.android.gms:merge_calories_expended","endTimeNanos":1678217204000000000,"dataTypeName":"com.google.calories.expended","startTimeNanos":1678189808000000000,"modifiedTimeMillis":1679090257451,"rawTimestampNanos":0},
        {"fitValue":[{"value":{"fpVal":94.16041574011908}}],"originDataSourceId":"derived:com.google.calories.expended:com.google.android.gms:from_third_party_activities","endTimeNanos":1678218126000000000,"dataTypeName":"com.google.calories.expended","startTimeNanos":1678217204000000000,"modifiedTimeMillis":1679090257451,"rawTimestampNanos":0},
        {"fitValue":[{"value":{"fpVal":1243.3336125945148}}],"originDataSourceId":"derived:com.google.calories.expended:com.google.android.gms:merge_calories_expended","endTimeNanos":1678274713000000000,"dataTypeName":"com.google.calories.expended","startTimeNanos":1678218126000000000,"modifiedTimeMillis":1679090257451,"rawTimestampNanos":0},
        {"fitValue":[{"value":{"fpVal":68.0160920639038}}],"originDataSourceId":"derived:com.google.calories.expended:com.google.android.gms:from_third_party_activities","endTimeNanos":1678275379000000000,"dataTypeName":"com.google.calories.expended","startTimeNanos":1678274713000000000,"modifiedTimeMillis":1679090257451,"rawTimestampNanos":0},
        {"fitValue":[{"value":{"fpVal":3815.7578330290316}}],"originDataSourceId":"derived:com.google.calories.expended:com.google.android.gms:merge_calories_expended","endTimeNanos":1678449043000000000,"dataTypeName":"com.google.calories.expended","startTimeNanos":1678275379000000000,"modifiedTimeMillis":1679090257451,"rawTimestampNanos":0},
        {"fitValue":[{"value":{"fpVal":130.35384385850693}}],"originDataSourceId":"derived:com.google.calories.expended:com.google.android.gms:from_third_party_activities","endTimeNanos":1678450323000000000,"dataTypeName":"com.google.calories.expended","startTimeNanos":1678449043000000000,"modifiedTimeMillis":1679090257451,"rawTimestampNanos":0},
        {"fitValue":[{"value":{"fpVal":3946.625263827926}}],"originDataSourceId":"derived:com.google.calories.expended:com.google.android.gms:merge_calories_expended","endTimeNanos":1678630201000000000,"dataTypeName":"com.google.calories.expended","startTimeNanos":1678450323000000000,"modifiedTimeMillis":1679090257451,"rawTimestampNanos":0},
        {"fitValue":[{"value":{"fpVal":187.6891673681471}}],"originDataSourceId":"derived:com.google.calories.expended:com.google.android.gms:from_third_party_activities","endTimeNanos":1678632044000000000,"dataTypeName":"com.google.calories.expended","startTimeNanos":1678630201000000000,"modifiedTimeMillis":1679090257451,"rawTimestampNanos":0},
        {"fitValue":[{"value":{"fpVal":1581.8270995949374}}],"originDataSourceId":"derived:com.google.calories.expended:com.google.android.gms:merge_calories_expended","endTimeNanos":1678704140000000000,"dataTypeName":"com.google.calories.expended","startTimeNanos":1678632044000000000,"modifiedTimeMillis":1679090257451,"rawTimestampNanos":0},
        {"fitValue":[{"value":{"fpVal":156.52645157072277}}],"originDataSourceId":"derived:com.google.calories.expended:com.google.android.gms:from_third_party_activities","endTimeNanos":1678705677000000000,"dataTypeName":"com.google.calories.expended","startTimeNanos":1678704140000000000,"modifiedTimeMillis":1679090257451,"rawTimestampNanos":0},
        {"fitValue":[{"value":{"fpVal":867.8152362166911}}],"originDataSourceId":"derived:com.google.calories.expended:com.google.android.gms:merge_calories_expended","endTimeNanos":1678745230000000000,"dataTypeName":"com.google.calories.expended","startTimeNanos":1678705677000000000,"modifiedTimeMillis":1679090257451,"rawTimestampNanos":0},
        {"fitValue":[{"value":{"fpVal":88.59987824757894}}],"originDataSourceId":"derived:com.google.calories.expended:com.google.android.gms:from_third_party_activities","endTimeNanos":1678746100000000000,"dataTypeName":"com.google.calories.expended","startTimeNanos":1678745230000000000,"modifiedTimeMillis":1679090257451,"rawTimestampNanos":0},
        {"fitValue":[{"value":{"fpVal":974.7754990679633}}],"originDataSourceId":"derived:com.google.calories.expended:com.google.android.gms:merge_calories_expended","endTimeNanos":1678790528000000000,"dataTypeName":"com.google.calories.expended","startTimeNanos":1678746100000000000,"modifiedTimeMillis":1679090257451,"rawTimestampNanos":0},
        {"fitValue":[{"value":{"fpVal":177.40343437618677}}],"originDataSourceId":"derived:com.google.calories.expended:com.google.android.gms:from_third_party_activities","endTimeNanos":1678792270000000000,"dataTypeName":"com.google.calories.expended","startTimeNanos":1678790528000000000,"modifiedTimeMillis":1679090257451,"rawTimestampNanos":0},
        {"fitValue":[{"value":{"fpVal":1873.92186458755}}],"originDataSourceId":"derived:com.google.calories.expended:com.google.android.gms:merge_calories_expended","endTimeNanos":1678877679000000000,"dataTypeName":"com.google.calories.expended","startTimeNanos":1678792270000000000,"modifiedTimeMillis":1679090257451,"rawTimestampNanos":0},
        {"fitValue":[{"value":{"fpVal":130.9648775015937}}],"originDataSourceId":"derived:com.google.calories.expended:com.google.android.gms:from_third_party_activities","endTimeNanos":1678878965000000000,"dataTypeName":"com.google.calories.expended","startTimeNanos":1678877679000000000,"modifiedTimeMillis":1679090257451,"rawTimestampNanos":0},
        {"fitValue":[{"value":{"fpVal":1862.951581218189}}],"originDataSourceId":"derived:com.google.calories.expended:com.google.android.gms:merge_calories_expended","endTimeNanos":1678963874000000000,"dataTypeName":"com.google.calories.expended","startTimeNanos":1678878965000000000,"modifiedTimeMillis":1679090257451,"rawTimestampNanos":0},
        {"fitValue":[{"value":{"fpVal":78.21230631510416}}],"originDataSourceId":"derived:com.google.calories.expended:com.google.android.gms:from_third_party_activities","endTimeNanos":1678964642000000000,"dataTypeName":"com.google.calories.expended","startTimeNanos":1678963874000000000,"modifiedTimeMillis":1679090257451,"rawTimestampNanos":0},
        {"fitValue":[{"value":{"fpVal":1875.2602391586122}}],"originDataSourceId":"derived:com.google.calories.expended:com.google.android.gms:merge_calories_expended","endTimeNanos":1679050112000000000,"dataTypeName":"com.google.calories.expended","startTimeNanos":1678964642000000000,"modifiedTimeMillis":1679090257451,"rawTimestampNanos":0},
        {"fitValue":[{"value":{"fpVal":146.34255751927694}}],"originDataSourceId":"derived:com.google.calories.expended:com.google.android.gms:from_third_party_activities","endTimeNanos":1679051549000000000,"dataTypeName":"com.google.calories.expended","startTimeNanos":1679050112000000000,"modifiedTimeMillis":1679090257451,"rawTimestampNanos":0},
        {"fitValue":[{"value":{"fpVal":321.45124328902335}}],"originDataSourceId":"derived:com.google.calories.expended:com.google.android.gms:merge_calories_expended","endTimeNanos":1679066200000000000,"dataTypeName":"com.google.calories.expended","startTimeNanos":1679051549000000000,"modifiedTimeMillis":1679090257451,"rawTimestampNanos":0},
        {"fitValue":[{"value":{"fpVal":366.6201858520508}}],"originDataSourceId":"derived:com.google.calories.expended:com.google.android.gms:from_third_party_activities","endTimeNanos":1679069800000000000,"dataTypeName":"com.google.calories.expended","startTimeNanos":1679066200000000000,"modifiedTimeMillis":1679090257451,"rawTimestampNanos":0},
        {"fitValue":[{"value":{"fpVal":29.736970630221897}}],"originDataSourceId":"derived:com.google.calories.expended:com.google.android.gms:from_third_party_activities","endTimeNanos":1679070092000000000,"dataTypeName":"com.google.calories.expended","startTimeNanos":1679069800000000000,"modifiedTimeMillis":1679090257451,"rawTimestampNanos":0},
        {"fitValue":[{"value":{"fpVal":2188.5495916208306}}],"originDataSourceId":"derived:com.google.calories.expended:com.google.android.gms:merge_calories_expended","endTimeNanos":1679169841000000000,"dataTypeName":"com.google.calories.expended","startTimeNanos":1679070092000000000,"modifiedTimeMillis":1679174064817,"rawTimestampNanos":0},
        {"fitValue":[{"value":{"fpVal":120.68911705017089}}],"originDataSourceId":"derived:com.google.calories.expended:com.google.android.gms:from_third_party_activities","endTimeNanos":1679171020000000000,"dataTypeName":"com.google.calories.expended","startTimeNanos":1679169841000000000,"modifiedTimeMillis":1679174064817,"rawTimestampNanos":0},
        {"fitValue":[{"value":{"fpVal":50.59611729511853}}],"originDataSourceId":"derived:com.google.calories.expended:com.google.android.gms:merge_calories_expended","endTimeNanos":1679173319999000000,"dataTypeName":"com.google.calories.expended","startTimeNanos":1679171020000000000,"modifiedTimeMillis":1679174064817,"rawTimestampNanos":0}
    ]
}