{
    "Data Source": "derived:com.google.active_minutes:com.google.android.fit:Google:Pixel 5a:0337e926fd1e924c:top_level",
    "Data Points": [
        {"fitValue":[{"value":{"intVal":1}}],"originDataSourceId":"derived:com.google.step_count.delta:com.google.android.gms:estimated_steps","endTimeNanos":1646432580000000000,"dataTypeName":"com.google.active_minutes","startTimeNanos":1646432520000000000,"modifiedTimeMillis":1646436999125,"rawTimestampNanos":0},
        {"fitValue":[{"value":{"intVal":1}}],"originDataSourceId":"derived:com.google.step_count.delta:com.google.android.gms:estimated_steps","endTimeNanos":1646432640000000000,"dataTypeName":"com.google.active_minutes","startTimeNanos":1646432580000000000,"modifiedTimeMillis":1646436999125,"rawTimestampNanos":0},
        {"fitValue":[{"value":{"intVal":1}}],"originDataSourceId":"derived:com.google.step_count.delta:com.google.android.gms:estimated_steps","endTimeNanos":1646434800000000000,"dataTypeName":"com.google.active_minutes","startTimeNanos":1646434740000000000,"modifiedTimeMillis":1646436999125,"rawTimestampNanos":0},
        {"fitValue":[{"value":{"intVal":1}}],"originDataSourceId":"derived:com.google.step_count.delta:com.google.android.gms:estimated_steps","endTimeNanos":1646434860000000000,"dataTypeName":"com.google.active_minutes","startTimeNanos":1646434800000000000,"modifiedTimeMillis":1646436999125,"rawTimestampNanos":0},
        {"fitValue":[{"value":{"intVal":1}}],"originDataSourceId":"derived:com.google.step_count.delta:com.google.android.gms:estimated_steps","endTimeNanos":1646434920000000000,"dataTypeName":"com.google.active_minutes","startTimeNanos":1646434860000000000,"modifiedTimeMillis":1646436999125,"rawTimestampNanos":0},
        {"fitValue":[{"value":{"intVal":1}}],"originDataSourceId":"derived:com.google.step_count.delta:com.google.android.gms:estimated_steps","endTimeNanos":1646435040000000000,"dataTypeName":"com.google.active_minutes","startTimeNanos":1646434980000000000,"modifiedTimeMillis":1646436999125,"rawTimestampNanos":0},
        {"fitValue":[{"value":{"intVal":1}}],"originDataSourceId":"derived:com.google.step_count.delta:com.google.android.gms:estimated_steps","endTimeNanos":1646435100000000000,"dataTypeName":"com.google.active_minutes","startTimeNanos":1646435040000000000,"modifiedTimeMillis":1646436999125,"rawTimestampNanos":0},
        {"fitValue":[{"value":{"intVal":1}}],"originDataSourceId":"derived:com.google.step_count.delta:com.google.android.gms:estimated_steps","endTimeNanos":1646436660000000000,"dataTypeName":"com.google.active_minutes","startTimeNanos":1646436600000000000,"modifiedTimeMillis":1646436999125,"rawTimestampNanos":0},
        {"fitValue":[{"value":{"intVal":1}}],"originDataSourceId":"derived:com.google.step_count.delta:com.google.android.gms:estimated_steps","endTimeNanos":1646439720000000000,"dataTypeName":"com.google.active_minutes","startTimeNanos":1646439660000000000,"modifiedTimeMillis":1646440002942,"rawTimestampNanos":0},
        {"fitValue":[{"value":{"intVal":1}}],"originDataSourceId":"derived:com.google.step_count.delta:com.google.android.gms:estimated_steps","endTimeNanos":1646444340000000000,"dataTypeName":"com.google.active_minutes","startTimeNanos":1646444280000000000,"modifiedTimeMillis":1646444362834,"rawTimestampNanos":0},
        {"fitValue":[{"value":{"intVal":1}}],"originDataSourceId":"derived:com.google.step_count.delta:com.google.android.gms:estimated_steps","endTimeNanos":1646444400000000000,"dataTypeName":"com.google.active_minutes","startTimeNanos":1646444340000000000,"modifiedTimeMillis":1646447294453,"rawTimestampNanos":0},
        {"fitValue":[{"value":{"intVal":1}}],"originDataSourceId":"derived:com.google.step_count.delta:com.google.android.gms:estimated_steps","endTimeNanos":1646459400000000000,"dataTypeName":"com.google.active_minutes","startTimeNanos":1646459340000000000,"modifiedTimeMillis":1646460936621,"rawTimestampNanos":0},
        {"fitValue":[{"value":{"intVal":1}}],"originDataSourceId":"derived:com.google.step_count.delta:com.google.android.gms:estimated_steps","endTimeNanos":1646483880000000000,"dataTypeName":"com.google.active_minutes","startTimeNanos":1646483820000000000,"modifiedTimeMillis":1646486416622,"rawTimestampNanos":0},
        {"fitValue":[{"value":{"intVal":1}}],"originDataSourceId":"derived:com.google.step_count.delta:com.google.android.gms:estimated_steps","endTimeNanos":1646498160000000000,"dataTypeName":"com.google.active_minutes","startTimeNanos":1646498100000000000,"modifiedTimeMillis":1646501276848,"rawTimestampNanos":0},
        {"fitValue":[{"value":{"intVal":1}}],"originDataSourceId":"derived:com.google.step_count.delta:com.google.android.gms:estimated_steps","endTimeNanos":1646498400000000000,"dataTypeName":"com.google.active_minutes","startTimeNanos":1646498340000000000,"modifiedTimeMillis":1646501276848,"rawTimestampNanos":0},
        {"fitValue":[{"value":{"intVal":1}}],"originDataSourceId":"derived:com.google.step_count.delta:com.google.android.gms:estimated_steps","endTimeNanos":1646499540000000000,"dataTypeName":"com.google.active_minutes","startTimeNanos":1646499480000000000,"modifiedTimeMillis":1646501276848,"rawTimestampNanos":0},
        {"fitValue":[{"value":{"intVal":1}}],"originDataSourceId":"derived:com.google.step_count.delta:com.google.android.gms:estimated_steps","endTimeNanos":1646507340000000000,"dataTypeName":"com.google.active_minutes","startTimeNanos":1646507280000000000,"modifiedTimeMillis":1646509638963,"rawTimestampNanos":0},
        {"fitValue":[{"value":{"intVal":1}}],"originDataSourceId":"derived:com.google.step_count.delta:com.google.android.gms:estimated_steps","endTimeNanos":1646511360000000000,"dataTypeName":"com.google.active_minutes","startTimeNanos":1646511300000000000,"modifiedTimeMillis":1646512104429,"rawTimestampNanos":0},
        {"fitValue":[{"value":{"intVal":1}}],"originDataSourceId":"derived:com.google.step_count.delta:com.google.android.gms:estimated_steps","endTimeNanos":1646513100000000000,"dataTypeName":"com.google.active_minutes","startTimeNanos":1646513040000000000,"modifiedTimeMillis":1646516097373,"rawTimestampNanos":0},
        {"fitValue":[{"value":{"intVal":1}}],"originDataSourceId":"derived:com.google.step_count.delta:com.google.android.gms:estimated_steps","endTimeNanos":1646513160000000000,"dataTypeName":"com.google.active_minutes","startTimeNanos":1646513100000000000,"modifiedTimeMillis":1646516097373,"rawTimestampNanos":0},
        {"fitValue":[{"value":{"intVal":1}}],"originDataSourceId":"derived:com.google.step_count.delta:com.google.android.gms:estimated_steps","endTimeNanos":1646515860000000000,"dataTypeName":"com.google.active_minutes","startTimeNanos":1646515800000000000,"modifiedTimeMillis":1646516097373,"rawTimestampNanos":0},
        {"fitValue":[{"value":{"intVal":1}}],"originDataSourceId":"derived:com.google.step_count.delta:com.google.android.gms:estimated_steps","endTimeNanos":1646517000000000000,"dataTypeName":"com.google.active_minutes","startTimeNanos":1646516940000000000,"modifiedTimeMillis":1646520480143,"rawTimestampNanos":0},
        {"fitValue":[{"value":{"intVal":1}}],"originDataSourceId":"derived:com.google.step_count.delta:com.google.android.gms:estimated_steps","endTimeNanos":1646517060000000000,"dataTypeName":"com.google.active_minutes","startTimeNanos":1646517000000000000,"modifiedTimeMillis":1646520480143,"rawTimestampNanos":0},
        {"fitValue":[{"value":{"intVal":1}}],"originDataSourceId":"derived:com.google.step_count.delta:com.google.android.gms:estimated_steps","endTimeNanos":1646521140000000000,"dataTypeName":"com.google.active_minutes","startTimeNanos":1646521080000000000,"modifiedTimeMillis":1646528811407,"rawTimestampNanos":0},
        {"fitValue":[{"value":{"intVal":1}}],"originDataSourceId":"derived:com.google.step_count.delta:com.google.android.gms:estimated_steps","endTimeNanos":1646521200000000000,"dataTypeName":"com.google.active_minutes","startTimeNanos":1646521140000000000,"modifiedTimeMillis":1646528811407,"rawTimestampNanos":0},
        {"fitValue":[{"value":{"intVal":1}}],"originDataSourceId":"derived:com.google.step_count.delta:com.google.android.gms:estimated_steps","endTimeNanos":1646521260000000000,"dataTypeName":"com.google.active_minutes","startTimeNanos":1646521200000000000,"modifiedTimeMillis":1646528811407,"rawTimestampNanos":0},
        {"fitValue":[{"value":{"intVal":1}}],"originDataSourceId":"derived:com.google.step_count.delta:com.google.android.gms:estimated_steps","endTimeNanos":1646522340000000000,"dataTypeName":"com.google.active_minutes","startTimeNanos":1646522280000000000,"modifiedTimeMillis":1646528811407,"rawTimestampNanos":0},
        {"fitValue":[{"value":{"intVal":1}}],"originDataSourceId":"derived:com.google.step_count.delta:com.google.android.gms:estimated_steps","endTimeNanos":1646522400000000000,"dataTypeName":"com.google.active_minutes","startTimeNanos":1646522340000000000,"modifiedTimeMillis":1646528811407,"rawTimestampNanos":0},
        {"fitValue":[{"value":{"intVal":1}}],"originDataSourceId":"derived:com.google.step_count.delta:com.google.android.gms:estimated_steps","endTimeNanos":1646528880000000000,"dataTypeName":"com.google.active_minutes","startTimeNanos":1646528820000000000,"modifiedTimeMillis":1646532426384,"rawTimestampNanos":0},
        {"fitValue":[{"value":{"intVal":1}}],"originDataSourceId":"derived:com.google.step_count.delta:com.google.android.gms:estimated_steps","endTimeNanos":1646539140000000000,"dataTypeName":"com.google.active_minutes","startTimeNanos":1646539080000000000,"modifiedTimeMillis":1646540276122,"rawTimestampNanos":0},
        {"fitValue":[{"value":{"intVal":1}}],"originDataSourceId":"derived:com.google.step_count.delta:com.google.android.gms:estimated_steps","endTimeNanos":1646539200000000000,"dataTypeName":"com.google.active_minutes","startTimeNanos":1646539140000000000,"modifiedTimeMillis":1646540276122,"rawTimestampNanos":0},
        {"fitValue":[{"value":{"intVal":1}}],"originDataSourceId":"derived:com.google.step_count.delta:com.google.android.gms:estimated_steps","endTimeNanos":1646568900000000000,"dataTypeName":"com.google.active_minutes","startTimeNanos":1646568840000000000,"modifiedTimeMillis":1646569895265,"rawTimestampNanos":0},
        {"fitValue":[{"value":{"intVal":1}}],"originDataSourceId":"derived:com.google.step_count.delta:com.google.android.gms:estimated_steps","endTimeNanos":1646578500000000000,"dataTypeName":"com.google.active_minutes","startTimeNanos":1646578440000000000,"modifiedTimeMillis":1646581175612,"rawTimestampNanos":0},
        {"fitValue":[{"value":{"intVal":1}}],"originDataSourceId":"derived:com.google.step_count.delta:com.google.android.gms:estimated_steps","endTimeNanos":1646578560000000000,"dataTypeName":"com.google.active_minutes","startTimeNanos":1646578500000000000,"modifiedTimeMillis":1646581175612,"rawTimestampNanos":0},
        {"fitValue":[{"value":{"intVal":1}}],"originDataSourceId":"derived:com.google.step_count.delta:com.google.android.gms:estimated_steps","endTimeNanos":1646578740000000000,"dataTypeName":"com.google.active_minutes","startTimeNanos":1646578680000000000,"modifiedTimeMillis":1646581175612,"rawTimestampNanos":0},
        {"fitValue":[{"value":{"intVal":1}}],"originDataSourceId":"derived:com.google.step_count.delta:com.google.android.gms:estimated_steps","endTimeNanos":1646580480000000000,"dataTypeName":"com.google.active_minutes","startTimeNanos":1646580420000000000,"modifiedTimeMillis":1646581175612,"rawTimestampNanos":0},
        {"fitValue":[{"value":{"intVal":1}}],"originDataSourceId":"derived:com.google.step_count.delta:com.google.android.gms:estimated_steps","endTimeNanos":1646583540000000000,"dataTypeName":"com.google.active_minutes","startTimeNanos":1646583480000000000,"modifiedTimeMillis":1646589659334,"rawTimestampNanos":0},
        {"fitValue":[{"value":{"intVal":1}}],"originDataSourceId":"derived:com.google.step_count.delta:com.google.android.gms:estimated_steps","endTimeNanos":1646585880000000000,"dataTypeName":"com.google.active_minutes","startTimeNanos":1646585820000000000,"modifiedTimeMillis":1646589659334,"rawTimestampNanos":0},
        {"fitValue":[{"value":{"intVal":1}}],"originDataSourceId":"derived:com.google.step_count.delta:com.google.android.gms:estimated_steps","endTimeNanos":1646585940000000000,"dataTypeName":"com.google.active_minutes","startTimeNanos":1646585880000000000,"modifiedTimeMillis":1646589659334,"rawTimestampNanos":0},
        {"fitValue":[{"value":{"intVal":1}}],"originDataSourceId":"derived:com.google.step_count.delta:com.google.android.gms:estimated_steps","endTimeNanos":1646586000000000000,"dataTypeName":"com.google.active_minutes","startTimeNanos":1646585940000000000,"modifiedTimeMillis":1646589659334,"rawTimestampNanos":0},
        {"fitValue":[{"value":{"intVal":1}}],"originDataSourceId":"derived:com.google.step_count.delta:com.google.android.gms:estimated_steps","endTimeNanos":1646586060000000000,"dataTypeName":"com.google.active_minutes","startTimeNanos":1646586000000000000,"modifiedTimeMillis":1646589659334,"rawTimestampNanos":0},
        {"fitValue":[{"value":{"intVal":1}}],"originDataSourceId":"derived:com.google.step_count.delta:com.google.android.gms:estimated_steps","endTimeNanos":1646590200000000000,"dataTypeName":"com.google.active_minutes","startTimeNanos":1646590140000000000,"modifiedTimeMillis":1646594377250,"rawTimestampNanos":0},
        {"fitValue":[{"value":{"intVal":1}}],"originDataSourceId":"derived:com.google.step_count.delta:com.google.android.gms:estimated_steps","endTimeNanos":1646595360000000000,"dataTypeName":"com.google.active_minutes","startTimeNanos":1646595300000000000,"modifiedTimeMillis":1646598251653,"rawTimestampNanos":0},
        {"fitValue":[{"value":{"intVal":1}}],"originDataSourceId":"derived:com.google.step_count.delta:com.google.android.gms:estimated_steps","endTimeNanos":1646598180000000000,"dataTypeName":"com.google.active_minutes","startTimeNanos":1646598120000000000,"modifiedTimeMillis":1646600834130,"rawTimestampNanos":0},
        {"fitValue":[{"value":{"intVal":1}}],"originDataSourceId":"derived:com.google.step_count.delta:com.google.android.gms:estimated_steps","endTimeNanos":1646598240000000000,"dataTypeName":"com.google.active_minutes","startTimeNanos":1646598180000000000,"modifiedTimeMillis":1646600834130,"rawTimestampNanos":0},
        {"fitValue":[{"value":{"intVal":1}}],"originDataSourceId":"derived:com.google.step_count.delta:com.google.android.gms:estimated_steps","endTimeNanos":1646598660000000000,"dataTypeName":"com.google.active_minutes","startTimeNanos":1646598600000000000,"modifiedTimeMillis":1646600834130,"rawTimestampNanos":0},
        {"fitValue":[{"value":{"intVal":1}}],"originDataSourceId":"derived:com.google.step_count.delta:com.google.android.gms:estimated_steps","endTimeNanos":1646599560000000000,"dataTypeName":"com.google.active_minutes","startTimeNanos":1646599500000000000,"modifiedTimeMillis":1646600834130,"rawTimestampNanos":0},
        {"fitValue":[{"value":{"intVal":1}}],"originDataSourceId":"derived:com.google.step_count.delta:com.google.android.gms:estimated_steps","endTimeNanos":1646599620000000000,"dataTypeName":"com.google.active_minutes","startTimeNanos":1646599560000000000,"modifiedTimeMillis":1646600834130,"rawTimestampNanos":0},
        {"fitValue":[{"value":{"intVal":1}}],"originDataSourceId":"derived:com.google.step_count.delta:com.google.android.gms:estimated_steps","endTimeNanos":1646599680000000000,"dataTypeName":"com.google.active_minutes","startTimeNanos":1646599620000000000,"modifiedTimeMillis":1646600834130,"rawTimestampNanos":0},
        {"fitValue":[{"value":{"intVal":1}}],"originDataSourceId":"derived:com.google.step_count.delta:com.google.android.gms:estimated_steps","endTimeNanos":1646599800000000000,"dataTypeName":"com.google.active_minutes","startTimeNanos":1646599740000000000,"modifiedTimeMillis":1646600834130,"rawTimestampNanos":0},
        {"fitValue":[{"value":{"intVal":1}}],"originDataSourceId":"derived:com.google.step_count.delta:com.google.android.gms:estimated_steps","endTimeNanos":1646599860000000000,"dataTypeName":"com.google.active_minutes","startTimeNanos":1646599800000000000,"modifiedTimeMillis":1646600834130,"rawTimestampNanos":0},
        {"fitValue":[{"value":{"intVal":1}}],"originDataSourceId":"derived:com.google.step_count.delta:com.google.android.gms:estimated_steps","endTimeNanos":1646601480000000000,"dataTypeName":"com.google.active_minutes","startTimeNanos":1646601420000000000,"modifiedTimeMillis":1646604584318,"rawTimestampNanos":0},
        {"fitValue":[{"value":{"intVal":1}}],"originDataSourceId":"derived:com.google.step_count.delta:com.google.android.gms:estimated_steps","endTimeNanos":1646601540000000000,"dataTypeName":"com.google.active_minutes","startTimeNanos":1646601480000000000,"modifiedTimeMillis":1646604584318,"rawTimestampNanos":0},
        {"fitValue":[{"value":{"intVal":1}}],"originDataSourceId":"derived:com.google.step_count.delta:com.google.android.gms:estimated_steps","endTimeNanos":1646601600000000000,"dataTypeName":"com.google.active_minutes","startTimeNanos":1646601540000000000,"modifiedTimeMillis":1646604584318,"rawTimestampNanos":0},
        {"fitValue":[{"value":{"intVal":1}}],"originDataSourceId":"derived:com.google.step_count.delta:com.google.android.gms:estimated_steps","endTimeNanos":1646602140000000000,"dataTypeName":"com.google.active_minutes","startTimeNanos":1646602080000000000,"modifiedTimeMillis":1646604584318,"rawTimestampNanos":0},
        {"fitValue":[{"value":{"intVal":1}}],"originDataSourceId":"derived:com.google.step_count.delta:com.google.android.gms:estimated_steps","endTimeNanos":1646602200000000000,"dataTypeName":"com.google.active_minutes","startTimeNanos":1646602140000000000,"modifiedTimeMillis":1646604584318,"rawTimestampNanos":0},
        {"fitValue":[{"value":{"intVal":1}}],"originDataSourceId":"derived:com.google.step_count.delta:com.google.android.gms:estimated_steps","endTimeNanos":1646602260000000000,"dataTypeName":"com.google.active_minutes","startTimeNanos":1646602200000000000,"modifiedTimeMillis":1646604584318,"rawTimestampNanos":0},
        {"fitValue":[{"value":{"intVal":1}}],"originDataSourceId":"derived:com.google.step_count.delta:com.google.android.gms:estimated_steps","endTimeNanos":1646602500000000000,"dataTypeName":"com.google.active_minutes","startTimeNanos":1646602440000000000,"modifiedTimeMillis":1646604584318,"rawTimestampNanos":0},
        {"fitValue":[{"value":{"intVal":1}}],"originDataSourceId":"derived:com.google.step_count.delta:com.google.android.gms:estimated_steps","endTimeNanos":1646603160000000000,"dataTypeName":"com.google.active_minutes","startTimeNanos":1646603100000000000,"modifiedTimeMillis":1646604584318,"rawTimestampNanos":0},
        {"fitValue":[{"value":{"intVal":1}}],"originDataSourceId":"derived:com.google.step_count.delta:com.google.android.gms:estimated_steps","endTimeNanos":1646603220000000000,"dataTypeName":"com.google.active_minutes","startTimeNanos":1646603160000000000,"modifiedTimeMillis":1646604584318,"rawTimestampNanos":0},
        {"fitValue":[{"value":{"intVal":1}}],"originDataSourceId":"derived:com.google.step_count.delta:com.google.android.gms:estimated_steps","endTimeNanos":1646603280000000000,"dataTypeName":"com.google.active_minutes","startTimeNanos":1646603220000000000,"modifiedTimeMillis":1646604584318,"rawTimestampNanos":0},
        {"fitValue":[{"value":{"intVal":1}}],"originDataSourceId":"derived:com.google.step_count.delta:com.google.android.gms:estimated_steps","endTimeNanos":1646603340000000000,"dataTypeName":"com.google.active_minutes","startTimeNanos":1646603280000000000,"modifiedTimeMillis":1646604584318,"rawTimestampNanos":0},
        {"fitValue":[{"value":{"intVal":1}}],"originDataSourceId":"derived:com.google.step_count.delta:com.google.android.gms:estimated_steps","endTimeNanos":1646604660000000000,"dataTypeName":"com.google.active_minutes","startTimeNanos":1646604600000000000,"modifiedTimeMillis":1646609063521,"rawTimestampNanos":0},
        {"fitValue":[{"value":{"intVal":1}}],"originDataSourceId":"derived:com.google.step_count.delta:com.google.android.gms:estimated_steps","endTimeNanos":1646605920000000000,"dataTypeName":"com.google.active_minutes","startTimeNanos":1646605860000000000,"modifiedTimeMillis":1646609063521,"rawTimestampNanos":0},
        {"fitValue":[{"value":{"intVal":1}}],"originDataSourceId":"derived:com.google.step_count.delta:com.google.android.gms:estimated_steps","endTimeNanos":1646609040000000000,"dataTypeName":"com.google.active_minutes","startTimeNanos":1646608980000000000,"modifiedTimeMillis":1646609063521,"rawTimestampNanos":0},
        {"fitValue":[{"value":{"intVal":1}}],"originDataSourceId":"derived:com.google.step_count.delta:com.google.android.gms:estimated_steps","endTimeNanos":1646610000000000000,"dataTypeName":"com.google.active_minutes","startTimeNanos":1646609940000000000,"modifiedTimeMillis":1646612219720,"rawTimestampNanos":0},
        {"fitValue":[{"value":{"intVal":1}}],"originDataSourceId":"derived:com.google.step_count.delta:com.google.android.gms:estimated_steps","endTimeNanos":1646610660000000000,"dataTypeName":"com.google.active_minutes","startTimeNanos":1646610600000000000,"modifiedTimeMillis":1646612219720,"rawTimestampNanos":0}
    ]
}