{
    "Data Source": "derived:com.google.activity.segment:com.google.android.fit:Google:Pixel 5a:0337e926fd1e924c:top_level",
    "Data Points": [
        {"fitValue":[{"value":{"intVal":7}}],"originDataSourceId":"derived:com.google.activity.samples:com.google.android.gms:Google:Pixel 5a:0337e926fd1e924c:detailed","endTimeNanos":1646432661306000000,"dataTypeName":"com.google.activity.segment","startTimeNanos":1646432589465000000,"modifiedTimeMillis":1646436999184,"rawTimestampNanos":0},
        {"fitValue":[{"value":{"intVal":7}}],"originDataSourceId":"derived:com.google.activity.samples:com.google.android.gms:Google:Pixel 5a:0337e926fd1e924c:detailed","endTimeNanos":1646433106739000000,"dataTypeName":"com.google.activity.segment","startTimeNanos":1646432978246000000,"modifiedTimeMillis":1646436999184,"rawTimestampNanos":0},
        {"fitValue":[{"value":{"intVal":7}}],"originDataSourceId":"raw:com.google.step_count.cumulative:Google:Pixel 5a:0337e926fd1e924c:Step Counter","endTimeNanos":1646433117227739138,"dataTypeName":"com.google.activity.segment","startTimeNanos":1646433106739000000,"modifiedTimeMillis":1646436999184,"rawTimestampNanos":0},
        {"fitValue":[{"value":{"intVal":7}}],"originDataSourceId":"derived:com.google.activity.samples:com.google.android.gms:Google:Pixel 5a:0337e926fd1e924c:detailed","endTimeNanos":1646435565211000000,"dataTypeName":"com.google.activity.segment","startTimeNanos":1646434882154000000,"modifiedTimeMillis":1646436999184,"rawTimestampNanos":0},
        {"fitValue":[{"value":{"intVal":7}}],"originDataSourceId":"derived:com.google.activity.samples:com.google.android.gms:Google:Pixel 5a:0337e926fd1e924c:detailed","endTimeNanos":1646437746553000000,"dataTypeName":"com.google.activity.segment","startTimeNanos":1646437678969000000,"modifiedTimeMillis":1646440002901,"rawTimestampNanos":0},
        {"fitValue":[{"value":{"intVal":7}}],"originDataSourceId":"derived:com.google.activity.samples:com.google.android.gms:Google:Pixel 5a:0337e926fd1e924c:detailed","endTimeNanos":1646439926474000000,"dataTypeName":"com.google.activity.segment","startTimeNanos":1646439514939000000,"modifiedTimeMillis":1646440002901,"rawTimestampNanos":0},
        {"fitValue":[{"value":{"intVal":7}}],"originDataSourceId":"derived:com.google.activity.samples:com.google.android.gms:Google:Pixel 5a:0337e926fd1e924c:detailed","endTimeNanos":1646444708315000000,"dataTypeName":"com.google.activity.segment","startTimeNanos":1646444290360000000,"modifiedTimeMillis":1646447294459,"rawTimestampNanos":0},
        {"fitValue":[{"value":{"intVal":7}}],"originDataSourceId":"derived:com.google.activity.samples:com.google.android.gms:Google:Pixel 5a:0337e926fd1e924c:detailed","endTimeNanos":1646459617426000000,"dataTypeName":"com.google.activity.segment","startTimeNanos":1646459380006000000,"modifiedTimeMillis":1646460936650,"rawTimestampNanos":0},
        {"fitValue":[{"value":{"intVal":7}}],"originDataSourceId":"derived:com.google.activity.samples:com.google.android.gms:Google:Pixel 5a:0337e926fd1e924c:detailed","endTimeNanos":1646483630642000000,"dataTypeName":"com.google.activity.segment","startTimeNanos":1646483559679000000,"modifiedTimeMillis":1646486416622,"rawTimestampNanos":0},
        {"fitValue":[{"value":{"intVal":7}}],"originDataSourceId":"derived:com.google.activity.samples:com.google.android.gms:Google:Pixel 5a:0337e926fd1e924c:detailed","endTimeNanos":1646483945351000000,"dataTypeName":"com.google.activity.segment","startTimeNanos":1646483884448000000,"modifiedTimeMillis":1646486416622,"rawTimestampNanos":0},
        {"fitValue":[{"value":{"intVal":7}}],"originDataSourceId":"derived:com.google.activity.samples:com.google.android.gms:Google:Pixel 5a:0337e926fd1e924c:detailed","endTimeNanos":1646498476621000000,"dataTypeName":"com.google.activity.segment","startTimeNanos":1646498151892000000,"modifiedTimeMillis":1646501276848,"rawTimestampNanos":0},
        {"fitValue":[{"value":{"intVal":7}}],"originDataSourceId":"derived:com.google.activity.samples:com.google.android.gms:Google:Pixel 5a:0337e926fd1e924c:detailed","endTimeNanos":1646499615209000000,"dataTypeName":"com.google.activity.segment","startTimeNanos":1646498733662000000,"modifiedTimeMillis":1646501276848,"rawTimestampNanos":0},
        {"fitValue":[{"value":{"intVal":7}}],"originDataSourceId":"derived:com.google.activity.samples:com.google.android.gms:Google:Pixel 5a:0337e926fd1e924c:detailed","endTimeNanos":1646500003563000000,"dataTypeName":"com.google.activity.segment","startTimeNanos":1646499941097000000,"modifiedTimeMillis":1646501276848,"rawTimestampNanos":0},
        {"fitValue":[{"value":{"intVal":7}}],"originDataSourceId":"derived:com.google.activity.samples:com.google.android.gms:Google:Pixel 5a:0337e926fd1e924c:detailed","endTimeNanos":1646500329771000000,"dataTypeName":"com.google.activity.segment","startTimeNanos":1646500262158000000,"modifiedTimeMillis":1646501276848,"rawTimestampNanos":0},
        {"fitValue":[{"value":{"intVal":7}}],"originDataSourceId":"derived:com.google.activity.samples:com.google.android.gms:Google:Pixel 5a:0337e926fd1e924c:detailed","endTimeNanos":1646507438614000000,"dataTypeName":"com.google.activity.segment","startTimeNanos":1646507308761000000,"modifiedTimeMillis":1646509638963,"rawTimestampNanos":0},
        {"fitValue":[{"value":{"intVal":7}}],"originDataSourceId":"derived:com.google.activity.samples:com.google.android.gms:Google:Pixel 5a:0337e926fd1e924c:detailed","endTimeNanos":1646511390549000000,"dataTypeName":"com.google.activity.segment","startTimeNanos":1646511064589000000,"modifiedTimeMillis":1646512104425,"rawTimestampNanos":0},
        {"fitValue":[{"value":{"intVal":7}}],"originDataSourceId":"derived:com.google.activity.samples:com.google.android.gms:Google:Pixel 5a:0337e926fd1e924c:detailed","endTimeNanos":1646513229583000000,"dataTypeName":"com.google.activity.segment","startTimeNanos":1646513099651000000,"modifiedTimeMillis":1646516097374,"rawTimestampNanos":0},
        {"fitValue":[{"value":{"intVal":7}}],"originDataSourceId":"derived:com.google.activity.samples:com.google.android.gms:Google:Pixel 5a:0337e926fd1e924c:detailed","endTimeNanos":1646517114433000000,"dataTypeName":"com.google.activity.segment","startTimeNanos":1646517055538000000,"modifiedTimeMillis":1646520480202,"rawTimestampNanos":0},
        {"fitValue":[{"value":{"intVal":7}}],"originDataSourceId":"derived:com.google.activity.samples:com.google.android.gms:Google:Pixel 5a:0337e926fd1e924c:detailed","endTimeNanos":1646522028826000000,"dataTypeName":"com.google.activity.segment","startTimeNanos":1646521292454000000,"modifiedTimeMillis":1646528811408,"rawTimestampNanos":0},
        {"fitValue":[{"value":{"intVal":7}}],"originDataSourceId":"raw:com.google.step_count.cumulative:Google:Pixel 5a:0337e926fd1e924c:Step Counter","endTimeNanos":1646522367390000000,"dataTypeName":"com.google.activity.segment","startTimeNanos":1646522352220617919,"modifiedTimeMillis":1646528811408,"rawTimestampNanos":0},
        {"fitValue":[{"value":{"intVal":7}}],"originDataSourceId":"derived:com.google.activity.samples:com.google.android.gms:Google:Pixel 5a:0337e926fd1e924c:detailed","endTimeNanos":1646522435003000000,"dataTypeName":"com.google.activity.segment","startTimeNanos":1646522367390000000,"modifiedTimeMillis":1646528811408,"rawTimestampNanos":0},
        {"fitValue":[{"value":{"intVal":0}}],"originDataSourceId":"derived:com.google.activity.samples:com.google.android.gms:Google:Pixel 5a:0337e926fd1e924c:detailed","endTimeNanos":1646522976850000000,"dataTypeName":"com.google.activity.segment","startTimeNanos":1646522435003000000,"modifiedTimeMillis":1646528811408,"rawTimestampNanos":0},
        {"fitValue":[{"value":{"intVal":7}}],"originDataSourceId":"derived:com.google.activity.samples:com.google.android.gms:Google:Pixel 5a:0337e926fd1e924c:detailed","endTimeNanos":1646529039920000000,"dataTypeName":"com.google.activity.segment","startTimeNanos":1646528972355000000,"modifiedTimeMillis":1646532426412,"rawTimestampNanos":0},
        {"fitValue":[{"value":{"intVal":7}}],"originDataSourceId":"derived:com.google.activity.samples:com.google.android.gms:Google:Pixel 5a:0337e926fd1e924c:detailed","endTimeNanos":1646539509221000000,"dataTypeName":"com.google.activity.segment","startTimeNanos":1646539380223000000,"modifiedTimeMillis":1646540276152,"rawTimestampNanos":0},
        {"fitValue":[{"value":{"intVal":7}}],"originDataSourceId":"derived:com.google.activity.samples:com.google.android.gms:Google:Pixel 5a:0337e926fd1e924c:detailed","endTimeNanos":1646568958163000000,"dataTypeName":"com.google.activity.segment","startTimeNanos":1646568466534000000,"modifiedTimeMillis":1646569895294,"rawTimestampNanos":0},
        {"fitValue":[{"value":{"intVal":7}}],"originDataSourceId":"derived:com.google.activity.samples:com.google.android.gms:Google:Pixel 5a:0337e926fd1e924c:detailed","endTimeNanos":1646569970546000000,"dataTypeName":"com.google.activity.segment","startTimeNanos":1646569670039000000,"modifiedTimeMillis":1646573507861,"rawTimestampNanos":0},
        {"fitValue":[{"value":{"intVal":7}}],"originDataSourceId":"derived:com.google.activity.samples:com.google.android.gms:Google:Pixel 5a:0337e926fd1e924c:detailed","endTimeNanos":1646571662495000000,"dataTypeName":"com.google.activity.segment","startTimeNanos":1646571591507000000,"modifiedTimeMillis":1646573507861,"rawTimestampNanos":0},
        {"fitValue":[{"value":{"intVal":7}}],"originDataSourceId":"raw:com.google.step_count.cumulative:Google:Pixel 5a:0337e926fd1e924c:Step Counter","endTimeNanos":1646578445317000000,"dataTypeName":"com.google.activity.segment","startTimeNanos":1646578445106154484,"modifiedTimeMillis":1646581175586,"rawTimestampNanos":0},
        {"fitValue":[{"value":{"intVal":7}}],"originDataSourceId":"derived:com.google.activity.samples:com.google.android.gms:Google:Pixel 5a:0337e926fd1e924c:detailed","endTimeNanos":1646578648018000000,"dataTypeName":"com.google.activity.segment","startTimeNanos":1646578445317000000,"modifiedTimeMillis":1646581175586,"rawTimestampNanos":0},
        {"fitValue":[{"value":{"intVal":7}}],"originDataSourceId":"derived:com.google.activity.samples:com.google.android.gms:Google:Pixel 5a:0337e926fd1e924c:detailed","endTimeNanos":1646582685852000000,"dataTypeName":"com.google.activity.segment","startTimeNanos":1646582616885000000,"modifiedTimeMillis":1646589659304,"rawTimestampNanos":0},
        {"fitValue":[{"value":{"intVal":7}}],"originDataSourceId":"derived:com.google.activity.samples:com.google.android.gms:Google:Pixel 5a:0337e926fd1e924c:detailed","endTimeNanos":1646583647409000000,"dataTypeName":"com.google.activity.segment","startTimeNanos":1646583234828000000,"modifiedTimeMillis":1646589659304,"rawTimestampNanos":0},
        {"fitValue":[{"value":{"intVal":0}}],"originDataSourceId":"derived:com.google.activity.samples:com.google.android.gms:Google:Pixel 5a:0337e926fd1e924c:detailed","endTimeNanos":1646584452572000000,"dataTypeName":"com.google.activity.segment","startTimeNanos":1646583647409000000,"modifiedTimeMillis":1646589659304,"rawTimestampNanos":0},
        {"fitValue":[{"value":{"intVal":7}}],"originDataSourceId":"derived:com.google.activity.samples:com.google.android.gms:Google:Pixel 5a:0337e926fd1e924c:detailed","endTimeNanos":1646584874429000000,"dataTypeName":"com.google.activity.segment","startTimeNanos":1646584856362000000,"modifiedTimeMillis":1646589659304,"rawTimestampNanos":0},
        {"fitValue":[{"value":{"intVal":0}}],"originDataSourceId":"derived:com.google.activity.samples:com.google.android.gms:Google:Pixel 5a:0337e926fd1e924c:detailed","endTimeNanos":1646585818462000000,"dataTypeName":"com.google.activity.segment","startTimeNanos":1646584874429000000,"modifiedTimeMillis":1646589659304,"rawTimestampNanos":0},
        {"fitValue":[{"value":{"intVal":7}}],"originDataSourceId":"derived:com.google.activity.samples:com.google.android.gms:Google:Pixel 5a:0337e926fd1e924c:detailed","endTimeNanos":1646585910800000000,"dataTypeName":"com.google.activity.segment","startTimeNanos":1646585818462000000,"modifiedTimeMillis":1646589659304,"rawTimestampNanos":0},
        {"fitValue":[{"value":{"intVal":7}}],"originDataSourceId":"raw:com.google.step_count.cumulative:Google:Pixel 5a:0337e926fd1e924c:Step Counter","endTimeNanos":1646586060762033079,"dataTypeName":"com.google.activity.segment","startTimeNanos":1646585910800000000,"modifiedTimeMillis":1646589659304,"rawTimestampNanos":0},
        {"fitValue":[{"value":{"intVal":7}}],"originDataSourceId":"raw:com.google.step_count.cumulative:Google:Pixel 5a:0337e926fd1e924c:Step Counter","endTimeNanos":1646588918274000000,"dataTypeName":"com.google.activity.segment","startTimeNanos":1646588912842250182,"modifiedTimeMillis":1646589659304,"rawTimestampNanos":0},
        {"fitValue":[{"value":{"intVal":7}}],"originDataSourceId":"derived:com.google.activity.samples:com.google.android.gms:Google:Pixel 5a:0337e926fd1e924c:detailed","endTimeNanos":1646588989819000000,"dataTypeName":"com.google.activity.segment","startTimeNanos":1646588918274000000,"modifiedTimeMillis":1646589659304,"rawTimestampNanos":0},
        {"fitValue":[{"value":{"intVal":7}}],"originDataSourceId":"derived:com.google.activity.samples:com.google.android.gms:Google:Pixel 5a:0337e926fd1e924c:detailed","endTimeNanos":1646590249757000000,"dataTypeName":"com.google.activity.segment","startTimeNanos":1646590179008000000,"modifiedTimeMillis":1646594377254,"rawTimestampNanos":0},
        {"fitValue":[{"value":{"intVal":7}}],"originDataSourceId":"derived:com.google.activity.samples:com.google.android.gms:Google:Pixel 5a:0337e926fd1e924c:detailed","endTimeNanos":1646590722761000000,"dataTypeName":"com.google.activity.segment","startTimeNanos":1646590587629000000,"modifiedTimeMillis":1646594377254,"rawTimestampNanos":0},
        {"fitValue":[{"value":{"intVal":7}}],"originDataSourceId":"derived:com.google.activity.samples:com.google.android.gms:Google:Pixel 5a:0337e926fd1e924c:detailed","endTimeNanos":1646598741718000000,"dataTypeName":"com.google.activity.segment","startTimeNanos":1646598198588000000,"modifiedTimeMillis":1646600834158,"rawTimestampNanos":0},
        {"fitValue":[{"value":{"intVal":7}}],"originDataSourceId":"derived:com.google.activity.samples:com.google.android.gms:Google:Pixel 5a:0337e926fd1e924c:detailed","endTimeNanos":1646599939384000000,"dataTypeName":"com.google.activity.segment","startTimeNanos":1646599596876000000,"modifiedTimeMillis":1646600834158,"rawTimestampNanos":0},
        {"fitValue":[{"value":{"intVal":7}}],"originDataSourceId":"raw:com.google.step_count.cumulative:Google:Pixel 5a:0337e926fd1e924c:Step Counter","endTimeNanos":1646601144435000000,"dataTypeName":"com.google.activity.segment","startTimeNanos":1646601134782161741,"modifiedTimeMillis":1646604584290,"rawTimestampNanos":0},
        {"fitValue":[{"value":{"intVal":7}}],"originDataSourceId":"derived:com.google.activity.samples:com.google.android.gms:Google:Pixel 5a:0337e926fd1e924c:detailed","endTimeNanos":1646601682626000000,"dataTypeName":"com.google.activity.segment","startTimeNanos":1646601144435000000,"modifiedTimeMillis":1646604584290,"rawTimestampNanos":0},
        {"fitValue":[{"value":{"intVal":7}}],"originDataSourceId":"derived:com.google.activity.samples:com.google.android.gms:Google:Pixel 5a:0337e926fd1e924c:detailed","endTimeNanos":1646603336173000000,"dataTypeName":"com.google.activity.segment","startTimeNanos":1646603130546000000,"modifiedTimeMillis":1646604584290,"rawTimestampNanos":0},
        {"fitValue":[{"value":{"intVal":7}}],"originDataSourceId":"derived:com.google.activity.samples:com.google.android.gms:Google:Pixel 5a:0337e926fd1e924c:detailed","endTimeNanos":1646605112666000000,"dataTypeName":"com.google.activity.segment","startTimeNanos":1646604364169000000,"modifiedTimeMillis":1646609063667,"rawTimestampNanos":0},
        {"fitValue":[{"value":{"intVal":7}}],"originDataSourceId":"derived:com.google.activity.samples:com.google.android.gms:Google:Pixel 5a:0337e926fd1e924c:detailed","endTimeNanos":1646605992873000000,"dataTypeName":"com.google.activity.segment","startTimeNanos":1646605924027000000,"modifiedTimeMillis":1646609063667,"rawTimestampNanos":0},
        {"fitValue":[{"value":{"intVal":7}}],"originDataSourceId":"derived:com.google.activity.samples:com.google.android.gms:Google:Pixel 5a:0337e926fd1e924c:detailed","endTimeNanos":1646606538613000000,"dataTypeName":"com.google.activity.segment","startTimeNanos":1646606401749000000,"modifiedTimeMillis":1646609063667,"rawTimestampNanos":0},
        {"fitValue":[{"value":{"intVal":7}}],"originDataSourceId":"derived:com.google.activity.samples:com.google.android.gms:Google:Pixel 5a:0337e926fd1e924c:detailed","endTimeNanos":1646609033568000000,"dataTypeName":"com.google.activity.segment","startTimeNanos":1646608961793000000,"modifiedTimeMillis":1646609063667,"rawTimestampNanos":0},
        {"fitValue":[{"value":{"intVal":7}}],"originDataSourceId":"derived:com.google.activity.samples:com.google.android.gms:Google:Pixel 5a:0337e926fd1e924c:detailed","endTimeNanos":1646611807275000000,"dataTypeName":"com.google.activity.segment","startTimeNanos":1646609981183000000,"modifiedTimeMillis":1646612219777,"rawTimestampNanos":0},
        {"fitValue":[{"value":{"intVal":7}}],"originDataSourceId":"derived:com.google.activity.samples:com.google.android.gms:Google:Pixel 5a:0337e926fd1e924c:detailed","endTimeNanos":1646612677201000000,"dataTypeName":"com.google.activity.segment","startTimeNanos":1646612550814000000,"modifiedTimeMillis":1646615844456,"rawTimestampNanos":0}
    ]
}