{
    "Data Source": "derived:com.google.internal.goal:com.google.android.apps.fitness:com_google_activity_segment.cumulative.day",
    "Data Points": [
        {"fitValue":[{"blob":{"internalGoal":{"endTimeNanos":1417969275390000000,"dataTypeName":"com.google.activity.segment","cumulativeObjective":{"objective":{"fieldName":"duration","value":{"intVal":3600000},"operator":"GTE"}},"recurInterval":{"unit":"DAY"},"startTimeNanos":1417965593304000000}}}],"originDataSourceId":"","endTimeNanos":1417969275390000000,"dataTypeName":"com.google.internal.goal","startTimeNanos":1417965593304000000,"modifiedTimeMillis":1466855246163,"rawTimestampNanos":0}
    ]
}