{
    "Data Source": "derived:com.google.step_count.cumulative:com.google.android.gms:motorola:XT1034:a7cfcee4f370e843:soft_step_counter",
    "Data Points": [
        {"fitValue":[{"value":{"intVal":0}}],"originDataSourceId":"","endTimeNanos":1417969524753000000,"dataTypeName":"com.google.step_count.cumulative","startTimeNanos":1417969506769000000,"modifiedTimeMillis":1417969798450,"rawTimestampNanos":0},
        {"fitValue":[{"value":{"intVal":9}}],"originDataSourceId":"","endTimeNanos":1417969591753805000,"dataTypeName":"com.google.step_count.cumulative","startTimeNanos":1417969506769000000,"modifiedTimeMillis":1417969798450,"rawTimestampNanos":3201195000},
        {"fitValue":[{"value":{"intVal":10}}],"originDataSourceId":"","endTimeNanos":1417969594955000000,"dataTypeName":"com.google.step_count.cumulative","startTimeNanos":1417969506769000000,"modifiedTimeMillis":1417969798450,"rawTimestampNanos":3201195000},
        {"fitValue":[{"value":{"intVal":12}}],"originDataSourceId":"","endTimeNanos":1417970562457000000,"dataTypeName":"com.google.step_count.cumulative","startTimeNanos":1417969506769000000,"modifiedTimeMillis":1417970571784,"rawTimestampNanos":3219918000},
        {"fitValue":[{"value":{"intVal":13}}],"originDataSourceId":"","endTimeNanos":1417970568199063000,"dataTypeName":"com.google.step_count.cumulative","startTimeNanos":1417969506769000000,"modifiedTimeMillis":1417974226626,"rawTimestampNanos":3219937000},
        {"fitValue":[{"value":{"intVal":18}}],"originDataSourceId":"","endTimeNanos":1417970588648000000,"dataTypeName":"com.google.step_count.cumulative","startTimeNanos":1417969506769000000,"modifiedTimeMillis":1417974226626,"rawTimestampNanos":3219996000},
        {"fitValue":[{"value":{"intVal":94}}],"originDataSourceId":"","endTimeNanos":1417970650119860000,"dataTypeName":"com.google.step_count.cumulative","startTimeNanos":1417969506769000000,"modifiedTimeMillis":1417974226626,"rawTimestampNanos":3201140000},
        {"fitValue":[{"value":{"intVal":128}}],"originDataSourceId":"","endTimeNanos":1417970668742000000,"dataTypeName":"com.google.step_count.cumulative","startTimeNanos":1417969506769000000,"modifiedTimeMillis":1417974226626,"rawTimestampNanos":3199470000},
        {"fitValue":[{"value":{"intVal":180}}],"originDataSourceId":"","endTimeNanos":1417970724426270000,"dataTypeName":"com.google.step_count.cumulative","startTimeNanos":1417969506769000000,"modifiedTimeMillis":1417974226626,"rawTimestampNanos":3201730000},
        {"fitValue":[{"value":{"intVal":193}}],"originDataSourceId":"","endTimeNanos":1417970792037083000,"dataTypeName":"com.google.step_count.cumulative","startTimeNanos":1417969506769000000,"modifiedTimeMillis":1417974226626,"rawTimestampNanos":3199917000},
        {"fitValue":[{"value":{"intVal":222}}],"originDataSourceId":"","endTimeNanos":1417971354119497000,"dataTypeName":"com.google.step_count.cumulative","startTimeNanos":1417969506769000000,"modifiedTimeMillis":1417974226626,"rawTimestampNanos":3220657000},
        {"fitValue":[{"value":{"intVal":230}}],"originDataSourceId":"","endTimeNanos":1417971374769000000,"dataTypeName":"com.google.step_count.cumulative","startTimeNanos":1417969506769000000,"modifiedTimeMillis":1417974226626,"rawTimestampNanos":3211970000},
        {"fitValue":[{"value":{"intVal":231}}],"originDataSourceId":"","endTimeNanos":1417971465207000000,"dataTypeName":"com.google.step_count.cumulative","startTimeNanos":1417969506769000000,"modifiedTimeMillis":1417974226626,"rawTimestampNanos":3199959000},
        {"fitValue":[{"value":{"intVal":240}}],"originDataSourceId":"","endTimeNanos":1417971589133503000,"dataTypeName":"com.google.step_count.cumulative","startTimeNanos":1417969506769000000,"modifiedTimeMillis":1417974226626,"rawTimestampNanos":3211497000},
        {"fitValue":[{"value":{"intVal":241}}],"originDataSourceId":"","endTimeNanos":1417971592345000000,"dataTypeName":"com.google.step_count.cumulative","startTimeNanos":1417969506769000000,"modifiedTimeMillis":1417974226626,"rawTimestampNanos":3211497000},
        {"fitValue":[{"value":{"intVal":242}}],"originDataSourceId":"","endTimeNanos":1417972538394000000,"dataTypeName":"com.google.step_count.cumulative","startTimeNanos":1417969506769000000,"modifiedTimeMillis":1417974226626,"rawTimestampNanos":3199846000},
        {"fitValue":[{"value":{"intVal":251}}],"originDataSourceId":"","endTimeNanos":1417972842883400000,"dataTypeName":"com.google.step_count.cumulative","startTimeNanos":1417969506769000000,"modifiedTimeMillis":1417974226626,"rawTimestampNanos":3199600000},
        {"fitValue":[{"value":{"intVal":252}}],"originDataSourceId":"","endTimeNanos":1417972846083000000,"dataTypeName":"com.google.step_count.cumulative","startTimeNanos":1417969506769000000,"modifiedTimeMillis":1417974226626,"rawTimestampNanos":3199600000},
        {"fitValue":[{"value":{"intVal":254}}],"originDataSourceId":"","endTimeNanos":1417973401508915000,"dataTypeName":"com.google.step_count.cumulative","startTimeNanos":1417969506769000000,"modifiedTimeMillis":1417974226626,"rawTimestampNanos":3220010000},
        {"fitValue":[{"value":{"intVal":259}}],"originDataSourceId":"","endTimeNanos":1417973410146360000,"dataTypeName":"com.google.step_count.cumulative","startTimeNanos":1417969506769000000,"modifiedTimeMillis":1417974226626,"rawTimestampNanos":3218640000}
    ]
}