{
    "Data Source": "derived:com.google.calories.bmr:com.google.android.gms:merged",
    "Data Points": [
        {"fitValue":[{"value":{"fpVal":1920.61572265625}}],"originDataSourceId":"derived:com.google.calories.bmr:com.google.android.gms:from_height&weight","endTimeNanos":1619362321289000000,"dataTypeName":"com.google.calories.bmr","startTimeNanos":1619362321289000000,"modifiedTimeMillis":1619362453955,"rawTimestampNanos":0},
        {"fitValue":[{"value":{"fpVal":1935.1306887145329}}],"originDataSourceId":"derived:com.google.calories.bmr:com.google.android.gms:from_height&weight","endTimeNanos":1666793224187000000,"dataTypeName":"com.google.calories.bmr","startTimeNanos":1666793224187000000,"modifiedTimeMillis":1666793263662,"rawTimestampNanos":0},
        {"fitValue":[{"value":{"fpVal":1951.0034061670303}}],"originDataSourceId":"derived:com.google.calories.bmr:com.google.android.gms:from_height&weight","endTimeNanos":1666793229707000000,"dataTypeName":"com.google.calories.bmr","startTimeNanos":1666793229707000000,"modifiedTimeMillis":1666793263662,"rawTimestampNanos":0},
        {"fitValue":[{"value":{"fpVal":1916.0749698877335}}],"originDataSourceId":"derived:com.google.calories.bmr:com.google.android.gms:from_height&weight","endTimeNanos":1677522000000000000,"dataTypeName":"com.google.calories.bmr","startTimeNanos":1677522000000000000,"modifiedTimeMillis":1679090256232,"rawTimestampNanos":0},
        {"fitValue":[{"value":{"fpVal":1907.454974770546}}],"originDataSourceId":"derived:com.google.calories.bmr:com.google.android.gms:from_height&weight","endTimeNanos":1677608400000000000,"dataTypeName":"com.google.calories.bmr","startTimeNanos":1677608400000000000,"modifiedTimeMillis":1679090256232,"rawTimestampNanos":0},
        {"fitValue":[{"value":{"fpVal":1899.745013833046}}],"originDataSourceId":"derived:com.google.calories.bmr:com.google.android.gms:from_height&weight","endTimeNanos":1677694740000000000,"dataTypeName":"com.google.calories.bmr","startTimeNanos":1677694740000000000,"modifiedTimeMillis":1679090256232,"rawTimestampNanos":0},
        {"fitValue":[{"value":{"fpVal":1892.485034584999}}],"originDataSourceId":"derived:com.google.calories.bmr:com.google.android.gms:from_height&weight","endTimeNanos":1677781140000000000,"dataTypeName":"com.google.calories.bmr","startTimeNanos":1677781140000000000,"modifiedTimeMillis":1679090256232,"rawTimestampNanos":0},
        {"fitValue":[{"value":{"fpVal":1892.485034584999}}],"originDataSourceId":"derived:com.google.calories.bmr:com.google.android.gms:from_height&weight","endTimeNanos":1677867480000000000,"dataTypeName":"com.google.calories.bmr","startTimeNanos":1677867480000000000,"modifiedTimeMillis":1679090256232,"rawTimestampNanos":0},
        {"fitValue":[{"value":{"fpVal":1895.664966225624}}],"originDataSourceId":"derived:com.google.calories.bmr:com.google.android.gms:from_height&weight","endTimeNanos":1677953880000000000,"dataTypeName":"com.google.calories.bmr","startTimeNanos":1677953880000000000,"modifiedTimeMillis":1679090256232,"rawTimestampNanos":0},
        {"fitValue":[{"value":{"fpVal":1901.5550113916397}}],"originDataSourceId":"derived:com.google.calories.bmr:com.google.android.gms:from_height&weight","endTimeNanos":1678040316000000000,"dataTypeName":"com.google.calories.bmr","startTimeNanos":1678040316000000000,"modifiedTimeMillis":1679090256232,"rawTimestampNanos":0},
        {"fitValue":[{"value":{"fpVal":1898.3869816064835}}],"originDataSourceId":"derived:com.google.calories.bmr:com.google.android.gms:from_height&weight","endTimeNanos":1678101254036000000,"dataTypeName":"com.google.calories.bmr","startTimeNanos":1678101254036000000,"modifiedTimeMillis":1679090256232,"rawTimestampNanos":0},
        {"fitValue":[{"value":{"fpVal":1895.664966225624}}],"originDataSourceId":"derived:com.google.calories.bmr:com.google.android.gms:from_height&weight","endTimeNanos":1678281004494000000,"dataTypeName":"com.google.calories.bmr","startTimeNanos":1678281004494000000,"modifiedTimeMillis":1679090256232,"rawTimestampNanos":0},
        {"fitValue":[{"value":{"fpVal":1891.5828586816788}}],"originDataSourceId":"derived:com.google.calories.bmr:com.google.android.gms:from_height&weight","endTimeNanos":1679087214460000000,"dataTypeName":"com.google.calories.bmr","startTimeNanos":1679087214460000000,"modifiedTimeMillis":1679087238866,"rawTimestampNanos":0},
        {"fitValue":[{"value":{"fpVal":1900.6549717187881}}],"originDataSourceId":"derived:com.google.calories.bmr:com.google.android.gms:from_height&weight","endTimeNanos":1679139411529000000,"dataTypeName":"com.google.calories.bmr","startTimeNanos":1679139411529000000,"modifiedTimeMillis":1679139465083,"rawTimestampNanos":0}
    ]
}