{
    "Data Source": "derived:com.google.activity.segment:com.google.android.gms:motorola:moto g(7):bddb9923577fa5ee:from_activity_samples\u003c-derived:com.google.activity.samples:com.google.android.gms:motorola:moto g(7):bddb9923577fa5ee:detailed",
    "Data Points": [
        {"fitValue":[{"value":{"intVal":7}}],"originDataSourceId":"derived:com.google.activity.samples:com.google.android.gms:motorola:moto g(7):bddb9923577fa5ee:detailed","endTimeNanos":1619365594395000000,"dataTypeName":"com.google.activity.segment","startTimeNanos":1619365556957000000,"modifiedTimeMillis":1619365934008,"rawTimestampNanos":0}
    ]
}