{
    "Data Source": "derived:com.google.step_count.delta:com.google.android.gms:derive_step_deltas\u003c-derived:com.google.step_count.cumulative:com.google.android.gms:motorola:XT1034:a7cfcee4f370e843:soft_step_counter",
    "Data Points": [
        {"fitValue":[{"value":{"intVal":9}}],"originDataSourceId":"derived:com.google.step_count.cumulative:com.google.android.gms:motorola:XT1034:a7cfcee4f370e843:soft_step_counter","endTimeNanos":1417969591753805000,"dataTypeName":"com.google.step_count.delta","startTimeNanos":1417969531753805000,"modifiedTimeMillis":1417970380958,"rawTimestampNanos":0},
        {"fitValue":[{"value":{"intVal":1}}],"originDataSourceId":"derived:com.google.step_count.cumulative:com.google.android.gms:motorola:XT1034:a7cfcee4f370e843:soft_step_counter","endTimeNanos":1417969594955000000,"dataTypeName":"com.google.step_count.delta","startTimeNanos":1417969591753805000,"modifiedTimeMillis":1417970380958,"rawTimestampNanos":0},
        {"fitValue":[{"value":{"intVal":2}}],"originDataSourceId":"derived:com.google.step_count.cumulative:com.google.android.gms:motorola:XT1034:a7cfcee4f370e843:soft_step_counter","endTimeNanos":1417970562457000000,"dataTypeName":"com.google.step_count.delta","startTimeNanos":1417970502457000000,"modifiedTimeMillis":1417971450635,"rawTimestampNanos":0},
        {"fitValue":[{"value":{"intVal":6}}],"originDataSourceId":"derived:com.google.step_count.cumulative:com.google.android.gms:motorola:XT1034:a7cfcee4f370e843:soft_step_counter","endTimeNanos":1417970588648000000,"dataTypeName":"com.google.step_count.delta","startTimeNanos":1417970562457000000,"modifiedTimeMillis":1417975025987,"rawTimestampNanos":0},
        {"fitValue":[{"value":{"intVal":76}}],"originDataSourceId":"derived:com.google.step_count.cumulative:com.google.android.gms:motorola:XT1034:a7cfcee4f370e843:soft_step_counter","endTimeNanos":1417970650119860000,"dataTypeName":"com.google.step_count.delta","startTimeNanos":1417970588648000000,"modifiedTimeMillis":1417975025987,"rawTimestampNanos":0},
        {"fitValue":[{"value":{"intVal":34}}],"originDataSourceId":"derived:com.google.step_count.cumulative:com.google.android.gms:motorola:XT1034:a7cfcee4f370e843:soft_step_counter","endTimeNanos":1417970668742000000,"dataTypeName":"com.google.step_count.delta","startTimeNanos":1417970650119860000,"modifiedTimeMillis":1417975025987,"rawTimestampNanos":0},
        {"fitValue":[{"value":{"intVal":52}}],"originDataSourceId":"derived:com.google.step_count.cumulative:com.google.android.gms:motorola:XT1034:a7cfcee4f370e843:soft_step_counter","endTimeNanos":1417970724426270000,"dataTypeName":"com.google.step_count.delta","startTimeNanos":1417970668742000000,"modifiedTimeMillis":1417975025987,"rawTimestampNanos":0},
        {"fitValue":[{"value":{"intVal":13}}],"originDataSourceId":"derived:com.google.step_count.cumulative:com.google.android.gms:motorola:XT1034:a7cfcee4f370e843:soft_step_counter","endTimeNanos":1417970792037083000,"dataTypeName":"com.google.step_count.delta","startTimeNanos":1417970732037083000,"modifiedTimeMillis":1417975025987,"rawTimestampNanos":0},
        {"fitValue":[{"value":{"intVal":29}}],"originDataSourceId":"derived:com.google.step_count.cumulative:com.google.android.gms:motorola:XT1034:a7cfcee4f370e843:soft_step_counter","endTimeNanos":1417971354119497000,"dataTypeName":"com.google.step_count.delta","startTimeNanos":1417971294119497000,"modifiedTimeMillis":1417975025987,"rawTimestampNanos":0},
        {"fitValue":[{"value":{"intVal":8}}],"originDataSourceId":"derived:com.google.step_count.cumulative:com.google.android.gms:motorola:XT1034:a7cfcee4f370e843:soft_step_counter","endTimeNanos":1417971374769000000,"dataTypeName":"com.google.step_count.delta","startTimeNanos":1417971354119497000,"modifiedTimeMillis":1417975025987,"rawTimestampNanos":0},
        {"fitValue":[{"value":{"intVal":1}}],"originDataSourceId":"derived:com.google.step_count.cumulative:com.google.android.gms:motorola:XT1034:a7cfcee4f370e843:soft_step_counter","endTimeNanos":1417971465207000000,"dataTypeName":"com.google.step_count.delta","startTimeNanos":1417971405207000000,"modifiedTimeMillis":1417975025987,"rawTimestampNanos":0},
        {"fitValue":[{"value":{"intVal":9}}],"originDataSourceId":"derived:com.google.step_count.cumulative:com.google.android.gms:motorola:XT1034:a7cfcee4f370e843:soft_step_counter","endTimeNanos":1417971589133503000,"dataTypeName":"com.google.step_count.delta","startTimeNanos":1417971529133503000,"modifiedTimeMillis":1417975025987,"rawTimestampNanos":0},
        {"fitValue":[{"value":{"intVal":1}}],"originDataSourceId":"derived:com.google.step_count.cumulative:com.google.android.gms:motorola:XT1034:a7cfcee4f370e843:soft_step_counter","endTimeNanos":1417971592345000000,"dataTypeName":"com.google.step_count.delta","startTimeNanos":1417971589133503000,"modifiedTimeMillis":1417975025987,"rawTimestampNanos":0},
        {"fitValue":[{"value":{"intVal":1}}],"originDataSourceId":"derived:com.google.step_count.cumulative:com.google.android.gms:motorola:XT1034:a7cfcee4f370e843:soft_step_counter","endTimeNanos":1417972538394000000,"dataTypeName":"com.google.step_count.delta","startTimeNanos":1417972478394000000,"modifiedTimeMillis":1417975025987,"rawTimestampNanos":0},
        {"fitValue":[{"value":{"intVal":9}}],"originDataSourceId":"derived:com.google.step_count.cumulative:com.google.android.gms:motorola:XT1034:a7cfcee4f370e843:soft_step_counter","endTimeNanos":1417972842883400000,"dataTypeName":"com.google.step_count.delta","startTimeNanos":1417972782883400000,"modifiedTimeMillis":1417975025987,"rawTimestampNanos":0},
        {"fitValue":[{"value":{"intVal":1}}],"originDataSourceId":"derived:com.google.step_count.cumulative:com.google.android.gms:motorola:XT1034:a7cfcee4f370e843:soft_step_counter","endTimeNanos":1417972846083000000,"dataTypeName":"com.google.step_count.delta","startTimeNanos":1417972842883400000,"modifiedTimeMillis":1417975025987,"rawTimestampNanos":0},
        {"fitValue":[{"value":{"intVal":2}}],"originDataSourceId":"derived:com.google.step_count.cumulative:com.google.android.gms:motorola:XT1034:a7cfcee4f370e843:soft_step_counter","endTimeNanos":1417973401508915000,"dataTypeName":"com.google.step_count.delta","startTimeNanos":1417973341508915000,"modifiedTimeMillis":1417975025987,"rawTimestampNanos":0},
        {"fitValue":[{"value":{"intVal":5}}],"originDataSourceId":"derived:com.google.step_count.cumulative:com.google.android.gms:motorola:XT1034:a7cfcee4f370e843:soft_step_counter","endTimeNanos":1417973410146360000,"dataTypeName":"com.google.step_count.delta","startTimeNanos":1417973401508915000,"modifiedTimeMillis":1417975025987,"rawTimestampNanos":0}
    ]
}