{
    "Data Source": "raw:com.google.weight:com.google.android.apps.fitness:user_input",
    "Data Points": [
        {"fitValue":[{"value":{"fpVal":96.61616619794974}}],"originDataSourceId":"","endTimeNanos":1417969258443000000,"dataTypeName":"com.google.weight","startTimeNanos":1417969258443000000,"modifiedTimeMillis":1417969259204,"rawTimestampNanos":0},
        {"fitValue":[{"value":{"fpVal":96.61616619794974}}],"originDataSourceId":"","endTimeNanos":1417969307560000000,"dataTypeName":"com.google.weight","startTimeNanos":1417969307560000000,"modifiedTimeMillis":1417969308276,"rawTimestampNanos":0},
        {"fitValue":[{"value":{"fpVal":96.61616619794974}}],"originDataSourceId":"","endTimeNanos":1417969323769000000,"dataTypeName":"com.google.weight","startTimeNanos":1417969323769000000,"modifiedTimeMillis":1417969324489,"rawTimestampNanos":0},
        {"fitValue":[{"value":{"fpVal":100.56134796142578}}],"originDataSourceId":"","endTimeNanos":1619362321289000000,"dataTypeName":"com.google.weight","startTimeNanos":1619362321289000000,"modifiedTimeMillis":1619362448880,"rawTimestampNanos":0},
        {"fitValue":[{"value":{"fpVal":102.0128402709961}}],"originDataSourceId":"","endTimeNanos":1666793224187000000,"dataTypeName":"com.google.weight","startTimeNanos":1666793224187000000,"modifiedTimeMillis":1666793258389,"rawTimestampNanos":0},
        {"fitValue":[{"value":{"fpVal":96.07078552246094}}],"originDataSourceId":"","endTimeNanos":1679087214460000000,"dataTypeName":"com.google.weight","startTimeNanos":1679087214460000000,"modifiedTimeMillis":1679087233621,"rawTimestampNanos":0}
    ]
}