{
    "Data Source": "raw:com.google.activity.segment:com.google.android.apps.fitness:user_input",
    "Data Points": [
        {"fitValue":[{"value":{"intVal":7}}],"originDataSourceId":"","endTimeNanos":1417797540000000000,"dataTypeName":"com.google.activity.segment","startTimeNanos":1417795440000000000,"modifiedTimeMillis":1417972956036,"rawTimestampNanos":0},
        {"fitValue":[{"value":{"intVal":7}}],"originDataSourceId":"","endTimeNanos":1417876740000000000,"dataTypeName":"com.google.activity.segment","startTimeNanos":1417874640000000000,"modifiedTimeMillis":1417972896211,"rawTimestampNanos":0},
        {"fitValue":[{"value":{"intVal":7}}],"originDataSourceId":"","endTimeNanos":1417965120000000000,"dataTypeName":"com.google.activity.segment","startTimeNanos":1417962480000000000,"modifiedTimeMillis":1417969385255,"rawTimestampNanos":0}
    ]
}