{
    "Data Source": "raw:com.google.location.sample:com.fitnesskeeper.runkeeper.pro:",
    "Data Points": [
        {"fitValue":[{"value":{"fpVal":41.494171142578125}},{"value":{"fpVal":-71.42288970947266}},{"value":{"fpVal":6}},{"value":{"fpVal":1}}],"originDataSourceId":"","endTimeNanos":1418057593950000000,"dataTypeName":"com.google.location.sample","startTimeNanos":1418057593950000000,"modifiedTimeMillis":1418079670766,"rawTimestampNanos":0},
        {"fitValue":[{"value":{"fpVal":41.49425506591797}},{"value":{"fpVal":-71.42284393310547}},{"value":{"fpVal":4}},{"value":{"fpVal":5}}],"originDataSourceId":"","endTimeNanos":1418057598922000000,"dataTypeName":"com.google.location.sample","startTimeNanos":1418057598922000000,"modifiedTimeMillis":1418079670766,"rawTimestampNanos":0},
        {"fitValue":[{"value":{"fpVal":41.49433135986328}},{"value":{"fpVal":-71.42276763916016}},{"value":{"fpVal":4}},{"value":{"fpVal":-2}}],"originDataSourceId":"","endTimeNanos":1418057604913000000,"dataTypeName":"com.google.location.sample","startTimeNanos":1418057604913000000,"modifiedTimeMillis":1418079670766,"rawTimestampNanos":0},
        {"fitValue":[{"value":{"fpVal":41.49443435668945}},{"value":{"fpVal":-71.42273712158203}},{"value":{"fpVal":4}},{"value":{"fpVal":-2}}],"originDataSourceId":"","endTimeNanos":1418057609916000000,"dataTypeName":"com.google.location.sample","startTimeNanos":1418057609916000000,"modifiedTimeMillis":1418079670766,"rawTimestampNanos":0},
        {"fitValue":[{"value":{"fpVal":41.4945182800293}},{"value":{"fpVal":-71.42267608642578}},{"value":{"fpVal":3}},{"value":{"fpVal":-8}}],"originDataSourceId":"","endTimeNanos":1418057614907000000,"dataTypeName":"com.google.location.sample","startTimeNanos":1418057614907000000,"modifiedTimeMillis":1418079670766,"rawTimestampNanos":0}
    ]
}