{
    "Data Source": "raw:com.google.calories.expended:fitapp.fittofit:Walk - calories",
    "Data Points": [
        {"fitValue":[{"value":{"fpVal":192}}],"originDataSourceId":"","endTimeNanos":1645971251000000000,"dataTypeName":"com.google.calories.expended","startTimeNanos":1645969868000000000,"modifiedTimeMillis":1646439999051,"rawTimestampNanos":0},
        {"fitValue":[{"value":{"fpVal":322}}],"originDataSourceId":"","endTimeNanos":1646050368000000000,"dataTypeName":"com.google.calories.expended","startTimeNanos":1646048325000000000,"modifiedTimeMillis":1646439999821,"rawTimestampNanos":0},
        {"fitValue":[{"value":{"fpVal":284}}],"originDataSourceId":"","endTimeNanos":1646223990000000000,"dataTypeName":"com.google.calories.expended","startTimeNanos":1646222107000000000,"modifiedTimeMillis":1646440001320,"rawTimestampNanos":0},
        {"fitValue":[{"value":{"fpVal":157}}],"originDataSourceId":"","endTimeNanos":1646395458000000000,"dataTypeName":"com.google.calories.expended","startTimeNanos":1646394432000000000,"modifiedTimeMillis":1646440002900,"rawTimestampNanos":0}
    ]
}