{
    "Data Source": "raw:com.google.height:com.google.android.apps.fitness:user_input",
    "Data Points": [
        {"fitValue":[{"value":{"fpVal":1.8288036576073152}}],"originDataSourceId":"","endTimeNanos":1417969252711000000,"dataTypeName":"com.google.height","startTimeNanos":1417969252711000000,"modifiedTimeMillis":1417969253420,"rawTimestampNanos":0},
        {"fitValue":[{"value":{"fpVal":1.8288036576073152}}],"originDataSourceId":"","endTimeNanos":1417969254904000000,"dataTypeName":"com.google.height","startTimeNanos":1417969254904000000,"modifiedTimeMillis":1417969255624,"rawTimestampNanos":0},
        {"fitValue":[{"value":{"fpVal":1.8288036576073152}}],"originDataSourceId":"","endTimeNanos":1417969258313000000,"dataTypeName":"com.google.height","startTimeNanos":1417969258313000000,"modifiedTimeMillis":1417969259026,"rawTimestampNanos":0},
        {"fitValue":[{"value":{"fpVal":1.8288036576073152}}],"originDataSourceId":"","endTimeNanos":1417969304759000000,"dataTypeName":"com.google.height","startTimeNanos":1417969304759000000,"modifiedTimeMillis":1417969305484,"rawTimestampNanos":0},
        {"fitValue":[{"value":{"fpVal":1.8288036576073152}}],"originDataSourceId":"","endTimeNanos":1417969306225000000,"dataTypeName":"com.google.height","startTimeNanos":1417969306225000000,"modifiedTimeMillis":1417969306930,"rawTimestampNanos":0},
        {"fitValue":[{"value":{"fpVal":1.8288036576073152}}],"originDataSourceId":"","endTimeNanos":1417969307560000000,"dataTypeName":"com.google.height","startTimeNanos":1417969307560000000,"modifiedTimeMillis":1417969308280,"rawTimestampNanos":0},
        {"fitValue":[{"value":{"fpVal":1.8288036576073152}}],"originDataSourceId":"","endTimeNanos":1417969320252000000,"dataTypeName":"com.google.height","startTimeNanos":1417969320252000000,"modifiedTimeMillis":1417969320952,"rawTimestampNanos":0},
        {"fitValue":[{"value":{"fpVal":1.8288036576073152}}],"originDataSourceId":"","endTimeNanos":1417969321359000000,"dataTypeName":"com.google.height","startTimeNanos":1417969321359000000,"modifiedTimeMillis":1417969322072,"rawTimestampNanos":0},
        {"fitValue":[{"value":{"fpVal":1.8288036576073152}}],"originDataSourceId":"","endTimeNanos":1417969323769000000,"dataTypeName":"com.google.height","startTimeNanos":1417969323769000000,"modifiedTimeMillis":1417969324497,"rawTimestampNanos":0},
        {"fitValue":[{"value":{"fpVal":1.854200005531311}}],"originDataSourceId":"","endTimeNanos":1666793229707000000,"dataTypeName":"com.google.height","startTimeNanos":1666793229707000000,"modifiedTimeMillis":1666793258388,"rawTimestampNanos":0}
    ]
}