{
    "Data Source": "raw:com.google.blood_pressure:com.withings.wiscale2:health_platform",
    "Data Points": [
        {"fitValue":[{"value":{"fpVal":108}},{"value":{"fpVal":78}},{"value":{}},{"value":{}}],"originDataSourceId":"","endTimeNanos":1677673901000000000,"dataTypeName":"com.google.blood_pressure","startTimeNanos":1677673901000000000,"modifiedTimeMillis":1679090251907,"rawTimestampNanos":0},
        {"fitValue":[{"value":{"fpVal":113}},{"value":{"fpVal":77}},{"value":{}},{"value":{}}],"originDataSourceId":"","endTimeNanos":1677845784000000000,"dataTypeName":"com.google.blood_pressure","startTimeNanos":1677845784000000000,"modifiedTimeMillis":1679090251907,"rawTimestampNanos":0},
        {"fitValue":[{"value":{"fpVal":128}},{"value":{"fpVal":73}},{"value":{}},{"value":{}}],"originDataSourceId":"","endTimeNanos":1678277931000000000,"dataTypeName":"com.google.blood_pressure","startTimeNanos":1678277931000000000,"modifiedTimeMillis":1679090252318,"rawTimestampNanos":0},
        {"fitValue":[{"value":{"fpVal":108}},{"value":{"fpVal":78}},{"value":{}},{"value":{}}],"originDataSourceId":"","endTimeNanos":1678707189000000000,"dataTypeName":"com.google.blood_pressure","startTimeNanos":1678707189000000000,"modifiedTimeMillis":1679090252723,"rawTimestampNanos":0}
    ]
}