{
    "Data Source": "raw:com.google.activity.segment:fitapp.fittofit:Walk - activity segments",
    "Data Points": [
        {"fitValue":[{"value":{"intVal":7}}],"originDataSourceId":"","endTimeNanos":1645971251000000000,"dataTypeName":"com.google.activity.segment","startTimeNanos":1645969868000000000,"modifiedTimeMillis":1646439999023,"rawTimestampNanos":0},
        {"fitValue":[{"value":{"intVal":7}}],"originDataSourceId":"","endTimeNanos":1646050368000000000,"dataTypeName":"com.google.activity.segment","startTimeNanos":1646048325000000000,"modifiedTimeMillis":1646439999797,"rawTimestampNanos":0},
        {"fitValue":[{"value":{"intVal":7}}],"originDataSourceId":"","endTimeNanos":1646223990000000000,"dataTypeName":"com.google.activity.segment","startTimeNanos":1646222107000000000,"modifiedTimeMillis":1646440001319,"rawTimestampNanos":0},
        {"fitValue":[{"value":{"intVal":7}}],"originDataSourceId":"","endTimeNanos":1646395458000000000,"dataTypeName":"com.google.activity.segment","startTimeNanos":1646394432000000000,"modifiedTimeMillis":1646440002900,"rawTimestampNanos":0}
    ]
}