{
    "Data Source": "raw:com.google.weight:com.withings.wiscale2:health_platform",
    "Data Points": [
        {"fitValue":[{"value":{"fpVal":98.5199966430664}}],"originDataSourceId":"","endTimeNanos":1677522000000000000,"dataTypeName":"com.google.weight","startTimeNanos":1677522000000000000,"modifiedTimeMillis":1679090251433,"rawTimestampNanos":0},
        {"fitValue":[{"value":{"fpVal":97.65799713134766}}],"originDataSourceId":"","endTimeNanos":1677608400000000000,"dataTypeName":"com.google.weight","startTimeNanos":1677608400000000000,"modifiedTimeMillis":1679090251907,"rawTimestampNanos":0},
        {"fitValue":[{"value":{"fpVal":96.88700103759766}}],"originDataSourceId":"","endTimeNanos":1677694740000000000,"dataTypeName":"com.google.weight","startTimeNanos":1677694740000000000,"modifiedTimeMillis":1679090251907,"rawTimestampNanos":0},
        {"fitValue":[{"value":{"fpVal":96.16100311279297}}],"originDataSourceId":"","endTimeNanos":1677781140000000000,"dataTypeName":"com.google.weight","startTimeNanos":1677781140000000000,"modifiedTimeMillis":1679090251907,"rawTimestampNanos":0},
        {"fitValue":[{"value":{"fpVal":96.16100311279297}}],"originDataSourceId":"","endTimeNanos":1677867480000000000,"dataTypeName":"com.google.weight","startTimeNanos":1677867480000000000,"modifiedTimeMillis":1679090251907,"rawTimestampNanos":0},
        {"fitValue":[{"value":{"fpVal":96.47899627685547}}],"originDataSourceId":"","endTimeNanos":1677953880000000000,"dataTypeName":"com.google.weight","startTimeNanos":1677953880000000000,"modifiedTimeMillis":1679090251907,"rawTimestampNanos":0},
        {"fitValue":[{"value":{"fpVal":97.06800079345703}}],"originDataSourceId":"","endTimeNanos":1678040316000000000,"dataTypeName":"com.google.weight","startTimeNanos":1678040316000000000,"modifiedTimeMillis":1679090251907,"rawTimestampNanos":0},
        {"fitValue":[{"value":{"fpVal":96.7511978149414}}],"originDataSourceId":"","endTimeNanos":1678101254036000000,"dataTypeName":"com.google.weight","startTimeNanos":1678101254036000000,"modifiedTimeMillis":1679090252318,"rawTimestampNanos":0},
        {"fitValue":[{"value":{"fpVal":96.47899627685547}}],"originDataSourceId":"","endTimeNanos":1678281004494000000,"dataTypeName":"com.google.weight","startTimeNanos":1678281004494000000,"modifiedTimeMillis":1679090252318,"rawTimestampNanos":0},
        {"fitValue":[{"value":{"fpVal":96.97799682617188}}],"originDataSourceId":"","endTimeNanos":1679139411529000000,"dataTypeName":"com.google.weight","startTimeNanos":1679139411529000000,"modifiedTimeMillis":1679139459832,"rawTimestampNanos":0}
    ]
}